route_file,methods,uri,controller@action,middleware,route_level_auth,controller_level_tier_(heuristic),referenced_by_lms_k12_(heuristic)
adminapi.php,POST,/admin_login,adminapiController@admin_login,,N,"B-jwt-valid,client-tenant",N
adminapi.php,POST,/admin_check_otp,adminapiController@admin_check_otp,,N,"B-jwt-valid,client-tenant",N
adminapi.php,POST,/get_Syear,adminapiController@get_Syear,,N,"B-jwt-valid,client-tenant",N
adminapi.php,POST,/get_adminAcademicSection,adminapiController@get_adminAcademicSection,,N,"B-jwt-valid,client-tenant",Y
adminapi.php,POST,/get_adminStandard,adminapiController@get_adminStandard,,N,"B-jwt-valid,client-tenant",Y
adminapi.php,POST,/get_adminDivision,adminapiController@get_adminDivision,,N,"B-jwt-valid,client-tenant",Y
adminapi.php,POST,/get_adminSubject,adminapiController@get_adminSubject,,N,"B-jwt-valid,client-tenant",Y
adminapi.php,POST,/get_adminStudentList,adminapiController@get_adminStudentList,,N,"B-jwt-valid,client-tenant",Y
adminapi.php,POST,/get_adminTeacherList,adminapiController@get_adminTeacherList,,N,"B-jwt-valid,client-tenant",N
adminapi.php,POST,/get_adminLeaveApplicationListAPI,adminapiController@get_adminLeaveApplicationListAPI,,N,"B-jwt-valid,client-tenant",N
adminapi.php,POST,/add_adminLeaveApplicationSaveAPI,adminapiController@add_adminLeaveApplicationSaveAPI,,N,"B-jwt-valid,client-tenant",N
adminapi.php,POST,/get_adminParentCommunicationListAPI,adminapiController@get_adminParentCommunicationListAPI,,N,"B-jwt-valid,client-tenant",N
adminapi.php,POST,/add_adminParentCommunicationSaveAPI,adminapiController@add_adminParentCommunicationSaveAPI,,N,"B-jwt-valid,client-tenant",N
adminapi.php,POST,/get_adminPhotoVideoAPI,adminapiController@get_adminPhotoVideoAPI,,N,"B-jwt-valid,client-tenant",N
adminapi.php,POST,/add_adminPhotoVideoAPI,adminapiController@add_adminPhotoVideoAPI,,N,"B-jwt-valid,client-tenant",N
adminapi.php,POST,/get_adminPTMBookingTodaysListAPI,adminapiController@get_adminPTMBookingTodaysListAPI,,N,"B-jwt-valid,client-tenant",N
adminapi.php,POST,/get_adminVisitorListAPI,adminapiController@get_adminVisitorListAPI,,N,"B-jwt-valid,client-tenant",N
adminapi.php,POST,/get_adminTodaysProxyListAPI,adminapiController@get_adminTodaysProxyListAPI,,N,"B-jwt-valid,client-tenant",N
adminapi.php,POST,/add_adminSendSmsAPI,adminapiController@add_adminSendSmsAPI,,N,"B-jwt-valid,client-tenant",N
adminapi.php,POST,/add_adminSendEmailAPI,adminapiController@add_adminSendEmailAPI,,N,"B-jwt-valid,client-tenant",N
adminapi.php,POST,/get_attendanceGraphAPI,adminapiController@get_attendanceGraphAPI,,N,"B-jwt-valid,client-tenant",N
adminapi.php,POST,/get_feesGraphAPI,adminapiController@get_feesGraphAPI,,N,"B-jwt-valid,client-tenant",N
adminapi.php,POST,/get_taskAPI,adminapiController@get_taskAPI,,N,"B-jwt-valid,client-tenant",N
adminapi.php,POST,/add_taskAPI,adminapiController@add_taskAPI,,N,"B-jwt-valid,client-tenant",N
adminapi.php,POST,/get_complaintAPI,adminapiController@get_complaintAPI,,N,"B-jwt-valid,client-tenant",N
adminapi.php,POST,/add_complaintAPI,adminapiController@add_complaintAPI,,N,"B-jwt-valid,client-tenant",N
adminapi.php,POST,/get_adminAllRequisitionAPI,adminapiController@get_adminAllRequisitionAPI,,N,"B-jwt-valid,client-tenant",N
adminapi.php,POST,/get_adminRequisitionByListAPI,adminapiController@get_adminRequisitionByListAPI,,N,"B-jwt-valid,client-tenant",N
adminapi.php,POST,/get_adminItemListAPI,adminapiController@get_adminItemListAPI,,N,"B-jwt-valid,client-tenant",N
adminapi.php,POST,/add_adminRequisitionAPI,adminapiController@add_adminRequisitionAPI,,N,"B-jwt-valid,client-tenant",N
adminapi.php,POST,/get_RequisitionStatusAPI,adminapiController@get_RequisitionStatusAPI,,N,"B-jwt-valid,client-tenant",N
adminapi.php,POST,/adminApprovedRequisitionAPI,adminapiController@adminApprovedRequisitionAPI,,N,"B-jwt-valid,client-tenant",N
adminapi.php,POST,/add_adminCircularAPI,adminapiController@add_adminCircularAPI,,N,"B-jwt-valid,client-tenant",N
adminapi.php,POST,/get_adminCircularAPI,adminapiController@get_adminCircularAPI,,N,"B-jwt-valid,client-tenant",N
adminapi.php,POST,/add_SendNotificationAPI,adminapiController@add_SendNotificationAPI,,N,"B-jwt-valid,client-tenant",N
adminapi.php,POST,/get_wrtreportAPI,adminapiController@get_wrtreportAPI,,N,"B-jwt-valid,client-tenant",N
adminapi.php,POST,/add_studentCapturePhotosAPI,adminapiController@add_studentCapturePhotosAPI,,N,"B-jwt-valid,client-tenant",N
adminapi.php,POST,/add_studentCaptureAttendanceAPI,adminapiController@add_studentCaptureAttendanceAPI,,N,"B-jwt-valid,client-tenant",N
adminapi.php,POST,/get_attendanceDataAPI,adminapiController@get_attendanceDataAPI,,N,"B-jwt-valid,client-tenant",N
adminapi.php,POST,/get_studentCapturePhotosAPI,adminapiController@get_studentCapturePhotosAPI,,N,"B-jwt-valid,client-tenant",N
adminapi.php,POST,/get_adminStudentSearch,StudentSearchApiController@search,,N,"B-jwt-valid,client-tenant",Y
adminapi.php,PUT,/get_adminStudentSearch/{studentId},StudentSearchApiController@update,,N,"B-jwt-valid,client-tenant",Y
adminapi.php,GET,/bulk-students/metadata,BulkStudentApiController@metadata,,N,"B-jwt-valid,client-tenant",N
adminapi.php,POST,/bulk-students/search,BulkStudentApiController@search,,N,"B-jwt-valid,client-tenant",N
adminapi.php,PUT,/bulk-students,BulkStudentApiController@update,,N,"B-jwt-valid,client-tenant",N
adminapi.php,GET,/student-infirmary,StudentInfirmaryApiController@index,,N,"B-jwt-valid,client-tenant",N
adminapi.php,GET,/student-infirmary/students,StudentInfirmaryApiController@students,,N,"B-jwt-valid,client-tenant",N
adminapi.php,POST,/student-infirmary,StudentInfirmaryApiController@store,,N,"B-jwt-valid,client-tenant",N
adminapi.php,PUT,/student-infirmary/{id},StudentInfirmaryApiController@update,,N,"B-jwt-valid,client-tenant",N
adminapi.php,DELETE,/student-infirmary/{id},StudentInfirmaryApiController@destroy,,N,"B-jwt-valid,client-tenant",N
adminapi.php,GET,/student-care/{module},StudentCareApiController@index,,N,"B-jwt-valid,client-tenant",N
adminapi.php,POST,/student-care/{module},StudentCareApiController@store,,N,"B-jwt-valid,client-tenant",N
adminapi.php,PUT,/student-care/{module}/{id},StudentCareApiController@update,,N,"B-jwt-valid,client-tenant",N
adminapi.php,DELETE,/student-care/{module}/{id},StudentCareApiController@destroy,,N,"B-jwt-valid,client-tenant",N
adminapi.php,GET,/student-setup/{resource},StudentSetupApiController@index,,N,"B-jwt-valid,client-tenant",N
adminapi.php,POST,/student-setup/{resource},StudentSetupApiController@store,,N,"B-jwt-valid,client-tenant",N
adminapi.php,PUT,/student-setup/{resource}/{id},StudentSetupApiController@update,,N,"B-jwt-valid,client-tenant",N
adminapi.php,DELETE,/student-setup/{resource}/{id},StudentSetupApiController@destroy,,N,"B-jwt-valid,client-tenant",N
adminapi.php,POST,/student-optional-subject/search,StudentOptionalSubjectApiController@search,,N,"B-jwt-valid,client-tenant",N
adminapi.php,PUT,/student-optional-subject,StudentOptionalSubjectApiController@sync,,N,"B-jwt-valid,client-tenant",N
adminapi.php,GET,/student-registration/metadata,StudentRegistrationApiController@metadata,,N,"B-jwt-valid,client-tenant",Y
adminapi.php,GET,/student-registration/next-enrollment-no,StudentRegistrationApiController@nextEnrollmentNo,,N,"B-jwt-valid,client-tenant",N
adminapi.php,POST,/student-registration,StudentRegistrationApiController@store,,N,"B-jwt-valid,client-tenant",Y
admission.php,RESOURCE,/admission/admission_enquiry,App\Http\Controllers\admission\admissionEnquiryController,web|session|menu|logRoute|check_permissions,Y,n/a (route-level auth),Y
admission.php,RESOURCE,/admission/admission_registration,App\Http\Controllers\admission\admissionFormController,web|session|menu|logRoute|check_permissions,Y,n/a (route-level auth),N
admission.php,RESOURCE,/admission/admission_registration_v1,App\Http\Controllers\admission\admissionRegistrationHillController,web|session|menu|logRoute|check_permissions,Y,n/a (route-level auth),N
admission.php,RESOURCE,/admission/admission_confirmation,App\Http\Controllers\admission\admissionRegistrationController,web|session|menu|logRoute|check_permissions,Y,n/a (route-level auth),N
admission.php,RESOURCE,/admission/admission_follow_up,App\Http\Controllers\admission\admissionFollowUpController,web|session|menu|logRoute|check_permissions,Y,n/a (route-level auth),Y
admission.php,RESOURCE,/admission/online_admission_confirm,App\Http\Controllers\admission\onlineAdmissionConfirmController,web|session|menu|logRoute|check_permissions,Y,n/a (route-level auth),N
admission.php,RESOURCE,/admission/admission_master,App\Http\Controllers\admission\admissionMasterController,web|session|menu|logRoute|check_permissions,Y,n/a (route-level auth),Y
admission.php,POST,/admission/admissionAgeValidation,admissionMasterController@admissionAgeValidation,web|session|menu|logRoute|check_permissions,Y,n/a (route-level auth),N
admission.php,GET,/admission/admissionAI,admissionEnquiryController@admissionAI,web|session|menu|logRoute|check_permissions,Y,n/a (route-level auth),N
admission.php,GET,/admission/admission_registration_v1_report,admissionRegistrationHillController@registrationV1Reoprt,web|session|menu|logRoute|check_permissions,Y,n/a (route-level auth),N
admission.php,POST,/admission/admission_student,admissionRegistrationController@saveStudent,web|session|menu|logRoute|check_permissions,Y,n/a (route-level auth),N
admission.php,ANY,/admission/admission_enquiry_report,admissionReportController@enquiryReport,web|session|menu|logRoute|check_permissions,Y,n/a (route-level auth),Y
admission.php,ANY,/admission/admission_registration_report,admissionReportController@formReport,web|session|menu|logRoute|check_permissions,Y,n/a (route-level auth),Y
admission.php,ANY,/admission/admission_without_con_report,admissionReportController@regReport,web|session|menu|logRoute|check_permissions,Y,n/a (route-level auth),Y
admission.php,ANY,/admission/admission_confirmation_report,admissionReportController@conReport,web|session|menu|logRoute|check_permissions,Y,n/a (route-level auth),Y
admission.php,ANY,/admission/admission_enquiry_followup_report,admissionReportController@followUpReport,web|session|menu|logRoute|check_permissions,Y,n/a (route-level auth),Y
admission.php,ANY,/admission/admission_confirmation_report_v2,admissionReportController@conReportFixed,web|session|menu|logRoute|check_permissions,Y,n/a (route-level auth),Y
admission.php,GET,/admission/admission_registration_report_v2,admissionFormController@indexAdmissionRegistrationReport,web|session|menu|logRoute|check_permissions,Y,n/a (route-level auth),Y
admission.php,GET,/admission/admission_registration_report_v2/{id}/edit,admissionFormController@editAdmissionRegistrationReport,web|session|menu|logRoute|check_permissions,Y,n/a (route-level auth),Y
admission.php,ANY,/admission/online_admission_report,onlineAdmissionConfirmController@onlineAdmissionReport,web|session|menu|logRoute|check_permissions,Y,n/a (route-level auth),N
admission.php,POST,/admission/ajax_AdmissionConfirmReport,onlineAdmissionConfirmController@ajax_AdmissionConfirmReport,web|session|menu|logRoute|check_permissions,Y,n/a (route-level auth),N
admission.php,GET,/admission/ajax_getFeesBreakoff,admissionEnquiryController@ajax_getFeesBreakoff,web|session|menu|logRoute|check_permissions,Y,n/a (route-level auth),N
admission.php,GET,/admission/online-admission/{id}/{title},admissionEnquiryController@onlineEnquiryFirst,web,N,"B-jwt-valid,client-tenant",N
admission.php,GET,/admission/online-admission-enquiry/{id}/{title},admissionEnquiryController@onlineEnquiry,web,N,"B-jwt-valid,client-tenant",N
admission.php,POST,/admission/process-admission-enquiry,admissionEnquiryController@processOnlineEnquiry,web,N,"B-jwt-valid,client-tenant",N
admission.php,ANY,/admission/admission-receipt,admissionEnquiryController@receipt,web,N,"B-jwt-valid,client-tenant",N
admission.php,GET,/ajax_listCalendarData,admissionEnquiryController@ajax_listCalendarData,web|logRoute,N,"B-jwt-valid,client-tenant",N
admission.php,GET,/ajax_getDivision,admissionRegistrationController@ajax_getDivision,web,N,"B-jwt-valid,client-tenant",N
admission.php,GET,/admission_enquiry,admissionEnquiryController@create,web,N,"B-jwt-valid,client-tenant",Y
admission.php,POST,/admission_enquiry/store,admissionEnquiryController@store,web,N,"B-jwt-valid,client-tenant",N
admission.php,POST,/admission_enquiry/payment_proof,admissionEnquiryController@paymentProof,web,N,"B-jwt-valid,client-tenant",N
admission.php,PUT|PATCH,/admission/admission_confirmation,admissionRegistrationController@index,web,N,"B-jwt-valid,client-tenant",N
ai.php,GET,/api/ai/capabilities,CapabilityController@index,api|McpAuth|McpRateLimit|McpContextHydrator,Y,n/a (route-level auth),Y
ai.php,GET,/api/ai/capabilities/{capability},CapabilityController@show,api|McpAuth|McpRateLimit|McpContextHydrator,Y,n/a (route-level auth),Y
ai.php,GET,/api/ai/configuration/options,AiConfigurationController@options,api|McpAuth|McpRateLimit|McpContextHydrator,Y,n/a (route-level auth),N
ai.php,GET,/api/ai/configuration,AiConfigurationController@index,api|McpAuth|McpRateLimit|McpContextHydrator,Y,n/a (route-level auth),Y
ai.php,POST,/api/ai/configuration,AiConfigurationController@store,api|McpAuth|McpRateLimit|McpContextHydrator,Y,n/a (route-level auth),Y
ai.php,PUT,/api/ai/configuration/{id},AiConfigurationController@update,api|McpAuth|McpRateLimit|McpContextHydrator,Y,n/a (route-level auth),Y
ai.php,DELETE,/api/ai/configuration/{id},AiConfigurationController@destroy,api|McpAuth|McpRateLimit|McpContextHydrator,Y,n/a (route-level auth),Y
ai.php,GET,/api/ai/configuration-models,AiConfigurationController@models,api|McpAuth|McpRateLimit|McpContextHydrator,Y,n/a (route-level auth),N
ai.php,POST,/api/ai/configuration-models,AiConfigurationController@storeModel,api|McpAuth|McpRateLimit|McpContextHydrator,Y,n/a (route-level auth),N
ai.php,PUT,/api/ai/configuration-models/{id},AiConfigurationController@updateModel,api|McpAuth|McpRateLimit|McpContextHydrator,Y,n/a (route-level auth),N
ai.php,GET,/api/ai/templates/options,AiTemplateController@options,api|McpAuth|McpRateLimit|McpContextHydrator,Y,n/a (route-level auth),N
ai.php,GET,/api/ai/templates/catalog,AiTemplateController@index,api|McpAuth|McpRateLimit|McpContextHydrator,Y,n/a (route-level auth),N
ai.php,POST,/api/ai/templates/preview,AiTemplateController@preview,api|McpAuth|McpRateLimit|McpContextHydrator,Y,n/a (route-level auth),N
ai.php,POST,/api/ai/templates,AiTemplateController@store,api|McpAuth|McpRateLimit|McpContextHydrator,Y,n/a (route-level auth),Y
ai.php,GET,/api/ai/templates/{id},AiTemplateController@show,api|McpAuth|McpRateLimit|McpContextHydrator,Y,n/a (route-level auth),Y
ai.php,PUT,/api/ai/templates/{id},AiTemplateController@update,api|McpAuth|McpRateLimit|McpContextHydrator,Y,n/a (route-level auth),Y
ai.php,DELETE,/api/ai/templates/{id},AiTemplateController@destroy,api|McpAuth|McpRateLimit|McpContextHydrator,Y,n/a (route-level auth),Y
ai.php,GET,/api/ai/modules/{module}/usage,AiModuleController@usage,api|McpAuth|McpRateLimit|McpContextHydrator,Y,n/a (route-level auth),Y
ai.php,GET,/api/ai/modules/{module}/guardrails,AiModuleController@guardrails,api|McpAuth|McpRateLimit|McpContextHydrator,Y,n/a (route-level auth),Y
ai.php,GET,/api/ai/modules/{module}/models,AiModuleModelController@index,api|McpAuth|McpRateLimit|McpContextHydrator,Y,n/a (route-level auth),Y
ai.php,PUT,/api/ai/modules/{module}/models,AiModuleModelController@update,api|McpAuth|McpRateLimit|McpContextHydrator,Y,n/a (route-level auth),Y
ai.php,DELETE,/api/ai/modules/{module}/models,AiModuleModelController@destroy,api|McpAuth|McpRateLimit|McpContextHydrator,Y,n/a (route-level auth),Y
ai.php,POST,/api/ai/modules/{module}/models/credentials,AiModuleModelController@storeCredential,api|McpAuth|McpRateLimit|McpContextHydrator,Y,n/a (route-level auth),Y
ai.php,PUT,/api/ai/modules/{module}/models/credentials/{credential},AiModuleModelController@updateCredential,api|McpAuth|McpRateLimit|McpContextHydrator,Y,n/a (route-level auth),Y
ai.php,GET,/api/ai/modules/{module}/activity,AiModuleController@activity,api|McpAuth|McpRateLimit|McpContextHydrator,Y,n/a (route-level auth),Y
ai.php,POST,/api/ai/modules/{module}/activity,AiModuleController@recordActivity,api|McpAuth|McpRateLimit|McpContextHydrator,Y,n/a (route-level auth),Y
ai.php,GET,/api/ai/policies/options,AiPolicyController@options,api|McpAuth|McpRateLimit|McpContextHydrator,Y,n/a (route-level auth),N
ai.php,GET,/api/ai/policies,AiPolicyController@index,api|McpAuth|McpRateLimit|McpContextHydrator,Y,n/a (route-level auth),Y
ai.php,POST,/api/ai/policies,AiPolicyController@store,api|McpAuth|McpRateLimit|McpContextHydrator,Y,n/a (route-level auth),Y
ai.php,PUT,/api/ai/policies/{id},AiPolicyController@update,api|McpAuth|McpRateLimit|McpContextHydrator,Y,n/a (route-level auth),Y
ai.php,DELETE,/api/ai/policies/{id},AiPolicyController@destroy,api|McpAuth|McpRateLimit|McpContextHydrator,Y,n/a (route-level auth),Y
ai.php,GET|POST,/api/ai/workspace/context,WorkspaceController@context,api|McpAuth|McpRateLimit|McpContextHydrator,Y,n/a (route-level auth),N
ai.php,GET|POST,/api/ai/workspace/flow,WorkspaceController@flowState,api|McpAuth|McpRateLimit|McpContextHydrator,Y,n/a (route-level auth),N
ai.php,POST,/api/ai/workspace/workflow-status,WorkspaceController@workflowStatus,api|McpAuth|McpRateLimit|McpContextHydrator,Y,n/a (route-level auth),N
ai.php,GET|POST,/api/ai/workspace/generate,WorkspaceController@generate,api|McpAuth|McpRateLimit|McpContextHydrator,Y,n/a (route-level auth),N
ai.php,POST,/api/ai/workspace/report,WorkspaceController@report,api|McpAuth|McpRateLimit|McpContextHydrator,Y,n/a (route-level auth),Y
ai.php,POST,/api/ai/workspace/agents/{agent}/run,WorkspaceController@runAgent,api|McpAuth|McpRateLimit|McpContextHydrator,Y,n/a (route-level auth),N
ai.php,POST,/api/ai/workspace/workflows/{workflow}/start,WorkspaceController@startWorkflow,api|McpAuth|McpRateLimit|McpContextHydrator,Y,n/a (route-level auth),N
ai.php,POST,/api/ai/workspace/ontology-views/{view},WorkspaceController@ontologyView,api|McpAuth|McpRateLimit|McpContextHydrator,Y,n/a (route-level auth),N
ai.php,POST,/api/ai/ask,AskController@ask,api|McpAuth|McpRateLimit|McpContextHydrator,Y,n/a (route-level auth),Y
ai.php,POST,/api/ai/ask/stream,AskController@stream,api|McpAuth|McpRateLimit|McpContextHydrator,Y,n/a (route-level auth),Y
ai.php,POST,/api/ai/ask/interpret,AskController@interpret,api|McpAuth|McpRateLimit|McpContextHydrator,Y,n/a (route-level auth),N
ai.php,GET,/api/ai/ask/intents,AskController@intents,api|McpAuth|McpRateLimit|McpContextHydrator,Y,n/a (route-level auth),N
ai.php,GET,/api/ai/ask/modules,AskController@modules,api|McpAuth|McpRateLimit|McpContextHydrator,Y,n/a (route-level auth),Y
ai.php,GET,/api/ai/conversations/{conversation},AskController@conversation,api|McpAuth|McpRateLimit|McpContextHydrator,Y,n/a (route-level auth),N
ai.php,GET,/api/ai/signals,CaseController@signals,api|McpAuth|McpRateLimit|McpContextHydrator,Y,n/a (route-level auth),N
ai.php,GET,/api/ai/cases,CaseController@index,api|McpAuth|McpRateLimit|McpContextHydrator,Y,n/a (route-level auth),N
ai.php,GET,/api/ai/cases/{case},CaseController@show,api|McpAuth|McpRateLimit|McpContextHydrator,Y,n/a (route-level auth),N
ai.php,GET,/api/ai/cases/{case}/evidence,CaseController@evidence,api|McpAuth|McpRateLimit|McpContextHydrator,Y,n/a (route-level auth),N
ai.php,GET,/api/ai/cases/{case}/explanation,CaseController@explanation,api|McpAuth|McpRateLimit|McpContextHydrator,Y,n/a (route-level auth),N
ai.php,GET,/api/ai/cases/{case}/recommendations,CaseController@recommendations,api|McpAuth|McpRateLimit|McpContextHydrator,Y,n/a (route-level auth),N
ai.php,POST,/api/ai/cases/{case}/status,CaseController@updateStatus,api|McpAuth|McpRateLimit|McpContextHydrator,Y,n/a (route-level auth),N
ai.php,GET,/api/ai/subjects/{entity}/{id},CaseController@forSubject,api|McpAuth|McpRateLimit|McpContextHydrator,Y,n/a (route-level auth),N
ai.php,GET,/api/ai/recommendations/pending,RecommendationController@pending,api|McpAuth|McpRateLimit|McpContextHydrator,Y,n/a (route-level auth),N
ai.php,GET,/api/ai/recommendations/{recommendation},RecommendationController@show,api|McpAuth|McpRateLimit|McpContextHydrator,Y,n/a (route-level auth),N
ai.php,POST,/api/ai/recommendations/{recommendation}/approve,RecommendationController@approve,api|McpAuth|McpRateLimit|McpContextHydrator,Y,n/a (route-level auth),N
ai.php,POST,/api/ai/recommendations/{recommendation}/reject,RecommendationController@reject,api|McpAuth|McpRateLimit|McpContextHydrator,Y,n/a (route-level auth),N
ai.php,POST,/api/ai/recommendations/{recommendation}/defer,RecommendationController@defer,api|McpAuth|McpRateLimit|McpContextHydrator,Y,n/a (route-level auth),N
ai.php,GET,/api/ai/agents,AgentController@index,api|McpAuth|McpRateLimit|McpContextHydrator,Y,n/a (route-level auth),Y
ai.php,GET,/api/ai/agent-runs,AgentController@runs,api|McpAuth|McpRateLimit|McpContextHydrator,Y,n/a (route-level auth),N
ai.php,GET,/api/ai/agents/{agent},AgentController@show,api|McpAuth|McpRateLimit|McpContextHydrator,Y,n/a (route-level auth),Y
ai.php,POST,/api/ai/agents/{agent}/run,AgentController@run,api|McpAuth|McpRateLimit|McpContextHydrator,Y,n/a (route-level auth),Y
ai.php,GET,/api/ai/workflows,WorkflowController@index,api|McpAuth|McpRateLimit|McpContextHydrator,Y,n/a (route-level auth),N
ai.php,POST,/api/ai/workflows/{workflow}/execute,WorkflowController@execute,api|McpAuth|McpRateLimit|McpContextHydrator,Y,n/a (route-level auth),N
ai.php,GET,/api/ai/workflow-runs,WorkflowController@runs,api|McpAuth|McpRateLimit|McpContextHydrator,Y,n/a (route-level auth),N
ai.php,GET,/api/ai/workflow-runs/{run},WorkflowController@status,api|McpAuth|McpRateLimit|McpContextHydrator,Y,n/a (route-level auth),N
ai.php,GET,/api/ai/approvals/pending,WorkflowController@pendingApprovals,api|McpAuth|McpRateLimit|McpContextHydrator,Y,n/a (route-level auth),N
ai.php,POST,/api/ai/approvals/{approval}/resolve,WorkflowController@resolveApproval,api|McpAuth|McpRateLimit|McpContextHydrator,Y,n/a (route-level auth),N
ai.php,GET,/api/ai/ontology/entities,OntologyController@entities,api|McpAuth|McpRateLimit|McpContextHydrator,Y,n/a (route-level auth),N
ai.php,GET,/api/ai/ontology/relationships,OntologyController@relationships,api|McpAuth|McpRateLimit|McpContextHydrator,Y,n/a (route-level auth),N
ai.php,POST,/api/ai/ontology/resolve,OntologyController@resolve,api|McpAuth|McpRateLimit|McpContextHydrator,Y,n/a (route-level auth),N
ai.php,POST,/api/ai/ontology/candidates,OntologyController@candidates,api|McpAuth|McpRateLimit|McpContextHydrator,Y,n/a (route-level auth),N
ai.php,GET,/api/ai/knowledge-graph/relations/{entity},OntologyController@relations,api|McpAuth|McpRateLimit|McpContextHydrator,Y,n/a (route-level auth),N
ai.php,POST,/api/ai/knowledge-graph/query,OntologyController@query,api|McpAuth|McpRateLimit|McpContextHydrator,Y,n/a (route-level auth),N
ai.php,GET,/api/ai/templates,GenerationController@templates,api|McpAuth|McpRateLimit|McpContextHydrator,Y,n/a (route-level auth),Y
ai.php,POST,/api/ai/generate,GenerationController@generate,api|McpAuth|McpRateLimit|McpContextHydrator,Y,n/a (route-level auth),Y
ai.php,POST,/api/ai/generated-outputs/{output}/review,GenerationController@review,api|McpAuth|McpRateLimit|McpContextHydrator,Y,n/a (route-level auth),N
ai.php,POST,/api/ai/assistance/tickets,AiAssistanceTicketController@store,api|McpAuth|McpRateLimit|McpContextHydrator,Y,n/a (route-level auth),Y
ai.php,GET,/api/ai/assistance/tickets,AiAssistanceTicketController@index,api|McpAuth|McpRateLimit|McpContextHydrator,Y,n/a (route-level auth),Y
ai.php,GET,/api/ai/assistance/tickets/{ticket}/screenshot,AiAssistanceTicketController@screenshot,api|McpAuth|McpRateLimit|McpContextHydrator,Y,n/a (route-level auth),Y
ai.php,GET,/api/ai/reports/{report},ReportController@show,api|McpAuth|McpRateLimit|McpContextHydrator,Y,n/a (route-level auth),N
ai.php,POST,/api/ai/reports/{report},ReportController@save,api|McpAuth|McpRateLimit|McpContextHydrator,Y,n/a (route-level auth),N
ai.php,POST,/api/ai/reports/{report}/regenerate,ReportController@regenerate,api|McpAuth|McpRateLimit|McpContextHydrator,Y,n/a (route-level auth),N
ai.php,GET,/api/ai/reports/{report}/recipients,ReportController@recipients,api|McpAuth|McpRateLimit|McpContextHydrator,Y,n/a (route-level auth),N
ai.php,POST,/api/ai/reports/{report}/send,ReportController@send,api|McpAuth|McpRateLimit|McpContextHydrator,Y,n/a (route-level auth),N
ai.php,GET,/api/ai/outcomes,OutcomeController@index,api|McpAuth|McpRateLimit|McpContextHydrator,Y,n/a (route-level auth),N
ai.php,POST,/api/ai/outcomes/measure-due,OutcomeController@measureDue,api|McpAuth|McpRateLimit|McpContextHydrator,Y,n/a (route-level auth),N
ai.php,GET,/api/ai/outcomes/effectiveness,OutcomeController@effectiveness,api|McpAuth|McpRateLimit|McpContextHydrator,Y,n/a (route-level auth),N
ai.php,GET,/api/ai/audit-logs,OutcomeController@auditLogs,api|McpAuth|McpRateLimit|McpContextHydrator,Y,n/a (route-level auth),N
api.php,GET,/api/student-assessment,StudentGraphController@getStudentAssessment,api,N,C-NO-AUTH,N
api.php,POST,/api/teacher/assignments/standards,TeacherAssignmentMobileApiController@standards,api|api.session,Y,n/a (route-level auth),N
api.php,POST,/api/teacher/assignments/divisions,TeacherAssignmentMobileApiController@divisions,api|api.session,Y,n/a (route-level auth),N
api.php,GET,/api/student-results/{stuId}/graph,StudentResultGraphController@show,api,N,C-NO-AUTH,N
api.php,POST,/api/whats-send-app,Closure,api,N,C-NO-AUTH (closure/view),N
api.php,POST,/api/whats-comming-app,Closure,api,N,C-NO-AUTH (closure/view),N
api.php,POST,/api/update-message,WhatsappController@updateDeliveryStatus,api,N,C-NO-AUTH,N
api.php,POST,/api/incoming-message,WhatsappController@incomingMessage,api,N,C-NO-AUTH,N
api.php,POST,/api/login,apiController@login,api,N,"B-jwt-valid,client-tenant",Y
api.php,POST,/api/login_hills,apiController@login_hills,api,N,"B-jwt-valid,client-tenant",N
api.php,POST,/api/check_otp,apiController@check_otp,api,N,"B-jwt-valid,client-tenant",N
api.php,POST,/api/homescreen,apiController@homescreen,api,N,"B-jwt-valid,client-tenant",N
api.php,POST,/api/teacherlogin,apiController@teacherlogin,api,N,"B-jwt-valid,client-tenant",N
api.php,POST,/api/teacher_check_otp,apiController@teacher_check_otp,api,N,"B-jwt-valid,client-tenant",N
api.php,POST,/api/playscreen,apiController@playscreen,api,N,"B-jwt-valid,client-tenant",N
api.php,POST,/api/homescreen,apiController@homescreen,api,N,"B-jwt-valid,client-tenant",N
api.php,POST,/api/gcm_insert,apiController@gcm_insert,api,N,"B-jwt-valid,client-tenant",N
api.php,GET,/api/testkey,apiController@testkey,api,N,"B-jwt-valid,client-tenant",N
api.php,POST,/api/api-login,ApiLoginController@login,api,N,C-NO-AUTH,Y
api.php,GET,/api/academic-terms,ApiLoginController@academicTerms,api,N,C-NO-AUTH,Y
api.php,GET,/api/own-profile,OwnProfileApiController@show,api|api.session,Y,n/a (route-level auth),N
api.php,POST,/api/mobile/web-handoff,MobileWebHandoffApiController@create,api|api.session,Y,n/a (route-level auth),Y
api.php,GET,/api/mobile/web-handoff/claims,MobileWebHandoffApiController@claims,api,N,C-NO-AUTH,Y
api.php,GET,/api/mobile/dynamic-page/{pageKey},MobileDynamicPageApiController@show,api|api.session,Y,n/a (route-level auth),N
api.php,GET,/api/mobile/dynamic-page-admin/registry,MobileDynamicPageAdminApiController@registry,api|api.session,Y,n/a (route-level auth),Y
api.php,GET,/api/mobile/dynamic-page-admin/pages,MobileDynamicPageAdminApiController@index,api|api.session,Y,n/a (route-level auth),Y
api.php,POST,/api/mobile/dynamic-page-admin/pages,MobileDynamicPageAdminApiController@store,api|api.session,Y,n/a (route-level auth),Y
api.php,POST,/api/mobile/dynamic-page-admin/pages/{id},MobileDynamicPageAdminApiController@update,api|api.session,Y,n/a (route-level auth),Y
api.php,POST,/api/mobile/dynamic-page-admin/pages/{id}/fields,MobileDynamicPageAdminApiController@addField,api|api.session,Y,n/a (route-level auth),Y
api.php,POST,/api/mobile/dynamic-page-admin/fields/{fieldId},MobileDynamicPageAdminApiController@updateField,api|api.session,Y,n/a (route-level auth),Y
api.php,DELETE,/api/mobile/dynamic-page-admin/fields/{fieldId},MobileDynamicPageAdminApiController@deleteField,api|api.session,Y,n/a (route-level auth),Y
api.php,GET,/api/hrms/today,HrmsMobileApiController@today,api|api.session,Y,n/a (route-level auth),N
api.php,POST,/api/hrms/punch,HrmsMobileApiController@punch,api|api.session,Y,n/a (route-level auth),N
api.php,GET,/api/hrms/attendance,HrmsMobileApiController@attendance,api|api.session,Y,n/a (route-level auth),N
api.php,GET,/api/hrms/leaves,HrmsMobileApiController@leaves,api|api.session,Y,n/a (route-level auth),N
api.php,POST,/api/fees-dashboard/summary,FeesDashboardApiController@summary,api|api.session|check_permissions,Y,n/a (route-level auth),Y
api.php,POST,/api/fees-dashboard/defaulters,FeesDashboardApiController@defaulters,api|api.session|check_permissions,Y,n/a (route-level auth),N
api.php,POST,/api/admissions-dashboard/summary,AdmissionsDashboardApiController@summary,api,N,C-NO-AUTH,Y
api.php,POST,/api/students-dashboard/summary,StudentsDashboardApiController@summary,api,N,C-NO-AUTH,Y
api.php,POST,/api/library-dashboard/summary,LibraryDashboardApiController@summary,api,N,C-NO-AUTH,Y
api.php,POST,/api/hostel-dashboard/summary,HostelDashboardApiController@summary,api,N,C-NO-AUTH,Y
api.php,POST,/api/transportation-dashboard/summary,TransportationDashboardApiController@summary,api,N,C-NO-AUTH,Y
api.php,POST,/api/admin-dashboard/summary,RoleDashboardApiController@adminSummary,api|api.session,Y,n/a (route-level auth),Y
api.php,POST,/api/teacher-dashboard/summary,RoleDashboardApiController@teacherSummary,api|api.session,Y,n/a (route-level auth),Y
api.php,POST,/api/teacher-timetable/summary,TeacherTimetableApiController@summary,api|api.session,Y,n/a (route-level auth),Y
api.php,POST,/api/teacher-fee-dues/summary,TeacherFeeDuesApiController@summary,api|api.session,Y,n/a (route-level auth),Y
api.php,POST,/api/student-dashboard/summary,RoleDashboardApiController@studentSummary,api|api.session,Y,n/a (route-level auth),Y
api.php,POST,/api/teacher-icard/mine,TeacherIcardApiController@mine,api|api.session,Y,n/a (route-level auth),Y
api.php,GET,/api/dashboard-preferences/{dashboardKey},UserDashboardPreferenceApiController@show,api|api.session,Y,n/a (route-level auth),Y
api.php,PUT,/api/dashboard-preferences/{dashboardKey},UserDashboardPreferenceApiController@update,api|api.session,Y,n/a (route-level auth),Y
api.php,POST,/api/fees-refund/search,FeesRefundApiController@search,api|api.session,Y,n/a (route-level auth),Y
api.php,POST,/api/fees-refund/detail/{studentId},FeesRefundApiController@detail,api|api.session,Y,n/a (route-level auth),Y
api.php,POST,/api/fees-refund/save,FeesRefundApiController@save,api|api.session,Y,n/a (route-level auth),Y
api.php,GET,/api/migration-modules/{module},MigrationModulesApiController@index,api,N,"B-jwt-valid,client-tenant",Y
api.php,POST,/api/migration-modules/{module},MigrationModulesApiController@store,api,N,"B-jwt-valid,client-tenant",Y
api.php,DELETE,/api/migration-modules/{module}/{id},MigrationModulesApiController@destroy,api,N,"B-jwt-valid,client-tenant",Y
api.php,GET,/api/crm-whatsapp,WhatsappController@whatsappCRM,api,N,C-NO-AUTH,N
api.php,GET,/api/crm-whatsapp-update,WhatsappController@updateCRMWhatsappStatus,api,N,C-NO-AUTH,N
api.php,GET,/api/compliance/list,instituteDetailController@index,api,N,"B2-jwt-valid,session?",N
api.php,POST,/api/compliance/create,instituteDetailController@store,api,N,"B2-jwt-valid,session?",N
api.php,POST,/api/compliance/update/{id},instituteDetailController@update,api,N,"B2-jwt-valid,session?",N
api.php,POST,/api/compliance/delete/{id},instituteDetailController@destroy,api,N,"B2-jwt-valid,session?",N
api.php,POST,/api/menu-rights,MenuRightsController@getMenuRightsLevelWise,api,N,C-NO-AUTH,Y
api.php,GET,/api/master-menu-rights,MenuRightsController@getMasterMenuApi,api,N,C-NO-AUTH,Y
api.php,GET,/api/permissions,PermissionsController@index,api|lms.auth,Y,n/a (route-level auth),Y
api.php,GET|POST,/api/fees/menu-categories,FeesMenuCategoryApiController@index,api|api.session|check_permissions,Y,n/a (route-level auth),Y
api.php,GET|POST,/api/teach-learn/menu-categories,TeachLearnMenuCategoryApiController@index,api|api.session|check_permissions,Y,n/a (route-level auth),Y
api.php,GET|POST,/api/modules/menu-categories,ModuleMenuCategoryApiController@index,api|api.session|check_permissions,Y,n/a (route-level auth),Y
api.php,GET|POST,/api/modules/menu-categories/registry,ModuleMenuCategoryApiController@registry,api|api.session|check_permissions,Y,n/a (route-level auth),Y
api.php,GET|POST,/api/lms-courses,ApiLmsCourseController@index,api,N,C-NO-AUTH,Y
api.php,GET|POST,/api/lms-courses/search,ApiLmsCourseController@search,api,N,C-NO-AUTH,N
api.php,POST,/api/lms-chapter-concepts,ApiLmsCourseController@getChapterConcepts,api,N,C-NO-AUTH,Y
api.php,POST,/api/lms-chapters,ApiLmsCourseController@chapters,api,N,C-NO-AUTH,Y
api.php,POST,/api/lms-chapter-content,ApiLmsCourseController@chapterContent,api,N,C-NO-AUTH,Y
api.php,POST,/api/lms-questions,ApiLmsCourseController@getLmsQuestions,api,N,C-NO-AUTH,Y
api.php,POST,/api/lms-question-bank,ApiLmsCourseController@getQuestionBank,api,N,C-NO-AUTH,Y
api.php,POST,/api/lms-question-bank/create,ApiLmsCourseController@createQuestionBank,api,N,C-NO-AUTH,Y
api.php,POST,/api/lms-question-bank/update,ApiLmsCourseController@updateQuestionBank,api,N,C-NO-AUTH,Y
api.php,POST,/api/lms-question-bank/delete,ApiLmsCourseController@deleteQuestionBank,api,N,C-NO-AUTH,Y
api.php,POST,/api/lms-question-bank/review,ApiLmsCourseController@reviewQuestionBank,api,N,C-NO-AUTH,Y
api.php,GET,/api/question-mapping-levels,ApiLmsCourseController@getQuestionMappingLevels,api,N,C-NO-AUTH,Y
api.php,GET|POST,/api/question-bank/filters,ApiQuestionBankController@filters,api,N,C-NO-AUTH,Y
api.php,GET|POST,/api/question-bank/search,ApiQuestionBankController@search,api,N,C-NO-AUTH,N
api.php,GET|POST,/api/question-bank/question-types,ApiQuestionBankController@questionTypes,api,N,C-NO-AUTH,Y
api.php,POST,/api/lms-chapters/store,ApiLmsCourseController@storeChapter,api,N,C-NO-AUTH,N
api.php,POST,/api/lms-create-content,ApiLmsCourseController@createContent,"api|lms.auth|perm:lms.content,create",Y,n/a (route-level auth),N
api.php,POST,/api/lms-store-content,ApiLmsCourseController@storeContent,"api|lms.auth|perm:lms.content,create",Y,n/a (route-level auth),N
api.php,POST,/api/lms-chapter-content/upload,ApiLmsCourseController@uploadContent,"api|lms.auth|perm:lms.content,create",Y,n/a (route-level auth),Y
api.php,GET,/api/lms/content/authoring-vocabulary,ContentAuthoringController@vocabulary,api|lms.auth,Y,n/a (route-level auth),Y
api.php,POST,/api/lms/content/author,ContentAuthoringController@store,"api|lms.auth|perm:lms.content,create",Y,n/a (route-level auth),Y
api.php,POST,/api/lms-content-mapping-values,ApiLmsCourseController@getContentMappingValues,api,N,C-NO-AUTH,N
api.php,POST,/api/lms-store-subject,ApiLmsCourseController@storeSubject,api,N,C-NO-AUTH,N
api.php,POST,/api/lms/gamma-content-master,contentController@storeGammaContent,api|throttle.contentgen,N,C-NO-AUTH,Y
api.php,GET,/api/ai-sop,AiSopGenerationController@index,api,N,C-NO-AUTH,Y
api.php,GET,/api/ai-platforms,AiPlatformController@index,api,N,C-NO-AUTH,Y
api.php,GET,/api/ai-sop/department-job-roles,AiSopGenerationController@departmentJobRoles,api,N,C-NO-AUTH,Y
api.php,POST,/api/ai-sop/generate,AiSopGenerationController@generate,api,N,C-NO-AUTH,Y
api.php,POST,/api/ai-sop/store,AiSopGenerationController@store,api,N,C-NO-AUTH,Y
api.php,POST,/api/lms-homework/get-subjects,StudentHomeworkApiController@getSubjects,api,N,C-NO-AUTH,N
api.php,POST,/api/lms-homework/get-chapters,StudentHomeworkApiController@getChapters,api,N,C-NO-AUTH,N
api.php,POST,/api/lms-homework/list,StudentHomeworkApiController@index,api,N,C-NO-AUTH,Y
api.php,POST,/api/lms-homework/store,StudentHomeworkApiController@store,api,N,C-NO-AUTH,Y
api.php,POST,/api/lms-homework/show/{id},StudentHomeworkApiController@show,api,N,C-NO-AUTH,N
api.php,POST,/api/lms-homework/update/{id},StudentHomeworkApiController@update,api,N,C-NO-AUTH,N
api.php,POST,/api/lms-homework/delete/{id},StudentHomeworkApiController@destroy,api,N,C-NO-AUTH,N
api.php,POST,/api/lms-homework/bulk-delete,StudentHomeworkApiController@bulkDelete,api,N,C-NO-AUTH,Y
api.php,POST,/api/lms-homework/students,StudentHomeworkApiController@studentsList,api,N,C-NO-AUTH,Y
api.php,POST,/api/lms-homework/homework-subjects,StudentHomeworkApiController@homeworkSubjects,api,N,C-NO-AUTH,N
api.php,POST,/api/lms-homework/submission-list,StudentHomeworkApiController@submissionList,api,N,C-NO-AUTH,Y
api.php,POST,/api/lms-homework/submission-store,StudentHomeworkApiController@submissionStore,api,N,C-NO-AUTH,Y
api.php,POST,/api/lms-homework/submission-report,StudentHomeworkApiController@submissionReport,api,N,C-NO-AUTH,Y
api.php,POST,/api/lms-homework/ai-status/{id},StudentHomeworkApiController@aiEvaluationStatus,api,N,C-NO-AUTH,Y
api.php,POST,/api/lms-homework/detail/{id},HomeworkSubmissionApiController@detail,api|api.session,Y,n/a (route-level auth),Y
api.php,POST,/api/lms-homework/submission/store,HomeworkSubmissionApiController@submit,api|api.session,Y,n/a (route-level auth),Y
api.php,POST,/api/lms-homework/submission/ai-status/{id},HomeworkSubmissionApiController@submissionAiStatus,api|api.session,Y,n/a (route-level auth),Y
api.php,POST,/api/lms-homework/submission-file/{id},HomeworkSubmissionApiController@downloadFile,api|api.session,Y,n/a (route-level auth),N
api.php,POST,/api/lms-homework/my-submissions,HomeworkSubmissionApiController@mySubmissions,api|api.session,Y,n/a (route-level auth),Y
api.php,POST,/api/lms-homework/review-list,HomeworkSubmissionApiController@reviewList,api|api.session|staff.only,Y,n/a (route-level auth),Y
api.php,POST,/api/lms-homework/review-detail/{id},HomeworkSubmissionApiController@reviewDetail,api|api.session|staff.only,Y,n/a (route-level auth),Y
api.php,POST,/api/lms-homework/review-store,HomeworkSubmissionApiController@reviewStore,api|api.session|staff.only,Y,n/a (route-level auth),Y
api.php,POST,/api/lms-homework/review-reprocess/{id},HomeworkSubmissionApiController@reviewReprocess,api|api.session|staff.only,Y,n/a (route-level auth),Y
api.php,POST,/api/lms-homework/question-bank/types,HomeworkQuestionBankApiController@questionTypes,api|api.session|staff.only,Y,n/a (route-level auth),Y
api.php,POST,/api/lms-homework/question-bank/questions,HomeworkQuestionBankApiController@questions,api|api.session|staff.only,Y,n/a (route-level auth),Y
api.php,POST,/api/lms-assignment/subjects,LmsAssignmentApiController@subjects,api,N,C-NO-AUTH,N
api.php,POST,/api/lms-assignment/students,LmsAssignmentApiController@students,api,N,C-NO-AUTH,Y
api.php,POST,/api/lms-assignment/exam-papers,LmsAssignmentApiController@examPapers,api,N,C-NO-AUTH,Y
api.php,POST,/api/lms-assignment/store,LmsAssignmentApiController@store,api,N,C-NO-AUTH,Y
api.php,POST,/api/lms-assignment/list,LmsAssignmentApiController@index,api,N,C-NO-AUTH,Y
api.php,POST,/api/lms-assignment/bulk-delete,LmsAssignmentApiController@bulkDelete,api,N,C-NO-AUTH,Y
api.php,POST,/api/lms-assignment/submission-list,LmsAssignmentApiController@submissionList,api,N,C-NO-AUTH,Y
api.php,POST,/api/lms-assignment/submission-store,LmsAssignmentApiController@submissionStore,api,N,C-NO-AUTH,Y
api.php,POST,/api/lms-assignment/ai-status/{id},LmsAssignmentApiController@aiEvaluationStatus,api,N,C-NO-AUTH,Y
api.php,POST,/api/lms-assignment/annotate-list,LmsAssignmentApiController@annotateList,api,N,C-NO-AUTH,Y
api.php,POST,/api/lms-assignment/annotate-questions,LmsAssignmentApiController@annotateQuestions,api,N,C-NO-AUTH,Y
api.php,POST,/api/lms-assignment/annotate-store,LmsAssignmentApiController@annotateStore,api,N,C-NO-AUTH,Y
api.php,POST,/api/lms-assignment/subjects,LmsAssignmentApiController@subjects,api|api.session|staff.only,Y,n/a (route-level auth),N
api.php,POST,/api/lms-assignment/students,LmsAssignmentApiController@students,api|api.session|staff.only,Y,n/a (route-level auth),Y
api.php,POST,/api/lms-assignment/exam-papers,LmsAssignmentApiController@examPapers,api|api.session|staff.only,Y,n/a (route-level auth),Y
api.php,POST,/api/lms-assignment/store,LmsAssignmentApiController@store,api|api.session|staff.only,Y,n/a (route-level auth),Y
api.php,POST,/api/lms-assignment/upload-homework,LmsAssignmentApiController@uploadHomework,api|api.session|staff.only,Y,n/a (route-level auth),Y
api.php,POST,/api/lms-assignment/list,LmsAssignmentApiController@index,api|api.session|staff.only,Y,n/a (route-level auth),Y
api.php,POST,/api/lms-assignment/annotate-list,LmsAssignmentApiController@annotateList,api|api.session|staff.only,Y,n/a (route-level auth),Y
api.php,POST,/api/lms-assignment/annotate-questions,LmsAssignmentApiController@annotateQuestions,api|api.session|staff.only,Y,n/a (route-level auth),Y
api.php,POST,/api/lms-assignment/annotate-store,LmsAssignmentApiController@annotateStore,api|api.session|staff.only,Y,n/a (route-level auth),Y
api.php,POST,/api/lms-assignment/submission-list,LmsAssignmentApiController@submissionList,api|api.session,Y,n/a (route-level auth),Y
api.php,POST,/api/lms-assignment/submission-store,LmsAssignmentApiController@submissionStore,api|api.session,Y,n/a (route-level auth),Y
api.php,GET,/api/lms/leaderboard,LmsLeaderboardApiController@index,api|api.session,Y,n/a (route-level auth),N
api.php,GET,/api/lms/leaderboard/filters,LmsLeaderboardApiController@filters,api|api.session,Y,n/a (route-level auth),N
api.php,GET,/api/lms/leaderboard/rankings,LmsLeaderboardApiController@rankings,api|api.session,Y,n/a (route-level auth),N
api.php,GET,/api/lms/leaderboard/{userId},LmsLeaderboardApiController@show,api|api.session,Y,n/a (route-level auth),N
api.php,GET,/api/lms/leaderboard-master,LmsLeaderboardMasterApiController@index,api|api.session|staff.only,Y,n/a (route-level auth),N
api.php,POST,/api/lms/leaderboard-master,LmsLeaderboardMasterApiController@store,api|api.session|staff.only,Y,n/a (route-level auth),N
api.php,GET,/api/lms/leaderboard-master/{id},LmsLeaderboardMasterApiController@show,api|api.session|staff.only,Y,n/a (route-level auth),N
api.php,PUT,/api/lms/leaderboard-master/{id},LmsLeaderboardMasterApiController@update,api|api.session|staff.only,Y,n/a (route-level auth),N
api.php,DELETE,/api/lms/leaderboard-master/{id},LmsLeaderboardMasterApiController@destroy,api|api.session|staff.only,Y,n/a (route-level auth),N
api.php,GET,/api/lms/social-collaborative,LmsSocialCollaborativeApiController@index,api|api.session,Y,n/a (route-level auth),Y
api.php,GET,/api/lms/social-collaborative/lookups/subjects,LmsSocialCollaborativeApiController@subjects,api|api.session,Y,n/a (route-level auth),N
api.php,GET,/api/lms/social-collaborative/lookups/chapters,LmsSocialCollaborativeApiController@chapters,api|api.session,Y,n/a (route-level auth),N
api.php,GET,/api/lms/social-collaborative/lookups/topics,LmsSocialCollaborativeApiController@topics,api|api.session,Y,n/a (route-level auth),N
api.php,GET,/api/lms/social-collaborative/{id},LmsSocialCollaborativeApiController@show,api|api.session,Y,n/a (route-level auth),Y
api.php,POST,/api/lms/social-collaborative,LmsSocialCollaborativeApiController@store,api|api.session,Y,n/a (route-level auth),Y
api.php,POST,/api/lms/social-collaborative/{id}/comments,LmsSocialCollaborativeApiController@storeComment,api|api.session,Y,n/a (route-level auth),Y
api.php,POST,/api/lms-result-dashboard/summary,LmsResultDashboardApiController@summary,api|api.session|staff.only,Y,n/a (route-level auth),Y
api.php,GET,/api/admission_enquiry,admissionEnquiryAPIController@index,api,N,C-NO-AUTH,Y
api.php,POST,/api/admission_enquiry,admissionEnquiryAPIController@store,api,N,C-NO-AUTH,Y
api.php,PUT|PATCH,/api/admission_enquiry/{id},admissionEnquiryAPIController@update,api,N,C-NO-AUTH,Y
api.php,DELETE,/api/admission_enquiry/{id},admissionEnquiryAPIController@destroy,api,N,C-NO-AUTH,Y
api.php,GET,/api/online_admission_confirm,onlineAdmissionConfirmAPIController@index,api,N,C-NO-AUTH,N
api.php,POST,/api/online_admission_confirm,onlineAdmissionConfirmAPIController@store,api,N,C-NO-AUTH,N
api.php,GET,/api/online_admission_confirm/{id},onlineAdmissionConfirmAPIController@show,api,N,C-NO-AUTH,N
api.php,PUT|PATCH,/api/online_admission_confirm/{id},onlineAdmissionConfirmAPIController@update,api,N,C-NO-AUTH,N
api.php,DELETE,/api/online_admission_confirm/{id},onlineAdmissionConfirmAPIController@destroy,api,N,C-NO-AUTH,N
api.php,GET,/api/admission_registration,admissionRegistrationAPIController@index,api,N,C-NO-AUTH,Y
api.php,GET,/api/admission_registration/{id}/edit,admissionRegistrationAPIController@edit,api,N,C-NO-AUTH,Y
api.php,PUT|PATCH,/api/admission_registration/{id},admissionRegistrationAPIController@update,api,N,C-NO-AUTH,Y
api.php,DELETE,/api/admission_registration/{id},admissionRegistrationAPIController@destroy,api,N,C-NO-AUTH,Y
api.php,POST,/api/admission_student,admissionRegistrationAPIController@saveStudent,api,N,C-NO-AUTH,Y
api.php,GET,/api/ajax_getDivision,admissionRegistrationAPIController@ajax_getDivision,api,N,C-NO-AUTH,N
api.php,GET,/api/admission_without_confirmation_report_v2,admissionRegistrationAPIController@indexWithoutConfirmationReport,api,N,C-NO-AUTH,Y
api.php,GET,/api/admission_without_confirmation_report_v2/{id}/edit,admissionRegistrationAPIController@editWithoutConfirmationReport,api,N,C-NO-AUTH,Y
api.php,GET,/api/question-paper/{id}/pdf,ApiQuestionPaperController@pdf,api,N,C-NO-AUTH,Y
api.php,RESOURCE,/api/question-paper,App\Http\Controllers\api\ApiQuestionPaperController,api,N,C-NO-AUTH,Y
api.php,RESOURCE,/api/class-teachers,App\Http\Controllers\api\ClassTeacherApiController,api,N,A-token-bound+rights,Y
api.php,GET,/api/user-logs/bootstrap,UserLogReportApiController@bootstrap,api,N,A-token-bound+rights,Y
api.php,POST,/api/user-logs/search,UserLogReportApiController@search,api,N,A-token-bound+rights,Y
api.php,POST,/api/teacher-daily-reports/search,TeacherDailyReportApiController@search,api,N,A-token-bound+rights,Y
api.php,GET,/api/teacher-daily-reports/{teacherId}/details,TeacherDailyReportApiController@details,api,N,A-token-bound+rights,Y
api.php,GET,/api/academic-setup/{module},AcademicSetupApiController@index,api,N,A-token-bound+rights,Y
api.php,POST,/api/academic-setup/{module},AcademicSetupApiController@store,api,N,A-token-bound+rights,Y
api.php,PUT|PATCH,/api/academic-setup/{module}/{id},AcademicSetupApiController@update,api,N,A-token-bound+rights,Y
api.php,DELETE,/api/academic-setup/{module}/{id},AcademicSetupApiController@destroy,api,N,A-token-bound+rights,Y
api.php,POST,/api/transportation-setup/student-mappings/bulk,TransportationApiController@bulkStore,api,N,A-token-bound+rights,N
api.php,POST,/api/transportation-setup/student-mappings/bulk-delete,TransportationApiController@bulkDestroy,api,N,A-token-bound+rights,N
api.php,GET,/api/transportation-setup/{module},TransportationApiController@index,api,N,A-token-bound+rights,Y
api.php,POST,/api/transportation-setup/{module},TransportationApiController@store,api,N,A-token-bound+rights,Y
api.php,PUT|PATCH,/api/transportation-setup/{module}/{id},TransportationApiController@update,api,N,A-token-bound+rights,Y
api.php,DELETE,/api/transportation-setup/{module}/{id},TransportationApiController@destroy,api,N,A-token-bound+rights,Y
api.php,GET,/api/general-setup/{module},GeneralSetupApiController@index,api,N,A-token-bound+rights,Y
api.php,POST,/api/general-setup/{module},GeneralSetupApiController@store,api,N,A-token-bound+rights,Y
api.php,PUT|PATCH,/api/general-setup/{module}/{id},GeneralSetupApiController@update,api,N,A-token-bound+rights,Y
api.php,DELETE,/api/general-setup/{module}/{id},GeneralSetupApiController@destroy,api,N,A-token-bound+rights,Y
api.php,GET,/api/general-setup/{module}/tags,GeneralSetupApiController@tags,api,N,A-token-bound+rights,Y
api.php,GET,/api/inventory/{module},InventoryApiController@index,api,N,A-token-bound+rights,Y
api.php,GET,/api/inventory/reports/{module},InventoryApiController@reportIndex,api,N,A-token-bound+rights,N
api.php,GET,/api/inventory/receivables/items,InventoryApiController@poItems,api,N,A-token-bound+rights,Y
api.php,POST,/api/inventory/{module},InventoryApiController@store,api,N,A-token-bound+rights,Y
api.php,POST,/api/inventory/receivables/multiple,InventoryApiController@saveReceivables,api,N,A-token-bound+rights,N
api.php,PUT|PATCH,/api/inventory/{module}/{id},InventoryApiController@update,api,N,A-token-bound+rights,Y
api.php,DELETE,/api/inventory/{module}/{id},InventoryApiController@destroy,api,N,A-token-bound+rights,Y
api.php,POST,/api/question-paper/search,ApiQuestionPaperController@search,api,N,C-NO-AUTH,N
api.php,GET,/api/question-paper-templates/paper/{paperId},QuestionPaperTemplateApiController@paper,api,N,C-NO-AUTH,Y
api.php,GET,/api/question-paper-templates,QuestionPaperTemplateApiController@index,api,N,C-NO-AUTH,Y
api.php,GET,/api/question-paper-templates/{id},QuestionPaperTemplateApiController@show,api,N,C-NO-AUTH,Y
api.php,POST,/api/question-paper-templates,QuestionPaperTemplateApiController@store,api,N,C-NO-AUTH,Y
api.php,PUT|PATCH|POST,/api/question-paper-templates/{id},QuestionPaperTemplateApiController@update,api,N,C-NO-AUTH,Y
api.php,DELETE,/api/question-paper-templates/{id},QuestionPaperTemplateApiController@destroy,api,N,C-NO-AUTH,Y
api.php,GET,/api/exam-evaluation/answer-key/{paperId},ExamEvaluationApiController@answerKey,api,N,C-NO-AUTH,N
api.php,GET,/api/exam-evaluation/sheets/{id},ExamEvaluationApiController@sheet,api,N,C-NO-AUTH,N
api.php,GET,/api/exam-evaluation/sheets/{id}/file,ExamEvaluationApiController@file,api,N,C-NO-AUTH,N
api.php,POST,/api/exam-evaluation/sheets/{id}/review,ExamEvaluationApiController@review,api,N,C-NO-AUTH,N
api.php,POST,/api/exam-evaluation/sheets/{id}/reprocess,ExamEvaluationApiController@reprocess,api,N,C-NO-AUTH,N
api.php,DELETE,/api/exam-evaluation/sheets/{id},ExamEvaluationApiController@destroySheet,api,N,C-NO-AUTH,N
api.php,GET,/api/exam-evaluation/batches,ExamEvaluationApiController@index,api,N,C-NO-AUTH,N
api.php,POST,/api/exam-evaluation/batches,ExamEvaluationApiController@store,api,N,C-NO-AUTH,N
api.php,GET,/api/exam-evaluation/batches/{id},ExamEvaluationApiController@show,api,N,C-NO-AUTH,N
api.php,POST,/api/exam-evaluation/batches/{id}/sheets,ExamEvaluationApiController@uploadSheets,api,N,C-NO-AUTH,N
api.php,POST,/api/exam-evaluation/batches/{id}/publish,ExamEvaluationApiController@publish,api,N,C-NO-AUTH,N
api.php,DELETE,/api/exam-evaluation/batches/{id},ExamEvaluationApiController@destroy,api,N,C-NO-AUTH,N
api.php,GET,/api/assessment-blueprints/chapters,AssessmentBlueprintApiController@chapters,api,N,C-NO-AUTH,N
api.php,GET,/api/assessment-blueprints/hpc-options,AssessmentBlueprintApiController@hpcOptions,api,N,C-NO-AUTH,N
api.php,POST,/api/assessment-blueprints/hpc-options,AssessmentBlueprintApiController@saveHpcOptions,api,N,C-NO-AUTH,N
api.php,POST,/api/assessment-blueprints/hpc-options/reset,AssessmentBlueprintApiController@resetHpcOptions,api,N,C-NO-AUTH,N
api.php,POST,/api/assessment-blueprints/clone,AssessmentBlueprintApiController@clone,api,N,C-NO-AUTH,N
api.php,GET,/api/assessment-blueprints,AssessmentBlueprintApiController@index,api,N,C-NO-AUTH,Y
api.php,POST,/api/assessment-blueprints,AssessmentBlueprintApiController@store,api,N,C-NO-AUTH,Y
api.php,GET,/api/assessment-blueprints/{id},AssessmentBlueprintApiController@show,api,N,C-NO-AUTH,Y
api.php,PUT|PATCH|POST,/api/assessment-blueprints/{id},AssessmentBlueprintApiController@update,api,N,C-NO-AUTH,Y
api.php,DELETE,/api/assessment-blueprints/{id},AssessmentBlueprintApiController@destroy,api,N,C-NO-AUTH,Y
api.php,POST,/api/fees-cancel/search,feesCancelController@search,api|api.session|check_permissions,Y,n/a (route-level auth),Y
api.php,GET,/api/import/tables,ImportApiController@tables,api|api.session,Y,n/a (route-level auth),Y
api.php,POST,/api/import/parse,ImportApiController@parse,api|api.session,Y,n/a (route-level auth),Y
api.php,POST,/api/import/process,ImportApiController@process,api|api.session,Y,n/a (route-level auth),Y
api.php,POST,/api/import/match-fields,ImportApiController@matchFields,api|api.session,Y,n/a (route-level auth),Y
api.php,POST,/api/fees-circular/filters,feesCircularController@index,api|api.session|check_permissions,Y,n/a (route-level auth),Y
api.php,POST,/api/fees-circular/students,feesCircularController@showStudent,api|api.session|check_permissions,Y,n/a (route-level auth),Y
api.php,POST,/api/fees-circular/generate,feesCircularController@showCircular,api|api.session|check_permissions,Y,n/a (route-level auth),Y
api.php,POST,/api/fees-circular-master,feesCircularMasterController@index,api|api.session|check_permissions,Y,n/a (route-level auth),Y
api.php,POST,/api/fees-circular-master/store,feesCircularMasterController@store,api|api.session|check_permissions,Y,n/a (route-level auth),N
api.php,POST,/api/fees-circular-master/{id}/update,feesCircularMasterController@update,api|api.session|check_permissions,Y,n/a (route-level auth),Y
api.php,POST,/api/fees-circular-master/{id}/delete,feesCircularMasterController@destroy,api|api.session|check_permissions,Y,n/a (route-level auth),Y
api.php,GET|POST,/api/intelligence/lesson-plans,IntelligenceLessonPlanApiController@index,api,N,C-NO-AUTH,Y
api.php,GET|POST,/api/intelligence/curriculum-planning,CurriculumPlanningApiController@index,api,N,C-NO-AUTH,Y
api.php,GET|POST,/api/intelligence/curriculum-planning/chapter,CurriculumPlanningApiController@chapter,api,N,C-NO-AUTH,Y
api.php,GET|POST,/api/intelligence/monthly-plan,MonthlyPlanApiController@index,api,N,C-NO-AUTH,Y
api.php,GET|POST,/api/interactions,InteractionLogController@index,api,N,C-NO-AUTH,Y
api.php,POST,/api/interactions/store,InteractionLogController@store,api,N,C-NO-AUTH,N
api.php,POST,/api/interactions/{id}/update,InteractionLogController@update,api,N,C-NO-AUTH,Y
api.php,GET|POST,/api/intelligence/lesson-plan-detail,LessonPlanDetailApiController@index,api,N,C-NO-AUTH,Y
api.php,POST,/api/intelligence/lesson-plan-periods,LessonPlanPeriodApiController@store,api,N,C-NO-AUTH,Y
api.php,POST,/api/intelligence/lesson-plan-periods/{id}/update,LessonPlanPeriodApiController@update,api,N,C-NO-AUTH,Y
api.php,POST,/api/intelligence/lesson-plan-periods/{id}/delete,LessonPlanPeriodApiController@destroy,api,N,C-NO-AUTH,Y
api.php,GET|POST,/api/intelligence/lesson-plan-lookup/chapters,LessonPlanLookupApiController@chapters,api,N,C-NO-AUTH,Y
api.php,GET|POST,/api/intelligence/lesson-plan-lookup/periods,LessonPlanLookupApiController@periods,api,N,C-NO-AUTH,Y
api.php,GET|POST,/api/lesson-intelligence/dropdowns,LessonIntelligenceApiController@dropdowns,api,N,C-NO-AUTH,N
api.php,GET|POST,/api/lesson-intelligence/dropdowns/filter,LessonIntelligenceApiController@dropdownFilter,api,N,C-NO-AUTH,N
api.php,GET|POST,/api/lesson-intelligence/capacity,LessonIntelligenceApiController@capacity,api,N,C-NO-AUTH,N
api.php,GET|POST,/api/lesson-intelligence/calendar-events,LessonIntelligenceApiController@calendarEvents,api,N,C-NO-AUTH,N
api.php,GET|POST,/api/lesson-intelligence/macro-plan/show,LessonIntelligenceApiController@showMacroPlan,api,N,C-NO-AUTH,N
api.php,POST,/api/lesson-intelligence/macro-plan,LessonIntelligenceApiController@storeMacroPlan,api,N,C-NO-AUTH,N
api.php,GET|POST,/api/lesson-intelligence/meso-plan/{planId}/teachers,LessonIntelligenceApiController@mesoPlanTeachers,api,N,C-NO-AUTH,N
api.php,GET|POST,/api/lesson-intelligence/meso-plan/{planId}/periods,LessonIntelligenceApiController@mesoPlanPeriods,api,N,C-NO-AUTH,N
api.php,POST,/api/lesson-intelligence/meso-plan/{planId},LessonIntelligenceApiController@storeMesoPlan,api,N,C-NO-AUTH,N
api.php,POST,/api/lesson-intelligence/micro-plan/period/{periodId},LessonIntelligenceApiController@storeMicroPlan,api,N,C-NO-AUTH,N
api.php,POST,/api/lesson-intelligence/micro-plan/plan/{planId}/batch,LessonIntelligenceApiController@storeMicroPlanBatch,api,N,C-NO-AUTH,N
api.php,POST,/api/intelligence/questions/generate,IntelligenceQuestionGenerationApiController@generate,api|api.session|staff.only|throttle.qgen,Y,n/a (route-level auth),Y
api.php,POST,/api/intelligence/content/generate,IntelligenceContentGenerationApiController@generate,api|api.session|staff.only|throttle.contentgen,Y,n/a (route-level auth),N
api.php,GET,/api/semantic-intelligence,SemanticIntelligenceApiController@index,api,N,C-NO-AUTH,Y
api.php,GET,/api/semantic-intelligence/{extraction_id}/result,SemanticIntelligenceApiController@show,api,N,C-NO-AUTH,Y
api.php,GET,/api/semantic-intelligence/rows,SemanticIntelligenceApiController@rows,api,N,C-NO-AUTH,N
api.php,GET,/api/lms/concept-intelligence/lookup,ConceptIntelligenceIndexController@lookup,api,N,C-NO-AUTH,N
api.php,GET,/api/lms/concept-intelligence/{chapterId}/index,ConceptIntelligenceIndexController@show,api,N,C-NO-AUTH,Y
api.php,GET|POST,/api/lms/concept-intelligence/tab-labels,ConceptIntelligenceTabLabelApiController@index,api,N,C-NO-AUTH,Y
api.php,POST,/api/lms/concept-intelligence/tab-labels/update,ConceptIntelligenceTabLabelApiController@update,api,N,C-NO-AUTH,Y
api.php,POST,/api/lms/concept-intelligence/tab-labels/reset,ConceptIntelligenceTabLabelApiController@reset,api,N,C-NO-AUTH,Y
api.php,GET,/api/lms/coherence-map,CoherenceMapApiController@show,api|lms.auth,Y,n/a (route-level auth),Y
api.php,GET,/api/lms/coherence-map/concept/{conceptId},CoherenceMapApiController@showForConcept,api|lms.auth,Y,n/a (route-level auth),Y
api.php,POST,/api/lms/coherence-map/relations/bulk,CoherenceMapApiController@bulkReview,"api|lms.auth|perm:lms.curriculum,update",Y,n/a (route-level auth),Y
api.php,POST,/api/lms/coherence-map/relations,CoherenceMapApiController@storeRelation,"api|lms.auth|perm:lms.curriculum,update",Y,n/a (route-level auth),Y
api.php,PATCH,/api/lms/coherence-map/relations/{source}/{id},CoherenceMapApiController@reviewRelation,"api|lms.auth|perm:lms.curriculum,update",Y,n/a (route-level auth),Y
api.php,DELETE,/api/lms/coherence-map/relations/{source}/{id},CoherenceMapApiController@destroyRelation,"api|lms.auth|perm:lms.curriculum,update",Y,n/a (route-level auth),Y
api.php,GET,/api/departments,departmentController@index,api,N,"A2-token-bound,no-rights",Y
api.php,GET,/api/departments/create,departmentController@create,api,N,"A2-token-bound,no-rights",N
api.php,GET,/api/department-employee-lists,departmentController@departmentEmpLists,api,N,"A2-token-bound,no-rights",N
api.php,GET,/api/sub-department-list,departmentController@subDepartmentList,api,N,"A2-token-bound,no-rights",N
api.php,GET,/api/department-employee-list,departmentController@departmentEmployeeList,api,N,"A2-token-bound,no-rights",N
api.php,GET,/api/departments/hierarchy,departmentController@hierarchy,api,N,"A2-token-bound,no-rights",Y
api.php,GET,/api/departments-management,departmentController@indexManagement,api,N,"A2-token-bound,no-rights",Y
api.php,POST,/api/departments-management,departmentController@storeManagement,api,N,"A2-token-bound,no-rights",Y
api.php,POST,/api/departments-management/merge,departmentController@merge,api,N,"A2-token-bound,no-rights",Y
api.php,POST,/api/departments-management/reorder,departmentController@reorder,api,N,"A2-token-bound,no-rights",Y
api.php,GET,/api/departments-management/export,departmentController@export,api,N,"A2-token-bound,no-rights",Y
api.php,GET,/api/departments-management/employees,departmentController@employees,api,N,"A2-token-bound,no-rights",Y
api.php,POST,/api/departments-management/{id}/employees,departmentController@assignEmployees,api,N,"A2-token-bound,no-rights",Y
api.php,DELETE,/api/departments-management/{id}/employees,departmentController@unassignEmployees,api,N,"A2-token-bound,no-rights",Y
api.php,GET,/api/departments-management/{id}/impact,departmentController@impact,api,N,"A2-token-bound,no-rights",Y
api.php,PATCH,/api/departments-management/{id}/head,departmentController@setHead,api,N,"A2-token-bound,no-rights",Y
api.php,PUT|PATCH,/api/departments-management/{id},departmentController@updateManagement,api,N,"A2-token-bound,no-rights",Y
api.php,DELETE,/api/departments-management/{id},departmentController@destroyManagement,api,N,"A2-token-bound,no-rights",Y
api.php,GET,/api/users,UserManagementApiController@index,api,N,A-token-bound+rights,Y
api.php,POST,/api/users,UserManagementApiController@store,api,N,A-token-bound+rights,Y
api.php,GET,/api/users/{id},UserManagementApiController@show,api,N,A-token-bound+rights,Y
api.php,POST,/api/users/{id},UserManagementApiController@update,api,N,A-token-bound+rights,Y
api.php,POST,/api/users/{id}/deactivate,UserManagementApiController@destroy,api,N,A-token-bound+rights,Y
api.php,GET,/api/user-profiles,UserManagementApiController@profiles,api,N,A-token-bound+rights,Y
api.php,POST,/api/user-profiles,UserManagementApiController@storeProfile,api,N,A-token-bound+rights,Y
api.php,POST,/api/user-profiles/{id},UserManagementApiController@updateProfile,api,N,A-token-bound+rights,Y
api.php,POST,/api/user-profiles/{id}/delete,UserManagementApiController@destroyProfile,api,N,A-token-bound+rights,Y
api.php,GET,/api/user-reports/bootstrap,UserManagementApiController@reportBootstrap,api,N,A-token-bound+rights,Y
api.php,POST,/api/user-reports/search,UserManagementApiController@report,api,N,A-token-bound+rights,Y
api.php,GET,/api/groupwise-rights,GroupwiseRightsApiController@index,api,N,A-token-bound+rights,Y
api.php,GET,/api/groupwise-rights/{profileId}/matrix,GroupwiseRightsApiController@matrix,api,N,A-token-bound+rights,Y
api.php,POST,/api/groupwise-rights,GroupwiseRightsApiController@store,api,N,A-token-bound+rights,Y
api.php,GET,/api/individual-rights,IndividualRightsApiController@index,api,N,A-token-bound+rights,Y
api.php,GET,/api/individual-rights/{profileId}/users,IndividualRightsApiController@users,api,N,A-token-bound+rights,Y
api.php,GET,/api/individual-rights/{profileId}/{userId}/matrix,IndividualRightsApiController@matrix,api,N,A-token-bound+rights,Y
api.php,POST,/api/individual-rights,IndividualRightsApiController@store,api,N,A-token-bound+rights,Y
api.php,GET,/api/mobile-app-rights/bootstrap,MobileAppMenuRightsApiController@bootstrap,api,N,A-token-bound+rights,Y
api.php,GET,/api/mobile-app-rights/{profileId}/rights,MobileAppMenuRightsApiController@rights,api,N,A-token-bound+rights,Y
api.php,POST,/api/mobile-app-rights/rights,MobileAppMenuRightsApiController@saveRights,api,N,A-token-bound+rights,Y
api.php,GET,/api/mobile-app-rights/config,MobileAppMenuRightsApiController@configIndex,api,N,A-token-bound+rights,Y
api.php,POST,/api/mobile-app-rights/config,MobileAppMenuRightsApiController@createConfig,api,N,A-token-bound+rights,Y
api.php,POST,/api/mobile-app-rights/config/{id},MobileAppMenuRightsApiController@updateConfig,api,N,A-token-bound+rights,Y
api.php,GET,/api/teacher-transfer,TeacherTransferApiController@index,api,N,A-token-bound+rights,Y
api.php,POST,/api/teacher-transfer,TeacherTransferApiController@store,api,N,A-token-bound+rights,Y
api.php,GET,/api/complaints,ComplaintApiController@index,api,N,"B-jwt-valid,client-tenant",Y
api.php,POST,/api/complaints,ComplaintApiController@store,api,N,"B-jwt-valid,client-tenant",Y
api.php,POST,/api/complaints/{id}/delete,ComplaintApiController@destroy,api,N,"B-jwt-valid,client-tenant",Y
api.php,POST,/api/complaints/{id},ComplaintApiController@update,api,N,"B-jwt-valid,client-tenant",Y
api.php,GET,/api/consents/students,ConsentApiController@students,api,N,"B-jwt-valid,client-tenant",Y
api.php,GET,/api/consents,ConsentApiController@index,api,N,"B-jwt-valid,client-tenant",Y
api.php,POST,/api/consents/delete,ConsentApiController@destroy,api,N,"B-jwt-valid,client-tenant",N
api.php,POST,/api/consents,ConsentApiController@store,api,N,"B-jwt-valid,client-tenant",Y
api.php,GET,/api/front-desk/report,FrontDeskApiController@report,api,N,"B-jwt-valid,client-tenant",N
api.php,GET,/api/front-desk,FrontDeskApiController@index,api,N,"B-jwt-valid,client-tenant",Y
api.php,GET,/api/front-desk/photo-video-gallery,PhotoVideoGallaryApiController@index,api,N,"B-jwt-valid,client-tenant",Y
api.php,POST,/api/front-desk/photo-video-gallery,PhotoVideoGallaryApiController@store,api,N,"B-jwt-valid,client-tenant",Y
api.php,POST,/api/front-desk/photo-video-gallery/{id}/delete,PhotoVideoGallaryApiController@destroy,api,N,"B-jwt-valid,client-tenant",Y
api.php,POST,/api/front-desk/photo-video-gallery/{id},PhotoVideoGallaryApiController@update,api,N,"B-jwt-valid,client-tenant",Y
api.php,GET,/api/front-desk/{id},FrontDeskApiController@show,api,N,"B-jwt-valid,client-tenant",Y
api.php,POST,/api/front-desk,FrontDeskApiController@store,api,N,"B-jwt-valid,client-tenant",Y
api.php,POST,/api/front-desk/{id}/delete,FrontDeskApiController@destroy,api,N,"B-jwt-valid,client-tenant",Y
api.php,POST,/api/front-desk/{id},FrontDeskApiController@update,api,N,"B-jwt-valid,client-tenant",Y
api.php,GET,/api/petty-cash/heads,PettyCashApiController@headIndex,api,N,"B-jwt-valid,client-tenant",N
api.php,POST,/api/petty-cash/heads,PettyCashApiController@headStore,api,N,"B-jwt-valid,client-tenant",N
api.php,POST,/api/petty-cash/heads/{id}/delete,PettyCashApiController@headDestroy,api,N,"B-jwt-valid,client-tenant",N
api.php,POST,/api/petty-cash/heads/{id},PettyCashApiController@headUpdate,api,N,"B-jwt-valid,client-tenant",N
api.php,GET,/api/petty-cash/report,PettyCashApiController@report,api,N,"B-jwt-valid,client-tenant",N
api.php,GET,/api/petty-cash,PettyCashApiController@index,api,N,"B-jwt-valid,client-tenant",Y
api.php,GET,/api/petty-cash/{id},PettyCashApiController@show,api,N,"B-jwt-valid,client-tenant",Y
api.php,POST,/api/petty-cash,PettyCashApiController@store,api,N,"B-jwt-valid,client-tenant",Y
api.php,POST,/api/petty-cash/{id}/delete,PettyCashApiController@destroy,api,N,"B-jwt-valid,client-tenant",Y
api.php,POST,/api/petty-cash/{id},PettyCashApiController@update,api,N,"B-jwt-valid,client-tenant",Y
api.php,GET,/api/onboarding-modules/overview,OnboardingApiController@overview,api|api.session,Y,n/a (route-level auth),N
api.php,GET,/api/onboarding-modules/modules/{moduleKey},OnboardingApiController@show,api|api.session,Y,n/a (route-level auth),N
api.php,POST,/api/onboarding-modules/steps/{stepId},OnboardingApiController@updateStep,api|api.session,Y,n/a (route-level auth),N
api.php,GET,/api/document-templates/merge-fields,DocumentTemplateApiController@mergeFields,api,N,C-NO-AUTH,N
api.php,GET,/api/document-templates/merge-data,DocumentTemplateApiController@mergeData,api,N,C-NO-AUTH,N
api.php,GET,/api/document-templates/preview-students,DocumentTemplateApiController@previewStudents,api,N,C-NO-AUTH,N
api.php,GET,/api/document-templates,DocumentTemplateApiController@index,api,N,C-NO-AUTH,Y
api.php,GET,/api/document-templates/{id}/versions,DocumentTemplateApiController@versions,api,N,C-NO-AUTH,Y
api.php,GET,/api/document-templates/{id}/versions/{version},DocumentTemplateApiController@versionContent,api,N,C-NO-AUTH,Y
api.php,GET,/api/document-templates/{id},DocumentTemplateApiController@show,api,N,C-NO-AUTH,Y
api.php,POST,/api/document-templates,DocumentTemplateApiController@store,api,N,C-NO-AUTH,Y
api.php,POST,/api/document-templates/{id}/duplicate,DocumentTemplateApiController@duplicate,api,N,C-NO-AUTH,Y
api.php,POST,/api/document-templates/{id}/restore/{version},DocumentTemplateApiController@restore,api,N,C-NO-AUTH,Y
api.php,POST,/api/document-templates/{id}/delete,DocumentTemplateApiController@destroy,api,N,C-NO-AUTH,Y
api.php,POST,/api/document-templates/{id},DocumentTemplateApiController@update,api,N,C-NO-AUTH,Y
api.php,GET,/api/fields-configuration,CustomFieldApiController@index,api,N,A-token-bound+rights,Y
api.php,POST,/api/fields-configuration/update-sort,CustomFieldApiController@updateSortOrder,api,N,A-token-bound+rights,N
api.php,POST,/api/fields-configuration,CustomFieldApiController@store,api,N,A-token-bound+rights,Y
api.php,GET,/api/fields-configuration/{id},CustomFieldApiController@show,api,N,A-token-bound+rights,Y
api.php,POST,/api/fields-configuration/{id},CustomFieldApiController@update,api,N,A-token-bound+rights,Y
api.php,POST,/api/fields-configuration/{id}/delete,CustomFieldApiController@destroy,api,N,A-token-bound+rights,Y
api.php,GET,/api/attendance-weekly,AttendanceApiController@weeklySummary,api,N,"A2-token-bound,no-rights",N
api.php,GET,/api/KPI-HRITDashboard,AttendanceApiController@KPI,api,N,"A2-token-bound,no-rights",N
api.php,GET,/api/employee-attendance-monthly-report,AttendanceApiController@employeeMonthlyReport,api,N,"A2-token-bound,no-rights",N
api.php,GET,/api/jobroles-by-department,JobroleApiController@getDepartmentWise,api,N,"A2-token-bound,no-rights",Y
api.php,GET,/api/leave-distribution,LeaveDistribution@leaveDistribution,api,N,"A2-token-bound,no-rights",N
api.php,GET,/api/leave/dashboard,LeaveDashboardController@index,api,N,"A2-token-bound,no-rights",Y
api.php,GET,/api/leave/trend,LeaveDashboardController@trend,api,N,"A2-token-bound,no-rights",Y
api.php,GET,/api/leave/department-summary,LeaveDashboardController@departmentSummary,api,N,"A2-token-bound,no-rights",Y
api.php,GET,/api/leave/type-distribution,LeaveDashboardController@typeDistribution,api,N,"A2-token-bound,no-rights",Y
api.php,GET,/api/leave/holidays/upcoming,LeaveDashboardController@upcomingHolidays,api,N,"A2-token-bound,no-rights",Y
api.php,GET,/api/leave/options,LeaveOptionsController@index,api,N,"A2-token-bound,no-rights",Y
api.php,GET,/api/leave/balances,LeaveOptionsController@balances,api,N,"A2-token-bound,no-rights",Y
api.php,GET,/api/leave/requests,LeaveRequestApiController@index,api,N,"A2-token-bound,no-rights",Y
api.php,POST,/api/leave/requests,LeaveRequestApiController@store,api,N,"A2-token-bound,no-rights",Y
api.php,POST,/api/leave/requests/bulk-decision,LeaveRequestApiController@bulkDecision,api,N,"A2-token-bound,no-rights",Y
api.php,GET,/api/leave/requests/{id},LeaveRequestApiController@show,api,N,"A2-token-bound,no-rights",Y
api.php,POST,/api/leave/requests/{id}/decision,LeaveRequestApiController@decision,api,N,"A2-token-bound,no-rights",Y
api.php,DELETE,/api/leave/requests/{id},LeaveRequestApiController@destroy,api,N,"A2-token-bound,no-rights",Y
api.php,GET,/api/leave/reports/summary,LeaveReportApiController@summary,api,N,"A2-token-bound,no-rights",Y
api.php,GET,/api/leave/reports/register,LeaveReportApiController@register,api,N,"A2-token-bound,no-rights",Y
api.php,GET,/api/leave/reports/balance,LeaveReportApiController@balance,api,N,"A2-token-bound,no-rights",Y
api.php,GET,/api/leave/leave-types,LeaveTypeApiController@index,api,N,"A2-token-bound,no-rights",Y
api.php,POST,/api/leave/leave-types,LeaveTypeApiController@store,api,N,"A2-token-bound,no-rights",Y
api.php,PUT,/api/leave/leave-types/{id},LeaveTypeApiController@store,api,N,"A2-token-bound,no-rights",Y
api.php,PATCH,/api/leave/leave-types/{id}/status,LeaveTypeApiController@toggleStatus,api,N,"A2-token-bound,no-rights",Y
api.php,DELETE,/api/leave/leave-types/{id},LeaveTypeApiController@destroy,api,N,"A2-token-bound,no-rights",Y
api.php,GET,/api/leave/holidays,HolidayApiController@index,api,N,"A2-token-bound,no-rights",Y
api.php,POST,/api/leave/holidays,HolidayApiController@store,api,N,"A2-token-bound,no-rights",Y
api.php,PUT,/api/leave/holidays/{id},HolidayApiController@update,api,N,"A2-token-bound,no-rights",Y
api.php,DELETE,/api/leave/holidays/{id},HolidayApiController@destroy,api,N,"A2-token-bound,no-rights",Y
api.php,GET,/api/leave/weekdays,HolidayApiController@weekdays,api,N,"A2-token-bound,no-rights",Y
api.php,POST,/api/leave/weekdays,HolidayApiController@storeWeekdays,api,N,"A2-token-bound,no-rights",Y
api.php,GET,/api/leave/workflow,LeaveWorkflowApiController@workflow,api,N,"A2-token-bound,no-rights",Y
api.php,PUT,/api/leave/workflow,LeaveWorkflowApiController@saveWorkflow,api,N,"A2-token-bound,no-rights",Y
api.php,GET,/api/leave/roles,LeaveWorkflowApiController@roles,api,N,"A2-token-bound,no-rights",Y
api.php,PUT,/api/leave/roles,LeaveWorkflowApiController@saveRoles,api,N,"A2-token-bound,no-rights",Y
api.php,GET,/api/leave/distribution,LeaveDistributionApiController@index,api,N,"A2-token-bound,no-rights",N
api.php,GET,/api/attendance/my-attendance,AttendanceTrackingApiController@myAttendance,api,N,"A2-token-bound,no-rights",Y
api.php,POST,/api/attendance/punch-in,AttendanceTrackingApiController@punchIn,api,N,"A2-token-bound,no-rights",Y
api.php,POST,/api/attendance/punch-out,AttendanceTrackingApiController@punchOut,api,N,"A2-token-bound,no-rights",Y
api.php,GET,/api/attendance/report-filters,AttendanceReportApiController@filters,api,N,"A2-token-bound,no-rights",Y
api.php,GET,/api/attendance/employees,AttendanceReportApiController@employees,api,N,"A2-token-bound,no-rights",Y
api.php,GET,/api/attendance/day-detail,AttendanceReportApiController@dayDetail,api,N,"A2-token-bound,no-rights",Y
api.php,GET,/api/attendance/latest-activity-date,AttendanceReportApiController@latestActivityDate,api,N,"A2-token-bound,no-rights",Y
api.php,GET,/api/attendance/weekly-summary,AttendanceDashboardApiController@weeklySummary,api,N,"A2-token-bound,no-rights",Y
api.php,GET,/api/attendance/kpi,AttendanceDashboardApiController@kpi,api,N,"A2-token-bound,no-rights",Y
api_hostel.php,GET,/api/hostel-setup/{module},HostelSetupApiController@index,api|api.session,Y,n/a (route-level auth),Y
api_hostel.php,POST,/api/hostel-setup/{module},HostelSetupApiController@store,api|api.session,Y,n/a (route-level auth),Y
api_hostel.php,PUT|PATCH,/api/hostel-setup/{module}/{id},HostelSetupApiController@update,api|api.session,Y,n/a (route-level auth),Y
api_hostel.php,DELETE,/api/hostel-setup/{module}/{id},HostelSetupApiController@destroy,api|api.session,Y,n/a (route-level auth),Y
brain.php,GET,/api/brain/access,BrainController@access,api|brain.auth|brain.tenant|brain.permission:read,Y,n/a (route-level auth),Y
brain.php,GET,/api/brain/navigation,BrainController@navigation,api|brain.auth|brain.tenant|brain.permission:read,Y,n/a (route-level auth),Y
brain.php,GET,/api/brain/{tenantId}/overview,BrainController@overview,api|brain.auth|brain.tenant|brain.permission:read,Y,n/a (route-level auth),Y
brain.php,GET,/api/brain/{tenantId}/foundation,BrainController@foundation,api|brain.auth|brain.tenant|brain.permission:read,Y,n/a (route-level auth),Y
brain.php,GET,/api/brain/{tenantId}/search,BrainController@search,api|brain.auth|brain.tenant|brain.permission:read,Y,n/a (route-level auth),Y
brain.php,GET,/api/brain/{tenantId}/departments,BrainController@departments,api|brain.auth|brain.tenant|brain.permission:read,Y,n/a (route-level auth),Y
brain.php,GET,/api/brain/{tenantId}/people,BrainController@people,api|brain.auth|brain.tenant|brain.permission:read,Y,n/a (route-level auth),Y
brain.php,GET,/api/brain/{tenantId}/capabilities,BrainController@capabilities,api|brain.auth|brain.tenant|brain.permission:read,Y,n/a (route-level auth),Y
brain.php,POST,/api/brain/{tenantId}/capabilities,BrainController@capabilityStore,api|brain.auth|brain.tenant|brain.permission:create,Y,n/a (route-level auth),Y
brain.php,GET,/api/brain/{tenantId}/capabilities/{id},BrainController@capabilityShow,api|brain.auth|brain.tenant|brain.permission:read,Y,n/a (route-level auth),Y
brain.php,PATCH,/api/brain/{tenantId}/capabilities/{id},BrainController@capabilityUpdate,api|brain.auth|brain.tenant|brain.permission:update,Y,n/a (route-level auth),Y
brain.php,POST,/api/brain/{tenantId}/capabilities/{id}/assign,BrainController@capabilityAssign,api|brain.auth|brain.tenant|brain.permission:update,Y,n/a (route-level auth),Y
brain.php,DELETE,/api/brain/{tenantId}/capabilities/{id}/assign/{assignmentId},BrainController@capabilityUnassign,api|brain.auth|brain.tenant|brain.permission:delete,Y,n/a (route-level auth),Y
brain.php,GET,/api/brain/{tenantId}/ingestion,BrainController@ingestion,api|brain.auth|brain.tenant|brain.permission:read,Y,n/a (route-level auth),Y
brain.php,POST,/api/brain/{tenantId}/ingestion/run,BrainController@ingestionRun,api|brain.auth|brain.tenant|brain.permission:create,Y,n/a (route-level auth),Y
brain.php,GET,/api/brain/{tenantId}/kasba,BrainController@kasba,api|brain.auth|brain.tenant|brain.permission:read,Y,n/a (route-level auth),Y
brain.php,GET,/api/brain/{tenantId}/ai-assistant,BrainController@aiAssistant,api|brain.auth|brain.tenant|brain.permission:read,Y,n/a (route-level auth),Y
brain.php,GET,/api/brain/{tenantId}/settings,BrainController@settings,api|brain.auth|brain.tenant|brain.permission:read,Y,n/a (route-level auth),Y
brain.php,PUT,/api/brain/{tenantId}/settings,BrainController@settingsUpdate,api|brain.auth|brain.tenant|brain.permission:settings.manage,Y,n/a (route-level auth),Y
brain.php,GET,/api/brain/{tenantId}/intelligence,BrainIntelligenceController@intelligence,api|brain.auth|brain.tenant|brain.permission:read,Y,n/a (route-level auth),Y
brain.php,POST,/api/brain/{tenantId}/intelligence/run,BrainIntelligenceController@intelligenceRun,api|brain.auth|brain.tenant|brain.permission:create,Y,n/a (route-level auth),Y
brain.php,GET,/api/brain/{tenantId}/signals,BrainIntelligenceController@signals,api|brain.auth|brain.tenant|brain.permission:read,Y,n/a (route-level auth),Y
brain.php,GET,/api/brain/{tenantId}/signals/{id},BrainIntelligenceController@signalShow,api|brain.auth|brain.tenant|brain.permission:read,Y,n/a (route-level auth),Y
brain.php,GET,/api/brain/{tenantId}/recommendations,BrainIntelligenceController@recommendations,api|brain.auth|brain.tenant|brain.permission:read,Y,n/a (route-level auth),Y
brain.php,POST,/api/brain/{tenantId}/recommendations/{id}/decide,BrainIntelligenceController@decide,api|brain.auth|brain.tenant|brain.permission:update,Y,n/a (route-level auth),Y
brain.php,POST,/api/brain/{tenantId}/executions/{id}/complete,BrainIntelligenceController@executionComplete,api|brain.auth|brain.tenant|brain.permission:update,Y,n/a (route-level auth),Y
brain.php,GET,/api/brain/{tenantId}/fees/intelligence,BrainFeesIntelligenceController@index,api|brain.auth|brain.tenant|brain.permission:read,Y,n/a (route-level auth),Y
brain.php,POST,/api/brain/{tenantId}/fees/intelligence/run,BrainFeesIntelligenceController@run,api|brain.auth|brain.tenant|brain.permission:create,Y,n/a (route-level auth),Y
brain.php,GET,/api/brain/{tenantId}/fees/accounts,BrainFeesIntelligenceController@accounts,api|brain.auth|brain.tenant|brain.permission:read,Y,n/a (route-level auth),Y
brain.php,GET,/api/brain/{tenantId}/result/intelligence,BrainResultIntelligenceController@index,api|brain.auth|brain.tenant|brain.permission:read,Y,n/a (route-level auth),Y
brain.php,GET,/api/brain/{tenantId}/petty-cash/intelligence,BrainPettyCashIntelligenceController@index,api|brain.auth|brain.tenant|brain.permission:read,Y,n/a (route-level auth),Y
brain.php,GET,/api/brain/{tenantId}/document-templates/intelligence,BrainDocumentTemplateIntelligenceController@index,api|brain.auth|brain.tenant|brain.permission:read,Y,n/a (route-level auth),Y
brain.php,GET,/api/brain/{tenantId}/ptm/intelligence,BrainPtmIntelligenceController@index,api|brain.auth|brain.tenant|brain.permission:read,Y,n/a (route-level auth),Y
brain.php,GET,/api/brain/{tenantId}/consent/intelligence,BrainConsentIntelligenceController@index,api|brain.auth|brain.tenant|brain.permission:read,Y,n/a (route-level auth),Y
brain.php,POST,/api/brain/{tenantId}/result/intelligence/run,BrainResultIntelligenceController@run,api|brain.auth|brain.tenant|brain.permission:create,Y,n/a (route-level auth),Y
brain.php,GET,/api/brain/{tenantId}/attendance/intelligence,BrainAttendanceIntelligenceController@index,api|brain.auth|brain.tenant|brain.permission:read,Y,n/a (route-level auth),Y
brain.php,POST,/api/brain/{tenantId}/attendance/intelligence/run,BrainAttendanceIntelligenceController@run,api|brain.auth|brain.tenant|brain.permission:create,Y,n/a (route-level auth),Y
brain.php,GET,/api/brain/{tenantId}/student/intelligence,BrainStudentIntelligenceController@index,api|brain.auth|brain.tenant|brain.permission:read,Y,n/a (route-level auth),Y
brain.php,POST,/api/brain/{tenantId}/student/intelligence/run,BrainStudentIntelligenceController@run,api|brain.auth|brain.tenant|brain.permission:create,Y,n/a (route-level auth),Y
brain.php,GET,/api/brain/{tenantId}/transport/intelligence,BrainTransportIntelligenceController@index,api|brain.auth|brain.tenant|brain.permission:read,Y,n/a (route-level auth),Y
brain.php,POST,/api/brain/{tenantId}/transport/intelligence/run,BrainTransportIntelligenceController@run,api|brain.auth|brain.tenant|brain.permission:create,Y,n/a (route-level auth),Y
brain.php,GET,/api/brain/{tenantId}/library/intelligence,BrainLibraryIntelligenceController@index,api|brain.auth|brain.tenant|brain.permission:read,Y,n/a (route-level auth),Y
brain.php,POST,/api/brain/{tenantId}/library/intelligence/run,BrainLibraryIntelligenceController@run,api|brain.auth|brain.tenant|brain.permission:create,Y,n/a (route-level auth),Y
brain.php,GET,/api/brain/{tenantId}/academic/intelligence,BrainAcademicIntelligenceController@index,api|brain.auth|brain.tenant|brain.permission:read,Y,n/a (route-level auth),Y
brain.php,POST,/api/brain/{tenantId}/academic/intelligence/run,BrainAcademicIntelligenceController@run,api|brain.auth|brain.tenant|brain.permission:create,Y,n/a (route-level auth),Y
brain.php,GET,/api/brain/{tenantId}/hr/intelligence,BrainHrIntelligenceController@index,api|brain.auth|brain.tenant|brain.permission:read,Y,n/a (route-level auth),Y
brain.php,POST,/api/brain/{tenantId}/hr/intelligence/run,BrainHrIntelligenceController@run,api|brain.auth|brain.tenant|brain.permission:create,Y,n/a (route-level auth),Y
brain.php,GET,/api/brain/{tenantId}/communication/intelligence,BrainCommunicationIntelligenceController@index,api|brain.auth|brain.tenant|brain.permission:read,Y,n/a (route-level auth),Y
brain.php,POST,/api/brain/{tenantId}/communication/intelligence/run,BrainCommunicationIntelligenceController@run,api|brain.auth|brain.tenant|brain.permission:create,Y,n/a (route-level auth),Y
brain.php,GET,/api/brain/{tenantId}/homework/intelligence,BrainHomeworkIntelligenceController@index,api|brain.auth|brain.tenant|brain.permission:read,Y,n/a (route-level auth),Y
brain.php,POST,/api/brain/{tenantId}/homework/intelligence/run,BrainHomeworkIntelligenceController@run,api|brain.auth|brain.tenant|brain.permission:create,Y,n/a (route-level auth),Y
brain.php,GET,/api/brain/{tenantId}/admissions/intelligence,BrainAdmissionsIntelligenceController@index,api|brain.auth|brain.tenant|brain.permission:read,Y,n/a (route-level auth),Y
brain.php,POST,/api/brain/{tenantId}/admissions/intelligence/run,BrainAdmissionsIntelligenceController@run,api|brain.auth|brain.tenant|brain.permission:create,Y,n/a (route-level auth),Y
brain.php,GET,/api/brain/{tenantId}/inventory/intelligence,BrainInventoryIntelligenceController@index,api|brain.auth|brain.tenant|brain.permission:read,Y,n/a (route-level auth),Y
brain.php,POST,/api/brain/{tenantId}/inventory/intelligence/run,BrainInventoryIntelligenceController@run,api|brain.auth|brain.tenant|brain.permission:create,Y,n/a (route-level auth),Y
brain.php,GET,/api/brain/{tenantId}/hostel/intelligence,BrainHostelIntelligenceController@index,api|brain.auth|brain.tenant|brain.permission:read,Y,n/a (route-level auth),Y
brain.php,POST,/api/brain/{tenantId}/hostel/intelligence/run,BrainHostelIntelligenceController@run,api|brain.auth|brain.tenant|brain.permission:create,Y,n/a (route-level auth),Y
brain.php,GET,/api/brain/{tenantId}/visitor/intelligence,BrainVisitorIntelligenceController@index,api|brain.auth|brain.tenant|brain.permission:read,Y,n/a (route-level auth),Y
brain.php,POST,/api/brain/{tenantId}/visitor/intelligence/run,BrainVisitorIntelligenceController@run,api|brain.auth|brain.tenant|brain.permission:create,Y,n/a (route-level auth),Y
brain.php,GET,/api/brain/{tenantId}/correspondence/intelligence,BrainCorrespondenceIntelligenceController@index,api|brain.auth|brain.tenant|brain.permission:read,Y,n/a (route-level auth),Y
brain.php,POST,/api/brain/{tenantId}/correspondence/intelligence/run,BrainCorrespondenceIntelligenceController@run,api|brain.auth|brain.tenant|brain.permission:create,Y,n/a (route-level auth),Y
brain.php,GET,/api/brain/{tenantId}/teach-learn/intelligence,BrainTeachLearnIntelligenceController@index,api|brain.auth|brain.tenant|brain.permission:read,Y,n/a (route-level auth),Y
brain.php,POST,/api/brain/{tenantId}/teach-learn/intelligence/run,BrainTeachLearnIntelligenceController@run,api|brain.auth|brain.tenant|brain.permission:create,Y,n/a (route-level auth),Y
brain.php,GET,/api/brain/{tenantId}/organization/intelligence,BrainOrganizationIntelligenceController@index,api|brain.auth|brain.tenant|brain.permission:read,Y,n/a (route-level auth),Y
brain.php,POST,/api/brain/{tenantId}/organization/intelligence/run,BrainOrganizationIntelligenceController@run,api|brain.auth|brain.tenant|brain.permission:create,Y,n/a (route-level auth),Y
brain.php,GET,/api/brain/{tenantId}/task-management/intelligence,BrainTaskIntelligenceController@index,api|brain.auth|brain.tenant|brain.permission:read,Y,n/a (route-level auth),Y
brain.php,POST,/api/brain/{tenantId}/task-management/intelligence/run,BrainTaskIntelligenceController@run,api|brain.auth|brain.tenant|brain.permission:create,Y,n/a (route-level auth),Y
brain.php,GET,/api/brain/{tenantId}/talent/intelligence,BrainTalentIntelligenceController@index,api|brain.auth|brain.tenant|brain.permission:read,Y,n/a (route-level auth),Y
brain.php,POST,/api/brain/{tenantId}/talent/intelligence/run,BrainTalentIntelligenceController@run,api|brain.auth|brain.tenant|brain.permission:create,Y,n/a (route-level auth),Y
brain.php,GET,/api/brain/{tenantId}/capability/intelligence,BrainCapabilityIntelligenceController@index,api|brain.auth|brain.tenant|brain.permission:read,Y,n/a (route-level auth),Y
brain.php,POST,/api/brain/{tenantId}/capability/intelligence/run,BrainCapabilityIntelligenceController@run,api|brain.auth|brain.tenant|brain.permission:create,Y,n/a (route-level auth),Y
brain.php,GET,/api/brain/{tenantId}/staff-attendance/intelligence,BrainStaffAttendanceIntelligenceController@index,api|brain.auth|brain.tenant|brain.permission:read,Y,n/a (route-level auth),Y
brain.php,POST,/api/brain/{tenantId}/staff-attendance/intelligence/run,BrainStaffAttendanceIntelligenceController@run,api|brain.auth|brain.tenant|brain.permission:create,Y,n/a (route-level auth),Y
brain.php,GET,/api/brain/{tenantId}/lms-activity/intelligence,BrainLmsActivityIntelligenceController@index,api|brain.auth|brain.tenant|brain.permission:read,Y,n/a (route-level auth),Y
brain.php,POST,/api/brain/{tenantId}/lms-activity/intelligence/run,BrainLmsActivityIntelligenceController@run,api|brain.auth|brain.tenant|brain.permission:create,Y,n/a (route-level auth),Y
brain.php,GET,/api/brain/{tenantId}/{module}/integration,BrainIntelligenceIntegrationController@getIntegration,api|brain.auth|brain.tenant|brain.permission:read,Y,n/a (route-level auth),Y
brain.php,GET,/api/brain/{tenantId}/modules/{module}/integration,BrainIntelligenceIntegrationController@getIntegration,api|brain.auth|brain.tenant|brain.permission:read,Y,n/a (route-level auth),Y
brain.php,GET,/api/brain/{tenantId}/{module}/workflows,BrainIntelligenceIntegrationController@getWorkflows,api|brain.auth|brain.tenant|brain.permission:read,Y,n/a (route-level auth),Y
brain.php,GET,/api/brain/{tenantId}/modules/{module}/workflows,BrainIntelligenceIntegrationController@getWorkflows,api|brain.auth|brain.tenant|brain.permission:read,Y,n/a (route-level auth),Y
brain.php,POST,/api/brain/{tenantId}/{module}/workflows/{flowKey}/trigger,BrainIntelligenceIntegrationController@triggerWorkflow,api|brain.auth|brain.tenant|brain.permission:create,Y,n/a (route-level auth),Y
brain.php,POST,/api/brain/{tenantId}/modules/{module}/workflows/{flowKey}/trigger,BrainIntelligenceIntegrationController@triggerWorkflow,api|brain.auth|brain.tenant|brain.permission:create,Y,n/a (route-level auth),Y
brain.php,GET,/api/brain/{tenantId}/executive,BrainIntelligenceController@executive,api|brain.auth|brain.tenant|brain.permission:read,Y,n/a (route-level auth),Y
brain.php,GET,/api/brain/{tenantId}/intelligence/classes,BrainIntelligenceController@classIntelligence,api|brain.auth|brain.tenant|brain.permission:read,Y,n/a (route-level auth),Y
brain.php,GET,/api/brain/{tenantId}/intelligence/departments,BrainIntelligenceController@departmentIntelligence,api|brain.auth|brain.tenant|brain.permission:read,Y,n/a (route-level auth),Y
brain.php,GET,/api/brain/{tenantId}/intelligence/teachers,BrainIntelligenceController@teacherIntelligence,api|brain.auth|brain.tenant|brain.permission:read,Y,n/a (route-level auth),Y
brain.php,GET,/api/brain/{tenantId}/intelligence/students/{id},BrainIntelligenceController@studentIntelligence,api|brain.auth|brain.tenant|brain.permission:read,Y,n/a (route-level auth),Y
brain.php,GET,/api/brain/{tenantId}/graph,BrainIntelligenceController@graph,api|brain.auth|brain.tenant|brain.permission:read,Y,n/a (route-level auth),Y
brain.php,GET,/api/brain/{tenantId}/analytics,BrainIntelligenceController@analytics,api|brain.auth|brain.tenant|brain.permission:read,Y,n/a (route-level auth),Y
brain.php,GET,/api/brain/{tenantId}/knowledge,BrainIntelligenceController@knowledge,api|brain.auth|brain.tenant|brain.permission:read,Y,n/a (route-level auth),Y
brain.php,GET,/api/brain/{tenantId}/automation,BrainIntelligenceController@automation,api|brain.auth|brain.tenant|brain.permission:read,Y,n/a (route-level auth),Y
brain.php,GET,/api/brain/{tenantId}/students,BrainIntelligenceController@students,api|brain.auth|brain.tenant|brain.permission:read,Y,n/a (route-level auth),Y
brain.php,GET,/api/brain/{tenantId}/sections/{section},BrainController@section,api|brain.auth|brain.tenant|brain.permission:read,Y,n/a (route-level auth),Y
brain.php,GET,/api/brain/{tenantId}/screens/{screen},BrainController@screen,api|brain.auth|brain.tenant|brain.permission:read,Y,n/a (route-level auth),Y
cal.php,RESOURCE,/calendar/calendar,calendar\calendar\calendar_controller,web|session|menu|logRoute|check_permissions,Y,n/a (route-level auth),Y
cal.php,POST,/calendar/calendar-api-store,calendar_api_controller@store,web|session|menu|logRoute|check_permissions,Y,n/a (route-level auth),Y
cal.php,GET,/calendar/calendar-api-list,calendar_api_controller@index,web|session|menu|logRoute|check_permissions,Y,n/a (route-level auth),Y
cal.php,POST,/studentCalenderAPI,calendar_controller@studentCalenderAPI,web,N,"B-jwt-valid,client-tenant",N
cal.php,GET,/calendar/fetchData,calendar_controller@fetchData,web,N,"B-jwt-valid,client-tenant",N
cal.php,POST,/calendar/TeacherFetchData,calendar_controller@TeacherFetchData,web,N,"B-jwt-valid,client-tenant",N
cal.php,GET,/calendar/searchByDate,calendar_controller@searchByDate,web,N,"B-jwt-valid,client-tenant",N
cal.php,POST,/neo4j/assessment,addAssesmentController@store,web,N,C-NO-AUTH,N
competency_management.php,GET,/api/competency/employee-profiles,EmployeeCompetencyProfileController@index,api|api.session|staff.only,Y,n/a (route-level auth),Y
competency_management.php,GET,/api/competency/employee-profiles/{id},EmployeeCompetencyProfileController@show,api|api.session|staff.only,Y,n/a (route-level auth),Y
competency_management.php,GET,/api/competency/employee-profiles/{id}/available-skills,EmployeeCompetencyProfileController@availableSkills,api|api.session|staff.only,Y,n/a (route-level auth),Y
competency_management.php,POST,/api/competency/employee-profiles/{id}/skills,EmployeeCompetencyProfileController@addSkill,api|api.session|staff.only,Y,n/a (route-level auth),Y
competency_management.php,PUT,/api/competency/employee-profiles/{id}/skills/{matrixId},EmployeeCompetencyProfileController@updateSkill,api|api.session|staff.only,Y,n/a (route-level auth),Y
competency_management.php,GET,/api/competency/employee-profiles/{id}/skills/{skillId}/history,EmployeeCompetencyProfileController@skillHistory,api|api.session|staff.only,Y,n/a (route-level auth),Y
competency_management.php,GET,/api/competency/employee-profiles/{id}/notes,EmployeeCompetencyProfileController@notes,api|api.session|staff.only,Y,n/a (route-level auth),Y
competency_management.php,PUT,/api/competency/employee-profiles/{id}/notes,EmployeeCompetencyProfileController@saveNotes,api|api.session|staff.only,Y,n/a (route-level auth),Y
competency_management.php,GET,/api/competency/employee-profiles/{id}/certifications,EmployeeCompetencyProfileController@certifications,api|api.session|staff.only,Y,n/a (route-level auth),Y
competency_management.php,GET,/api/competency/employee-profiles/{id}/development-plans,EmployeeCompetencyProfileController@developmentPlans,api|api.session|staff.only,Y,n/a (route-level auth),Y
competency_management.php,GET,/api/competency/employee-profiles/{id}/evidence,EmployeeCompetencyProfileController@evidence,api|api.session|staff.only,Y,n/a (route-level auth),Y
competency_management.php,POST,/api/competency/employee-profiles/{id}/evidence,EmployeeCompetencyProfileController@storeEvidence,api|api.session|staff.only,Y,n/a (route-level auth),Y
competency_management.php,DELETE,/api/competency/employee-profiles/{id}/evidence/{evidenceId},EmployeeCompetencyProfileController@deleteEvidence,api|api.session|staff.only,Y,n/a (route-level auth),Y
competency_management.php,GET,/api/competency/employee-profiles/{id}/career-path,EmployeeCompetencyProfileController@careerPath,api|api.session|staff.only,Y,n/a (route-level auth),Y
competency_management.php,GET,/api/competency/certifications/metrics,CertificationController@metrics,api|api.session|staff.only,Y,n/a (route-level auth),N
competency_management.php,GET,/api/competency/certifications/filters,CertificationController@filters,api|api.session|staff.only,Y,n/a (route-level auth),N
competency_management.php,GET,/api/competency/certifications/export,CertificationController@export,api|api.session|staff.only,Y,n/a (route-level auth),N
competency_management.php,POST,/api/competency/certifications/bulk,CertificationController@bulk,api|api.session|staff.only,Y,n/a (route-level auth),N
competency_management.php,GET,/api/competency/certifications,CertificationController@index,api|api.session|staff.only,Y,n/a (route-level auth),Y
competency_management.php,POST,/api/competency/certifications,CertificationController@store,api|api.session|staff.only,Y,n/a (route-level auth),Y
competency_management.php,GET,/api/competency/certifications/{id},CertificationController@show,api|api.session|staff.only,Y,n/a (route-level auth),Y
competency_management.php,PUT,/api/competency/certifications/{id},CertificationController@update,api|api.session|staff.only,Y,n/a (route-level auth),Y
competency_management.php,DELETE,/api/competency/certifications/{id},CertificationController@destroy,api|api.session|staff.only,Y,n/a (route-level auth),Y
competency_management.php,POST,/api/competency/certifications/{id}/notes,CertificationController@addNote,api|api.session|staff.only,Y,n/a (route-level auth),Y
competency_management.php,GET,/api/competency/certifications/{id}/compliance,CertificationController@compliance,api|api.session|staff.only,Y,n/a (route-level auth),Y
competency_management.php,GET,/api/competency/certifications/{id}/requirements,CertificationController@requirements,api|api.session|staff.only,Y,n/a (route-level auth),Y
competency_management.php,GET,/api/competency/certifications/{id}/history,CertificationController@history,api|api.session|staff.only,Y,n/a (route-level auth),Y
competency_management.php,GET,/api/competency/certifications/{id}/documents,CertificationController@documents,api|api.session|staff.only,Y,n/a (route-level auth),Y
competency_management.php,POST,/api/competency/certifications/{id}/documents,CertificationController@storeDocument,api|api.session|staff.only,Y,n/a (route-level auth),Y
competency_management.php,DELETE,/api/competency/certifications/{id}/documents/{documentId},CertificationController@destroyDocument,api|api.session|staff.only,Y,n/a (route-level auth),Y
competency_management.php,GET,/api/competency/certification-requirements/department-options,CertificationRequirementController@departmentOptions,api|api.session|staff.only,Y,n/a (route-level auth),N
competency_management.php,GET,/api/competency/certification-requirements,CertificationRequirementController@index,api|api.session|staff.only,Y,n/a (route-level auth),Y
competency_management.php,POST,/api/competency/certification-requirements,CertificationRequirementController@store,api|api.session|staff.only,Y,n/a (route-level auth),Y
competency_management.php,PUT,/api/competency/certification-requirements/{id},CertificationRequirementController@update,api|api.session|staff.only,Y,n/a (route-level auth),Y
competency_management.php,DELETE,/api/competency/certification-requirements/{id},CertificationRequirementController@destroy,api|api.session|staff.only,Y,n/a (route-level auth),Y
competency_management.php,GET,/api/competency/development-plans/metrics,DevelopmentPlanController@metrics,api|api.session|staff.only,Y,n/a (route-level auth),Y
competency_management.php,GET,/api/competency/development-plans/owners,DevelopmentPlanController@owners,api|api.session|staff.only,Y,n/a (route-level auth),Y
competency_management.php,GET,/api/competency/employee-options,DevelopmentPlanController@employees,api|api.session|staff.only,Y,n/a (route-level auth),Y
competency_management.php,GET,/api/competency/reports/development-plans,DevelopmentPlanReportController@index,api|api.session|staff.only,Y,n/a (route-level auth),N
competency_management.php,GET,/api/competency/development-plans,DevelopmentPlanController@index,api|api.session|staff.only,Y,n/a (route-level auth),Y
competency_management.php,POST,/api/competency/development-plans,DevelopmentPlanController@store,api|api.session|staff.only,Y,n/a (route-level auth),Y
competency_management.php,GET,/api/competency/development-plans/{id},DevelopmentPlanController@show,api|api.session|staff.only,Y,n/a (route-level auth),Y
competency_management.php,PUT,/api/competency/development-plans/{id},DevelopmentPlanController@update,api|api.session|staff.only,Y,n/a (route-level auth),Y
competency_management.php,DELETE,/api/competency/development-plans/{id},DevelopmentPlanController@destroy,api|api.session|staff.only,Y,n/a (route-level auth),Y
competency_management.php,GET,/api/competency/development-plans/{id}/gaps,DevelopmentPlanController@gaps,api|api.session|staff.only,Y,n/a (route-level auth),Y
competency_management.php,GET,/api/competency/development-plans/{id}/history,DevelopmentPlanController@history,api|api.session|staff.only,Y,n/a (route-level auth),Y
competency_management.php,GET,/api/competency/development-plans/{id}/actions,DevelopmentPlanController@actions,api|api.session|staff.only,Y,n/a (route-level auth),Y
competency_management.php,POST,/api/competency/development-plans/{id}/actions,DevelopmentPlanController@storeAction,api|api.session|staff.only,Y,n/a (route-level auth),Y
competency_management.php,PUT,/api/competency/development-plans/{id}/actions/{actionId},DevelopmentPlanController@updateAction,api|api.session|staff.only,Y,n/a (route-level auth),Y
competency_management.php,DELETE,/api/competency/development-plans/{id}/actions/{actionId},DevelopmentPlanController@destroyAction,api|api.session|staff.only,Y,n/a (route-level auth),Y
competency_management.php,GET,/api/competency/career-paths/explorer,CareerPathController@explorer,api|api.session|staff.only,Y,n/a (route-level auth),Y
competency_management.php,GET,/api/competency/career-paths/role-options,CareerPathController@roleOptions,api|api.session|staff.only,Y,n/a (route-level auth),Y
competency_management.php,GET,/api/competency/career-paths,CareerPathController@index,api|api.session|staff.only,Y,n/a (route-level auth),Y
competency_management.php,POST,/api/competency/career-paths,CareerPathController@store,api|api.session|staff.only,Y,n/a (route-level auth),Y
competency_management.php,GET,/api/competency/career-paths/{id},CareerPathController@show,api|api.session|staff.only,Y,n/a (route-level auth),Y
competency_management.php,PUT,/api/competency/career-paths/{id},CareerPathController@update,api|api.session|staff.only,Y,n/a (route-level auth),Y
competency_management.php,DELETE,/api/competency/career-paths/{id},CareerPathController@destroy,api|api.session|staff.only,Y,n/a (route-level auth),Y
competency_management.php,GET,/api/competency/kasba-rating,KasbaRatingController@index,api|api.session|staff.only,Y,n/a (route-level auth),Y
competency_management.php,POST,/api/competency/kasba-rating,KasbaRatingController@store,api|api.session|staff.only,Y,n/a (route-level auth),Y
competency_management.php,DELETE,/api/competency/kasba-rating,KasbaRatingController@destroy,api|api.session|staff.only,Y,n/a (route-level auth),Y
competency_management.php,GET,/api/competency/gap,CompetencyGapController@show,api|api.session|staff.only,Y,n/a (route-level auth),N
competency_management.php,GET,/api/competency/command-center/filters,CompetencyCommandCenterController@filters,api|api.session|staff.only,Y,n/a (route-level auth),Y
competency_management.php,GET,/api/competency/command-center,CompetencyCommandCenterController@index,api|api.session|staff.only,Y,n/a (route-level auth),Y
competency_management.php,GET,/api/competency/frameworks,CompetencyFrameworkController@index,api|api.session|staff.only,Y,n/a (route-level auth),Y
competency_management.php,POST,/api/competency/frameworks,CompetencyFrameworkController@store,api|api.session|staff.only,Y,n/a (route-level auth),Y
competency_management.php,GET,/api/competency/frameworks/{id},CompetencyFrameworkController@show,api|api.session|staff.only,Y,n/a (route-level auth),Y
competency_management.php,PUT,/api/competency/frameworks/{id},CompetencyFrameworkController@update,api|api.session|staff.only,Y,n/a (route-level auth),Y
competency_management.php,DELETE,/api/competency/frameworks/{id},CompetencyFrameworkController@destroy,api|api.session|staff.only,Y,n/a (route-level auth),Y
competency_management.php,POST,/api/competency/frameworks/{id}/clone,CompetencyFrameworkController@clone,api|api.session|staff.only,Y,n/a (route-level auth),Y
competency_management.php,GET,/api/competency/frameworks/{id}/items,CompetencyFrameworkController@items,api|api.session|staff.only,Y,n/a (route-level auth),Y
competency_management.php,POST,/api/competency/frameworks/{id}/items,CompetencyFrameworkController@storeItem,api|api.session|staff.only,Y,n/a (route-level auth),Y
competency_management.php,DELETE,/api/competency/frameworks/{id}/items/{itemId},CompetencyFrameworkController@destroyItem,api|api.session|staff.only,Y,n/a (route-level auth),Y
competency_management.php,GET,/api/competency/frameworks/{id}/weights,CompetencyFrameworkController@weights,api|api.session|staff.only,Y,n/a (route-level auth),Y
competency_management.php,PUT,/api/competency/frameworks/{id}/weights,CompetencyFrameworkController@saveWeights,api|api.session|staff.only,Y,n/a (route-level auth),Y
competency_management.php,GET,/api/competency/studio/weighting-config,CompetencyStudioController@weightingConfig,api|api.session|staff.only,Y,n/a (route-level auth),N
competency_management.php,PUT,/api/competency/studio/weighting-config,CompetencyStudioController@saveWeightingConfig,api|api.session|staff.only,Y,n/a (route-level auth),N
competency_management.php,GET,/api/competency/studio/summary,CompetencyStudioController@summary,api|api.session|staff.only,Y,n/a (route-level auth),N
competency_management.php,GET,/api/competency/studio/framework-structure,CompetencyStudioController@frameworkStructure,api|api.session|staff.only,Y,n/a (route-level auth),N
competency_management.php,GET,/api/competency/studio/proficiency-scale,CompetencyStudioController@proficiencyScale,api|api.session|staff.only,Y,n/a (route-level auth),N
competency_management.php,POST,/api/competency/studio/proficiency-scale,CompetencyStudioController@storeLevel,api|api.session|staff.only,Y,n/a (route-level auth),N
competency_management.php,PUT,/api/competency/studio/proficiency-scale/{id},CompetencyStudioController@updateLevel,api|api.session|staff.only,Y,n/a (route-level auth),N
competency_management.php,DELETE,/api/competency/studio/proficiency-scale/{id},CompetencyStudioController@deleteLevel,api|api.session|staff.only,Y,n/a (route-level auth),N
competency_management.php,GET,/api/competency/studio/weights,CompetencyStudioController@weights,api|api.session|staff.only,Y,n/a (route-level auth),N
competency_management.php,PUT,/api/competency/studio/weights,CompetencyStudioController@saveWeights,api|api.session|staff.only,Y,n/a (route-level auth),N
competency_management.php,GET,/api/competency/role-mapping/roles,RoleMappingController@roles,api|api.session|staff.only,Y,n/a (route-level auth),N
competency_management.php,GET,/api/competency/role-mapping/matrix,RoleMappingController@matrix,api|api.session|staff.only,Y,n/a (route-level auth),N
competency_management.php,PUT,/api/competency/role-mapping/cell,RoleMappingController@upsertCell,api|api.session|staff.only,Y,n/a (route-level auth),N
competency_management.php,DELETE,/api/competency/role-mapping/cell,RoleMappingController@deleteCell,api|api.session|staff.only,Y,n/a (route-level auth),N
competency_management.php,GET,/api/competency/mapping-reviews,MappingReviewController@index,api|api.session|staff.only,Y,n/a (route-level auth),Y
competency_management.php,POST,/api/competency/mapping-reviews,MappingReviewController@store,api|api.session|staff.only,Y,n/a (route-level auth),Y
competency_management.php,PUT,/api/competency/mapping-reviews/{id},MappingReviewController@update,api|api.session|staff.only,Y,n/a (route-level auth),Y
competency_management.php,POST,/api/competency/mapping-reviews/bulk-approve,MappingReviewController@bulkApprove,api|api.session|staff.only,Y,n/a (route-level auth),N
competency_management.php,GET,/api/competency-library/competency-export,CompetencyLibraryCrudController@exportRows,api|api.session|staff.only,Y,n/a (route-level auth),N
competency_management.php,POST,/api/competency-library/competency-import,CompetencyLibraryCrudController@importRows,api|api.session|staff.only,Y,n/a (route-level auth),N
competency_management.php,GET,/api/competency-library/competency-list,CompetencyLibraryCrudController@index,api|api.session|staff.only,Y,n/a (route-level auth),N
competency_management.php,GET,/api/competency-library/competency/{id},CompetencyLibraryCrudController@show,api|api.session|staff.only,Y,n/a (route-level auth),Y
competency_management.php,POST,/api/competency-library/competency,CompetencyLibraryCrudController@store,api|api.session|staff.only,Y,n/a (route-level auth),Y
competency_management.php,PUT,/api/competency-library/competency/{id},CompetencyLibraryCrudController@update,api|api.session|staff.only,Y,n/a (route-level auth),Y
competency_management.php,DELETE,/api/competency-library/competency/{id},CompetencyLibraryCrudController@destroy,api|api.session|staff.only,Y,n/a (route-level auth),Y
competency_management.php,GET,/api/competency-library/competency/{id}/detail,CompetencyLibraryCrudController@detail,api|api.session|staff.only,Y,n/a (route-level auth),Y
competency_management.php,POST,/api/competency-library/competency/{id}/clone,CompetencyLibraryCrudController@clone,api|api.session|staff.only,Y,n/a (route-level auth),Y
competency_management.php,PUT,/api/competency-library/competency/{id}/archive,CompetencyLibraryCrudController@archive,api|api.session|staff.only,Y,n/a (route-level auth),Y
competency_management.php,GET,/api/competency/library/meta,CapabilityLibraryController@meta,api|api.session|staff.only,Y,n/a (route-level auth),N
competency_management.php,GET,/api/competency/library/skill-taxonomy-tree,CapabilityLibraryController@skillTaxonomyTree,api|api.session|staff.only,Y,n/a (route-level auth),N
competency_management.php,GET,/api/competency/library/levels-of-responsibility,CapabilityLibraryController@levelsOfResponsibility,api|api.session|staff.only,Y,n/a (route-level auth),N
competency_management.php,GET,/api/competency/library/work-functions,CapabilityLibraryController@workFunctions,api|api.session|staff.only,Y,n/a (route-level auth),N
competency_management.php,GET,/api/competency/library/dependants,CompetencyLibraryDependantsController@index,api|api.session|staff.only,Y,n/a (route-level auth),Y
competency_management.php,GET,/api/competency/seed-library/preview,SeedLibraryPreviewController@index,api|api.session|staff.only,Y,n/a (route-level auth),N
competency_management.php,GET,/api/competency/library/taxonomy/{type},CapabilityLibraryController@taxonomy,api|api.session|staff.only,Y,n/a (route-level auth),N
competency_management.php,POST,/api/competency/library/taxonomy/{type},CapabilityLibraryController@storeTaxonomy,api|api.session|staff.only,Y,n/a (route-level auth),N
competency_management.php,PUT,/api/competency/library/taxonomy/{type},CapabilityLibraryController@updateTaxonomy,api|api.session|staff.only,Y,n/a (route-level auth),N
competency_management.php,DELETE,/api/competency/library/taxonomy/{type},CapabilityLibraryController@destroyTaxonomy,api|api.session|staff.only,Y,n/a (route-level auth),N
competency_management.php,GET,/api/competency/library/skills,CapabilityLibraryController@skills,api|api.session|staff.only,Y,n/a (route-level auth),N
competency_management.php,POST,/api/competency/library/skills,CapabilityLibraryController@storeSkill,api|api.session|staff.only,Y,n/a (route-level auth),N
competency_management.php,GET,/api/competency/library/skills/{id},CapabilityLibraryController@showSkill,api|api.session|staff.only,Y,n/a (route-level auth),N
competency_management.php,PUT,/api/competency/library/skills/{id},CapabilityLibraryController@updateSkill,api|api.session|staff.only,Y,n/a (route-level auth),N
competency_management.php,DELETE,/api/competency/library/skills/{id},CapabilityLibraryController@destroySkill,api|api.session|staff.only,Y,n/a (route-level auth),N
competency_management.php,GET,/api/competency/library/jobroles,CapabilityLibraryController@jobroles,api|api.session|staff.only,Y,n/a (route-level auth),N
competency_management.php,POST,/api/competency/library/jobroles,CapabilityLibraryController@storeJobrole,api|api.session|staff.only,Y,n/a (route-level auth),N
competency_management.php,GET,/api/competency/library/jobroles/{id},CapabilityLibraryController@showJobrole,api|api.session|staff.only,Y,n/a (route-level auth),N
competency_management.php,PUT,/api/competency/library/jobroles/{id},CapabilityLibraryController@updateJobrole,api|api.session|staff.only,Y,n/a (route-level auth),N
competency_management.php,DELETE,/api/competency/library/jobroles/{id},CapabilityLibraryController@destroyJobrole,api|api.session|staff.only,Y,n/a (route-level auth),N
competency_management.php,GET,/api/competency/library/jobrole-tasks,CapabilityLibraryController@jobroleTasks,api|api.session|staff.only,Y,n/a (route-level auth),Y
competency_management.php,GET,/api/competency/library/jobrole-tasks/{id},CapabilityLibraryController@showJobroleTask,api|api.session|staff.only,Y,n/a (route-level auth),Y
competency_management.php,PUT,/api/competency/library/jobrole-tasks/{id},CapabilityLibraryController@updateJobroleTask,api|api.session|staff.only,Y,n/a (route-level auth),Y
competency_management.php,DELETE,/api/competency/library/jobrole-tasks/{id},CapabilityLibraryController@destroyJobroleTask,api|api.session|staff.only,Y,n/a (route-level auth),Y
competency_management.php,GET,/api/competency/library/kasa/{type}/{id}/usage,CapabilityLibraryController@usageKasa,api|api.session|staff.only,Y,n/a (route-level auth),Y
competency_management.php,GET,/api/competency/library/kasa/{type},CapabilityLibraryController@kasa,api|api.session|staff.only,Y,n/a (route-level auth),Y
competency_management.php,POST,/api/competency/library/kasa/{type},CapabilityLibraryController@storeKasa,api|api.session|staff.only,Y,n/a (route-level auth),Y
competency_management.php,GET,/api/competency/library/kasa/{type}/{id},CapabilityLibraryController@showKasa,api|api.session|staff.only,Y,n/a (route-level auth),Y
competency_management.php,PUT,/api/competency/library/kasa/{type}/{id},CapabilityLibraryController@updateKasa,api|api.session|staff.only,Y,n/a (route-level auth),Y
competency_management.php,DELETE,/api/competency/library/kasa/{type}/{id},CapabilityLibraryController@destroyKasa,api|api.session|staff.only,Y,n/a (route-level auth),Y
competency_management.php,POST,/api/competency/library/invisible/{id}/clone,CapabilityLibraryController@cloneInvisible,api|api.session|staff.only,Y,n/a (route-level auth),N
competency_management.php,GET,/api/competency/library/invisible,CapabilityLibraryController@invisible,api|api.session|staff.only,Y,n/a (route-level auth),N
competency_management.php,POST,/api/competency/library/invisible,CapabilityLibraryController@storeInvisible,api|api.session|staff.only,Y,n/a (route-level auth),N
competency_management.php,GET,/api/competency/library/invisible/{id},CapabilityLibraryController@showInvisible,api|api.session|staff.only,Y,n/a (route-level auth),N
competency_management.php,PUT,/api/competency/library/invisible/{id},CapabilityLibraryController@updateInvisible,api|api.session|staff.only,Y,n/a (route-level auth),N
competency_management.php,DELETE,/api/competency/library/invisible/{id},CapabilityLibraryController@destroyInvisible,api|api.session|staff.only,Y,n/a (route-level auth),N
competency_management.php,GET,/api/competency/role-map,CompetencyRoleMapController@index,api|api.session|staff.only,Y,n/a (route-level auth),Y
competency_management.php,POST,/api/competency/role-map,CompetencyRoleMapController@store,api|api.session|staff.only,Y,n/a (route-level auth),Y
competency_management.php,DELETE,/api/competency/role-map/{id},CompetencyRoleMapController@destroy,api|api.session|staff.only,Y,n/a (route-level auth),Y
competency_management.php,GET,/api/competency/definitions,CompetencyDefinitionController@index,api|api.session|staff.only,Y,n/a (route-level auth),Y
competency_management.php,POST,/api/competency/definitions,CompetencyDefinitionController@store,api|api.session|staff.only,Y,n/a (route-level auth),Y
competency_management.php,POST,/api/competency/approvals/bulk-approve,CompetencyApprovalController@bulkApprove,api|api.session|staff.only,Y,n/a (route-level auth),Y
competency_management.php,GET,/api/competency/approvals/for/{type}/{id},CompetencyApprovalController@forSubject,api|api.session|staff.only,Y,n/a (route-level auth),Y
competency_management.php,GET,/api/competency/approvals,CompetencyApprovalController@index,api|api.session|staff.only,Y,n/a (route-level auth),Y
competency_management.php,POST,/api/competency/approvals,CompetencyApprovalController@store,api|api.session|staff.only,Y,n/a (route-level auth),Y
competency_management.php,PUT,/api/competency/approvals/{id},CompetencyApprovalController@update,api|api.session|staff.only,Y,n/a (route-level auth),Y
consent.php,RESOURCE,/consent/add_consent_master,App\Http\Controllers\consent\consent_masterController,web|session|menu|logRoute|check_permissions,Y,n/a (route-level auth),Y
consent.php,RESOURCE,/consent/delete_consent_master,App\Http\Controllers\consent\delete_consent_masterController,web|session|menu|logRoute|check_permissions,Y,n/a (route-level auth),Y
consent.php,RESOURCE,/consent/report_consent_master,App\Http\Controllers\consent\report_consent_masterController,web|session|menu|logRoute|check_permissions,Y,n/a (route-level auth),Y
consent.php,POST,/consentListAPI,consent_masterController@consentListAPI,web,N,"B-jwt-valid,client-tenant",N
custom_module.php,GET,/custom-module/tables,CustomModuleController@tables,web|session|menu|logRoute,Y,n/a (route-level auth),Y
custom_module.php,GET,/custom-module/table-create/{id?},CustomModuleController@tableCreate,web|session|menu|logRoute,Y,n/a (route-level auth),Y
custom_module.php,POST,/custom-module/table-store,CustomModuleController@tableStore,web|session|menu|logRoute,Y,n/a (route-level auth),Y
custom_module.php,DELETE,/custom-module/table-delete/{id},CustomModuleController@tableDelete,web|session|menu|logRoute,Y,n/a (route-level auth),Y
custom_module.php,GET,/custom-module/table-column-create/{id},CustomModuleController@tableColumnCreate,web|session|menu|logRoute,Y,n/a (route-level auth),Y
custom_module.php,POST,/custom-module/table-column-store/{id},CustomModuleController@tableColumnStore,web|session|menu|logRoute,Y,n/a (route-level auth),Y
custom_module.php,GET,/custom-module/table-column-create/{id}/column/{colId},CustomModuleController@tableColumnCreate,web|session|menu|logRoute,Y,n/a (route-level auth),Y
custom_module.php,DELETE,/custom-module/table-column-delete/{id}/column/{colId},CustomModuleController@tableColumnDelete,web|session|menu|logRoute,Y,n/a (route-level auth),Y
custom_module.php,GET,/custom-module/create-db-table/{id},CustomModuleController@createDBTable,web|session|menu|logRoute,Y,n/a (route-level auth),Y
documents.php,GET,/api/documents/sources,DocumentAggregationController@sources,api|api.session,Y,n/a (route-level auth),N
documents.php,GET,/api/documents/recent,DocumentAggregationController@recent,api|api.session,Y,n/a (route-level auth),N
documents.php,GET,/api/documents/,DocumentAggregationController@index,api|api.session,Y,n/a (route-level auth),Y
driver_management.php,GET,/driver/van_driver_report,driver_masterController@index,web|session|menu|logRoute|check_permissions,Y,n/a (route-level auth),N
easycomapi.php,GET,/api/easy_com/sms-api,SmsApiMasterApiController@index,api|api.session,Y,n/a (route-level auth),N
easycomapi.php,POST,/api/easy_com/sms-api,SmsApiMasterApiController@store,api|api.session,Y,n/a (route-level auth),N
easycomapi.php,GET,/api/easy_com/sms-api/{id},SmsApiMasterApiController@show,api|api.session,Y,n/a (route-level auth),N
easycomapi.php,PUT|PATCH,/api/easy_com/sms-api/{id},SmsApiMasterApiController@update,api|api.session,Y,n/a (route-level auth),N
easycomapi.php,DELETE,/api/easy_com/sms-api/{id},SmsApiMasterApiController@destroy,api|api.session,Y,n/a (route-level auth),N
easycomapi.php,GET,/api/easy_com/smtp,SmtpApiController@index,api|api.session,Y,n/a (route-level auth),Y
easycomapi.php,POST,/api/easy_com/smtp,SmtpApiController@store,api|api.session,Y,n/a (route-level auth),Y
easycomapi.php,POST,/api/easy_com/smtp/test,SmtpApiController@test,api|api.session,Y,n/a (route-level auth),N
easycomapi.php,GET,/api/easy_com/smtp/{id},SmtpApiController@show,api|api.session,Y,n/a (route-level auth),Y
easycomapi.php,PUT|PATCH,/api/easy_com/smtp/{id},SmtpApiController@update,api|api.session,Y,n/a (route-level auth),Y
easycomapi.php,DELETE,/api/easy_com/smtp/{id},SmtpApiController@destroy,api|api.session,Y,n/a (route-level auth),Y
easycomapi.php,GET,/api/easy_com/whatsapp-api,WhatsappApiConfigApiController@index,api|api.session,Y,n/a (route-level auth),N
easycomapi.php,POST,/api/easy_com/whatsapp-api,WhatsappApiConfigApiController@store,api|api.session,Y,n/a (route-level auth),N
easycomapi.php,GET,/api/easy_com/whatsapp-api/{id},WhatsappApiConfigApiController@show,api|api.session,Y,n/a (route-level auth),N
easycomapi.php,PUT|PATCH,/api/easy_com/whatsapp-api/{id},WhatsappApiConfigApiController@update,api|api.session,Y,n/a (route-level auth),N
easycomapi.php,DELETE,/api/easy_com/whatsapp-api/{id},WhatsappApiConfigApiController@destroy,api|api.session,Y,n/a (route-level auth),N
easycomapi.php,GET,/api/easy_com/send-sms-parents/recipients,SendSmsParentsApiController@recipients,api|api.session,Y,n/a (route-level auth),N
easycomapi.php,POST,/api/easy_com/send-sms-parents,SendSmsParentsApiController@send,api|api.session,Y,n/a (route-level auth),N
easycomapi.php,GET,/api/easy_com/send-sms-staff/groups,SendSmsStaffApiController@groups,api|api.session,Y,n/a (route-level auth),N
easycomapi.php,GET,/api/easy_com/send-sms-staff/recipients,SendSmsStaffApiController@recipients,api|api.session,Y,n/a (route-level auth),N
easycomapi.php,POST,/api/easy_com/send-sms-staff,SendSmsStaffApiController@send,api|api.session,Y,n/a (route-level auth),N
easycomapi.php,GET,/api/easy_com/send-notification-parents/options,SendNotificationParentsApiController@options,api|api.session,Y,n/a (route-level auth),N
easycomapi.php,GET,/api/easy_com/send-notification-parents/recipients,SendNotificationParentsApiController@recipients,api|api.session,Y,n/a (route-level auth),N
easycomapi.php,POST,/api/easy_com/send-notification-parents,SendNotificationParentsApiController@send,api|api.session,Y,n/a (route-level auth),N
easycomapi.php,GET,/api/easy_com/send-whatsapp-parents/recipients,SendWhatsappParentsApiController@recipients,api|api.session,Y,n/a (route-level auth),N
easycomapi.php,POST,/api/easy_com/send-whatsapp-parents,SendWhatsappParentsApiController@send,api|api.session,Y,n/a (route-level auth),N
easycomapi.php,GET,/api/easy_com/send-email-parents/recipients,SendEmailParentsApiController@recipients,api|api.session,Y,n/a (route-level auth),N
easycomapi.php,POST,/api/easy_com/send-email-parents,SendEmailParentsApiController@send,api|api.session,Y,n/a (route-level auth),N
easycomapi.php,GET,/api/easy_com/reports/sms/options,SmsReportApiController@options,api|api.session,Y,n/a (route-level auth),N
easycomapi.php,GET,/api/easy_com/reports/sms,SmsReportApiController@index,api|api.session,Y,n/a (route-level auth),N
easycomapi.php,GET,/api/easy_com/reports/email/options,EmailReportApiController@options,api|api.session,Y,n/a (route-level auth),N
easycomapi.php,GET,/api/easy_com/reports/email,EmailReportApiController@index,api|api.session,Y,n/a (route-level auth),N
easycomapi.php,GET,/api/easy_com/reports/notification/options,NotificationReportApiController@options,api|api.session,Y,n/a (route-level auth),N
easycomapi.php,GET,/api/easy_com/reports/notification,NotificationReportApiController@index,api|api.session,Y,n/a (route-level auth),N
easycomapi.php,GET,/api/easy_com/reports/register-parent,RegisterParentReportApiController@index,api|api.session,Y,n/a (route-level auth),N
easycomapi.php,GET,/api/easy_com/reports/whatsapp,WhatsappReportApiController@index,api|api.session,Y,n/a (route-level auth),N
fees.php,RESOURCE,/fees/fees_config_master,App\Http\Controllers\fees\tblfeesConfigController,web|session|menu|logRoute|check_permissions,Y,n/a (route-level auth),Y
fees.php,RESOURCE,/fees/fees_circular_master,App\Http\Controllers\fees\fees_circular\feesCircularMasterController,web|session|menu|logRoute|check_permissions,Y,n/a (route-level auth),Y
fees.php,RESOURCE,/fees/fees_late_master,App\Http\Controllers\fees\tblfeesLateController,web|session|menu|logRoute|check_permissions,Y,n/a (route-level auth),Y
fees.php,RESOURCE,/fees/fees_head_type_master,App\Http\Controllers\fees\tblfeesHeadTypeMasterController,web|session|menu|logRoute|check_permissions,Y,n/a (route-level auth),N
fees.php,RESOURCE,/fees/fees_receipt_book_master,App\Http\Controllers\fees\feesReceiptBookMasterController,web|session|menu|logRoute|check_permissions,Y,n/a (route-level auth),Y
fees.php,RESOURCE,/fees/fees_circular,App\Http\Controllers\fees\fees_circular\feesCircularController,web|session|menu|logRoute|check_permissions,Y,n/a (route-level auth),N
fees.php,RESOURCE,/fees/fees_collection_report,App\Http\Controllers\fees\fees_report\feesReportController,web|session|menu|logRoute|check_permissions,Y,n/a (route-level auth),Y
fees.php,RESOURCE,/fees/fees_payout_report,App\Http\Controllers\fees\fees_report\feesPayoutController,web|session|menu|logRoute|check_permissions,Y,n/a (route-level auth),N
fees.php,RESOURCE,/fees/other_fees_report,App\Http\Controllers\fees\fees_report\otherfeesReportController,web|session|menu|logRoute|check_permissions,Y,n/a (route-level auth),N
fees.php,RESOURCE,/fees/otherNew_fees_report,App\Http\Controllers\fees\fees_report\otherNewfeesReportController,web|session|menu|logRoute|check_permissions,Y,n/a (route-level auth),Y
fees.php,RESOURCE,/fees/NACH_s1excel_export,App\Http\Controllers\fees\NACH\s1excel_exportController,web|session|menu|logRoute|check_permissions,Y,n/a (route-level auth),Y
fees.php,RESOURCE,/fees/NACH_s2excel_import,App\Http\Controllers\fees\NACH\s2excel_importController,web|session|menu|logRoute|check_permissions,Y,n/a (route-level auth),Y
fees.php,RESOURCE,/fees/NACH_s3excel_export,App\Http\Controllers\fees\NACH\s3excel_exportController,web|session|menu|logRoute|check_permissions,Y,n/a (route-level auth),Y
fees.php,RESOURCE,/fees/NACH_s4excel_import,App\Http\Controllers\fees\NACH\s4excel_importController,web|session|menu|logRoute|check_permissions,Y,n/a (route-level auth),Y
fees.php,RESOURCE,/fees/daily_voucher,App\Http\Controllers\fees\fees_report\daily_voucherController,web|session|menu|logRoute|check_permissions,Y,n/a (route-level auth),N
fees.php,RESOURCE,/fees/monthly_breakoff,App\Http\Controllers\fees\fees_breackoff\monthlyBreakoffController,web|session|menu|logRoute|check_permissions,Y,n/a (route-level auth),N
fees.php,RESOURCE,/fees/fees_month_header,App\Http\Controllers\fees\fees_month_header\feesMonthHeadercontroller,web|session|menu|logRoute|check_permissions,Y,n/a (route-level auth),N
fees.php,RESOURCE,/fees/student_breakoff_report,App\Http\Controllers\fees\fees_report\studentBreakoffReportController,web|session|menu|logRoute|check_permissions,Y,n/a (route-level auth),Y
fees.php,RESOURCE,/fees/fees_modification,App\Http\Controllers\fees\fees_report\feesModificationController,web|session|menu|logRoute|check_permissions,Y,n/a (route-level auth),N
fees.php,GET,/fees/ajax_ledgerData,otherNewfeesReportController@ajax_ledgerData,web|session|menu|logRoute|check_permissions,Y,n/a (route-level auth),Y
fees.php,RESOURCE,/fees/otherNew_cancel_fees_report,App\Http\Controllers\fees\fees_report\otherNew_CancelFeesReportController,web|session|menu|logRoute|check_permissions,Y,n/a (route-level auth),Y
fees.php,RESOURCE,/fees/fees_type_wise_report,App\Http\Controllers\fees\fees_report\feesTypewiseReportController,web|session|menu|logRoute|check_permissions,Y,n/a (route-level auth),Y
fees.php,RESOURCE,/fees/tally_export_fees_report,App\Http\Controllers\fees\fees_report\tallyExportReportController,web|session|menu|logRoute|check_permissions,Y,n/a (route-level auth),N
fees.php,RESOURCE,/fees/fees_overall_headwise_report,App\Http\Controllers\fees\fees_report\feesOverallHeadwiseReportController,web|session|menu|logRoute|check_permissions,Y,n/a (route-level auth),N
fees.php,RESOURCE,/fees/fees_headwise_pending_report,App\Http\Controllers\fees\fees_report\feesOverallHeadwisePendingReportController,web|session|menu|logRoute|check_permissions,Y,n/a (route-level auth),N
fees.php,RESOURCE,/fees/fees_overall_report,App\Http\Controllers\fees\fees_report\feesOverallReportController,web|session|menu|logRoute|check_permissions,Y,n/a (route-level auth),N
fees.php,RESOURCE,/fees/fees_defaulter_report,App\Http\Controllers\fees\fees_report\feesDefaulterReportController,web|session|menu|logRoute|check_permissions,Y,n/a (route-level auth),Y
fees.php,RESOURCE,/fees/fees_status_report,App\Http\Controllers\fees\fees_report\feesStatusController,web|session|menu|logRoute|check_permissions,Y,n/a (route-level auth),N
fees.php,RESOURCE,/fees/monthly_receipt_pdf,App\Http\Controllers\fees\fees_report\monthwiseReceiptPdfController,web|session|menu|logRoute|check_permissions,Y,n/a (route-level auth),N
fees.php,POST,/fees/fees_remain_sms,feesStatusController@ajaxRemainFeesSMSsend,web|session|menu|logRoute|check_permissions,Y,n/a (route-level auth),N
fees.php,RESOURCE,/fees/fees_title,App\Http\Controllers\fees\fees_title\fees_title_controller,web|session|menu|logRoute|check_permissions,Y,n/a (route-level auth),Y
fees.php,RESOURCE,/fees/other_fees_title,App\Http\Controllers\fees\other_fees_title\other_fees_title_controller,web|session|menu|logRoute|check_permissions,Y,n/a (route-level auth),Y
fees.php,RESOURCE,/fees/other_fees_collect,App\Http\Controllers\fees\other_fees_collect\other_fees_collect_controller,web|session|menu|logRoute|check_permissions,Y,n/a (route-level auth),Y
fees.php,RESOURCE,/fees/other_fees_cancel,App\Http\Controllers\fees\other_fees_cancel\other_fees_cancel_controller,web|session|menu|logRoute|check_permissions,Y,n/a (route-level auth),Y
fees.php,RESOURCE,/fees/other_fee_map,App\Http\Controllers\fees\other_fee_map\other_fee_map_controller,web|session|menu|logRoute|check_permissions,Y,n/a (route-level auth),Y
fees.php,RESOURCE,/fees/cheque_cash,App\Http\Controllers\fees\cheque_cash\cheque_cash_controller,web|session|menu|logRoute|check_permissions,Y,n/a (route-level auth),N
fees.php,RESOURCE,/fees/map_year,App\Http\Controllers\fees\map_year\map_year_controller,web|session|menu|logRoute|check_permissions|api.session,Y,n/a (route-level auth),Y
fees.php,RESOURCE,/fees/fees_breackoff,App\Http\Controllers\fees\fees_breackoff\fees_breackoff_controller,web|session|menu|logRoute|check_permissions,Y,n/a (route-level auth),Y
fees.php,RESOURCE,/fees/bank_master,App\Http\Controllers\fees\bank_master\bank_master_controller,web|session|menu|logRoute|check_permissions,Y,n/a (route-level auth),N
fees.php,RESOURCE,/fees/fees_collect,App\Http\Controllers\fees\fees_collect\fees_collect_controller,web|session|menu|logRoute|check_permissions,Y,n/a (route-level auth),Y
fees.php,GET,/fees/fees_collect/{id}/ledger,fees_collect_controller@ledger,web|session|menu|logRoute|check_permissions,Y,n/a (route-level auth),Y
fees.php,RESOURCE,/fees/college_fees_collect,App\Http\Controllers\fees\college_fees_collect\college_fees_collect_controller,web|session|menu|logRoute|check_permissions,Y,n/a (route-level auth),N
fees.php,RESOURCE,/fees/online_fees,App\Http\Controllers\fees\online_fees\online_fees_settigs_controller,web|session|menu|logRoute|check_permissions,Y,n/a (route-level auth),N
fees.php,RESOURCE,/fees/online_fees_settings_api,App\Http\Controllers\fees\online_fees\online_fees_settings_api_controller,web|session|menu|logRoute|check_permissions|api.session,Y,n/a (route-level auth),Y
fees.php,POST,/fees/online_fees_payment_api/{gateway},online_fees_payment_api_controller@initiate,web|session|menu|logRoute|check_permissions|api.session,Y,n/a (route-level auth),Y
fees.php,GET,/fees/online_fees_payment_api/{gateway}/preview,online_fees_payment_api_controller@preview,web|session|menu|logRoute|check_permissions|api.session,Y,n/a (route-level auth),Y
fees.php,GET,/fees/receipt/reprint,receipt_reprint_api_controller@reprint,web|session|menu|logRoute|check_permissions|api.session,Y,n/a (route-level auth),Y
fees.php,GET,/fees/online_payments,online_payments_api_controller@index,web|session|menu|logRoute|check_permissions|api.session,Y,n/a (route-level auth),Y
fees.php,GET,/fees/online_payments/{id},online_payments_api_controller@show,web|session|menu|logRoute|check_permissions|api.session,Y,n/a (route-level auth),Y
fees.php,GET,/fees/audit_logs,fees_audit_log_api_controller@index,web|session|menu|logRoute|check_permissions|api.session,Y,n/a (route-level auth),Y
fees.php,GET,/fees/reconciliation/status,reconciliation_status_api_controller@index,web|session|menu|logRoute|check_permissions|api.session,Y,n/a (route-level auth),Y
fees.php,RESOURCE,/fees/online_fees_split,App\Http\Controllers\fees\online_fees\online_fees_split_controller,web|session|menu|logRoute|check_permissions,Y,n/a (route-level auth),N
fees.php,RESOURCE,/fees/cheque_reconciliation,App\Http\Controllers\fees\cheque_reconciliation\ChequeReconciliationController,web|session|menu|logRoute|check_permissions,Y,n/a (route-level auth),N
fees.php,RESOURCE,/fees/feesAI,App\Http\Controllers\fees\feesAIController,web|session|menu|logRoute|check_permissions,Y,n/a (route-level auth),N
fees.php,RESOURCE,/fees/confirm_online_fees,App\Http\Controllers\fees\online_fees\confirmOnlineFeesController,web|session|menu|logRoute|check_permissions,Y,n/a (route-level auth),N
fees.php,GET,/fees/show_details,ChequeReconciliationController@show_details,web|session|menu|logRoute|check_permissions,Y,n/a (route-level auth),N
fees.php,GET,/fees/search_details,ChequeReconciliationController@search_details,web|session|menu|logRoute|check_permissions,Y,n/a (route-level auth),N
fees.php,GET,/fees/fees_reconciliation_upload_sheet,fees_reconciliation_upload_sheet_controller@fees_reconciliation,web|session|menu|logRoute|check_permissions,Y,n/a (route-level auth),N
fees.php,POST,/fees/store_fees_reconciliation_sheet_data,fees_reconciliation_upload_sheet_controller@store_fees_reconciliation_data,web|session|menu|logRoute|check_permissions,Y,n/a (route-level auth),N
fees.php,GET,/fees/hdfcpayment,Closure,web|session|menu|logRoute|check_permissions,Y,n/a (route-level auth),N
fees.php,GET,/fees/aggre_pay,Closure,web|session|menu|logRoute|check_permissions,Y,n/a (route-level auth),N
fees.php,GET,/fees/axis,Closure,web|session|menu|logRoute|check_permissions,Y,n/a (route-level auth),N
fees.php,GET,/fees/icici,Closure,web|session|menu|logRoute|check_permissions,Y,n/a (route-level auth),N
fees.php,GET,/fees/icici_orange,Closure,web|session|menu|logRoute|check_permissions,Y,n/a (route-level auth),N
fees.php,GET,/fees/razorpay,Closure,web|session|menu|logRoute|check_permissions,Y,n/a (route-level auth),N
fees.php,GET,/fees/payphi,Closure,web|session|menu|logRoute|check_permissions,Y,n/a (route-level auth),N
fees.php,POST,/fees/api/get-fees-list,AJAXController@getFees,web|session|menu|logRoute|check_permissions,Y,n/a (route-level auth),N
fees.php,RESOURCE,/fees/update_fees_breackoff,App\Http\Controllers\fees\update_fees_breackoff\update_fees_breackoff_controller,web|session|menu|logRoute|check_permissions|api.session,Y,n/a (route-level auth),N
fees.php,RESOURCE,/fees/update_fees_breackoff_api,App\Http\Controllers\fees\update_fees_breackoff\update_fees_breackoff_api_controller,web|session|menu|logRoute|check_permissions|api.session,Y,n/a (route-level auth),Y
fees.php,POST,/fees/fees_collect/show_student,@,web|session|menu|logRoute|check_permissions,Y,n/a (route-level auth),Y
fees.php,POST,/fees/college_fees_collect/show_student,@,web|session|menu|logRoute|check_permissions,Y,n/a (route-level auth),N
fees.php,POST,/fees/fees_circular/show_student,feesCircularController@showStudent,web|session|menu|logRoute|check_permissions,Y,n/a (route-level auth),N
fees.php,POST,/fees/fees_circular/show_circular,feesCircularController@showCircular,web|session|menu|logRoute|check_permissions,Y,n/a (route-level auth),N
fees.php,GET,/fees/get_receipt_book_data,fees_collect_controller@checkReceiptBookMaster,web|session|menu|logRoute|check_permissions,Y,n/a (route-level auth),N
fees.php,RESOURCE,/fees/fees_cancel,App\Http\Controllers\fees\fees_cancel\feesCancelController,web|session|menu|logRoute|check_permissions,Y,n/a (route-level auth),Y
fees.php,POST,/fees/fees/fees_cancel,feesCancelController@showFees,web|session|menu|logRoute|check_permissions,Y,n/a (route-level auth),N
fees.php,POST,/fees/fees/cancel_fees,feesCancelController@cancelFees,web|session|menu|logRoute|check_permissions,Y,n/a (route-level auth),N
fees.php,RESOURCE,/fees/fees_refund,App\Http\Controllers\fees\fees_cancel\feesRefundController,web|session|menu|logRoute|check_permissions,Y,n/a (route-level auth),N
fees.php,POST,/fees/fees/fees_refund,feesRefundController@showFees,web|session|menu|logRoute|check_permissions,Y,n/a (route-level auth),N
fees.php,POST,/fees/fees/save_fees_refund,feesRefundController@saveFeesRefund,web|session|menu|logRoute|check_permissions,Y,n/a (route-level auth),N
fees.php,RESOURCE,/fees/imprest_fees_cancel,App\Http\Controllers\fees\imprest_fees_cancel\imprestFeesCancelController,web|session|menu|logRoute|check_permissions,Y,n/a (route-level auth),N
fees.php,POST,/fees/show_imprest_cancel_fees,imprestFeesCancelController@showImprestFees,web|session|menu|logRoute|check_permissions,Y,n/a (route-level auth),N
fees.php,POST,/fees/cancel_imprest_fees,imprestFeesCancelController@cancelImprestFees,web|session|menu|logRoute|check_permissions,Y,n/a (route-level auth),N
fees.php,POST,/fees/fees_collection_report,feesReportController@showFees,web|session|menu|logRoute|check_permissions,Y,n/a (route-level auth),Y
fees.php,POST,/fees/fees_payout_report,feesPayoutController@showFeesPayout,web|session|menu|logRoute|check_permissions,Y,n/a (route-level auth),N
fees.php,POST,/fees/fees_overall_report,feesOverallReportController@showFeesOverall,web|session|menu|logRoute|check_permissions,Y,n/a (route-level auth),N
fees.php,POST,/fees/fees_defaulter_report,feesDefaulterReportController@showFeesDefaulter,web|session|menu|logRoute|check_permissions,Y,n/a (route-level auth),Y
fees.php,POST,/fees/fees_status_report,feesStatusController@feesStatusReport,web|session|menu|logRoute|check_permissions,Y,n/a (route-level auth),N
fees.php,GET,/fees/pdfview,@,web|session|menu|logRoute|check_permissions,Y,n/a (route-level auth),N
fees.php,GET,/fees/fees_structure_report_index,feesStructureReportController@feesStructureReportIndex,web|session|menu|logRoute|check_permissions,Y,n/a (route-level auth),N
fees.php,POST,/fees/fees_structure_report,feesStructureReportController@feesStructureReport,web|session|menu|logRoute|check_permissions,Y,n/a (route-level auth),Y
fees.php,GET,/fees/fees_cancel_report_index,feesCancelReportController@feesCancelReportIndex,web|session|menu|logRoute|check_permissions,Y,n/a (route-level auth),Y
fees.php,POST,/fees/fees_cancel_report,feesCancelReportController@feesCancelReport,web|session|menu|logRoute|check_permissions,Y,n/a (route-level auth),Y
fees.php,GET,/fees/fees_refund_report_index,feesRefundController@index,web|session|menu|logRoute|check_permissions,Y,n/a (route-level auth),N
fees.php,POST,/fees/fees_refund_report,feesRefundController@feesRefundReport,web|session|menu|logRoute|check_permissions,Y,n/a (route-level auth),N
fees.php,RESOURCE,/fees/fees_monthly_report,App\Http\Controllers\fees\fees_report\feesMonthlyReportController,web|session|menu|logRoute|check_permissions,Y,n/a (route-level auth),N
fees.php,POST,/fees/getfeesMonthlyReport,feesMonthlyReportController@getfeesMonthlyReport,web|session|menu|logRoute|check_permissions,Y,n/a (route-level auth),N
fees.php,GET,/fees/institute_wise_fees_paid_report_index,feesInstituteWiseFeesReportController@instituteWiseFeesPaidReportIndex,web|session|menu|logRoute|check_permissions,Y,n/a (route-level auth),N
fees.php,POST,/fees/institute_wise_fees_paid_report,feesInstituteWiseFeesReportController@instituteWiseFeesPaidReport,web|session|menu|logRoute|check_permissions,Y,n/a (route-level auth),N
fees.php,GET,/fees/fees_fine_discount_report_index,feesFineDiscountReportController@feesFineDiscountReportIndex,web|session|menu|logRoute|check_permissions,Y,n/a (route-level auth),N
fees.php,POST,/fees/fees_fine_discount_report,feesFineDiscountReportController@feesFineDiscountReport,web|session|menu|logRoute|check_permissions,Y,n/a (route-level auth),N
fees.php,RESOURCE,/fees/imprest_refund_report,App\Http\Controllers\fees\fees_report\imprestRefundReportController,web|session|menu|logRoute|check_permissions,Y,n/a (route-level auth),N
fees.php,GET,/fees/fees_report_datewise,feesReportController@datewiseReportIndex,web|session|menu|logRoute|check_permissions,Y,n/a (route-level auth),Y
fees.php,GET,/fees/getFeesTitle,feesReportController@getFeesTitle,web|session|menu|logRoute|check_permissions,Y,n/a (route-level auth),Y
fees.php,GET,/fees/fees_donation_records,feesReportController@fees_donation_records,web|session|menu|logRoute|check_permissions,Y,n/a (route-level auth),N
fees.php,POST,/api/,AJAXController@getOnlineFees,web|session|check_permissions,Y,n/a (route-level auth),N
fees.php,POST,/fees/PaidUnpaid,fees_collect_controller@PaidUnpaid,web|session|check_permissions,Y,n/a (route-level auth),N
fees.php,POST,/fees/PaidUnpaidTeacher,fees_collect_controller@PaidUnpaidTeacher,web|session|check_permissions,Y,n/a (route-level auth),N
fees.php,RESOURCE,/report/report_module,report\report_module\report_module_controller,web|session|menu|logRoute|check_permissions,Y,n/a (route-level auth),N
fees.php,GET,/fees/feesDetails/getDetails/{id}/{stud},fees_collect_controller@retrieveDataByUserId,web|session|check_permissions,Y,n/a (route-level auth),N
fees.php,GET,/fees/online_fees_collect,online_fees_collect_controller@index,web|session|check_permissions,Y,n/a (route-level auth),Y
fees.php,POST,/fees/hdfc/online_fees_collect,online_fees_collect_controller@hdfc,web|check_permissions,N,C-NO-AUTH,N
fees.php,POST,/fees/hdfc/online_fees_hdfcRequestHandler,online_fees_collect_controller@hdfc_request_handler,web|check_permissions,N,C-NO-AUTH,N
fees.php,POST,/fees/hdfc/online_fees_hdfcResponseHandler,online_fees_collect_controller@hdfc_response_handler,web|check_permissions,N,C-NO-AUTH,N
fees.php,GET,/fees/hdfc/createSplitPayout,online_fees_collect_controller@createSplitPayout,web|check_permissions,N,C-NO-AUTH,N
fees.php,GET,/fees/hdfc/getUTR,online_fees_collect_controller@getUTR,web|check_permissions,N,C-NO-AUTH,N
fees.php,POST,/fees/hdfc/hdfc_request_handler_ssmission,online_fees_collect_controller@hdfc_request_handler_ssmission,web|check_permissions,N,C-NO-AUTH,N
fees.php,POST,/fees/hdfc/online_fees_hdfcResponseHandler_ssmission,online_fees_collect_controller@hdfc_response_handler_ssmission,web|check_permissions,N,C-NO-AUTH,N
fees.php,POST,/fees/axis/online_fees_collect,online_fees_collect_controller@axis,web|check_permissions,N,C-NO-AUTH,N
fees.php,POST,/fees/axis/online_fees_axisRequestHandler,online_fees_collect_controller@axis_request_handler,web|check_permissions,N,C-NO-AUTH,N
fees.php,GET,/fees/axis/online_fees_axisResponseHandler,online_fees_collect_controller@axis_response_handler,web|check_permissions,N,C-NO-AUTH,N
fees.php,POST,/fees/aggre_pay/online_fees_collect,online_fees_collect_controller@aggre_pay,web|check_permissions,N,C-NO-AUTH,N
fees.php,POST,/fees/aggre_pay/online_fees_aggre_payRequestHandler,online_fees_collect_controller@aggre_pay_request_handler,web|check_permissions,N,C-NO-AUTH,N
fees.php,POST,/fees/aggre_pay/online_fees_aggre_payResponseHandler,online_fees_collect_controller@aggre_pay_response_handler,web|check_permissions,N,C-NO-AUTH,N
fees.php,POST,/fees/icici/online_fees_collect,online_fees_collect_controller@icici,web|check_permissions,N,C-NO-AUTH,N
fees.php,POST,/fees/icici/online_fees_iciciRequestHandler,online_fees_collect_controller@icici_request_handler,web|check_permissions,N,C-NO-AUTH,N
fees.php,GET,/fees/online_fees_iciciresponsehandler,online_fees_collect_controller@icici_response_handler,web|check_permissions,N,C-NO-AUTH,N
fees.php,POST,/fees/icici_orange/online_fees_collect,online_fees_collect_controller@icici_orange,web|check_permissions,N,C-NO-AUTH,N
fees.php,POST,/fees/icici_orange/online_fees_iciciorangeRequestHandler,online_fees_collect_controller@icici_orange_request_handler,web|check_permissions,N,C-NO-AUTH,N
fees.php,GET,/fees/online_fees_orange_pg_response_handler,online_fees_collect_controller@icici_orange_response_handler,web|check_permissions,N,C-NO-AUTH,N
fees.php,POST,/fees/razorpay/online_fees_collect,online_fees_collect_controller@razorpay,web|check_permissions,N,C-NO-AUTH,N
fees.php,POST,/fees/razorpay/online_fees_razorpayRequestHandler,online_fees_collect_controller@razorpay_request_handler,web|check_permissions,N,C-NO-AUTH,N
fees.php,POST,/fees/razorpay/online_fees_razorpayResponseHandler,online_fees_collect_controller@razorpay_response_handler,web|check_permissions,N,C-NO-AUTH,N
fees.php,POST,/fees/hdfcrazorpay/online_fees_collect,online_fees_collect_controller@hdfcrazorpay,web|check_permissions,N,C-NO-AUTH,N
fees.php,POST,/fees/hdfcrazorpay/online_fees_hdfcrazorpayRequestHandler,online_fees_collect_controller@hdfcrazorpay_request_handler,web|check_permissions,N,C-NO-AUTH,N
fees.php,POST,/fees/hdfcrazorpay/online_fees_hdfcrazorpayResponseHandler,online_fees_collect_controller@hdfcrazorpay_response_handler,web|check_permissions,N,C-NO-AUTH,N
fees.php,POST,/fees/payphi/online_fees_collect,online_fees_collect_controller@payphi,web|check_permissions,N,C-NO-AUTH,N
fees.php,POST,/fees/payphi/online_fees_payphiRequestHandler,online_fees_collect_controller@payphi_request_handler,web|check_permissions,N,C-NO-AUTH,N
fees.php,POST,/fees/payphi/online_fees_handleInitiateSaleResponse,online_fees_collect_controller@handle_initiatesale_response,web|check_permissions,N,C-NO-AUTH,N
fees.php,POST,/fees/payphi/online_fees_payphiResponseHandler,online_fees_collect_controller@payphi_response_handler,web|check_permissions,N,C-NO-AUTH,N
fees.php,POST,/fees/abcmapp/online_fees_abcmappResponseHandler,online_fees_collect_controller@abcmapp_response_handler,web|check_permissions,N,C-NO-AUTH,N
fees.php,POST,/fees/get_online_receipt,online_fees_collect_controller@OnlineReceipt,web|check_permissions,N,C-NO-AUTH,N
fees.php,GET,/fees/get-student,AJAXController@getStudentFromMobile,web|session|check_permissions,Y,n/a (route-level auth),Y
fees.php,GET,/ajax_PDF_FeesReceipt,AJAXController@ajax_PDF_FeesReceipt,web|session|check_permissions,Y,n/a (route-level auth),N
fees.php,GET,/ajax_PDF_Bulk_OtherFeesReceipt,AJAXController@ajax_PDF_Bulk_OtherFeesReceipt,web|session|check_permissions,Y,n/a (route-level auth),N
fees.php,GET,/ajax_checkFeesBreakoff,AJAXController@ajax_checkFeesBreakoff,web|session|check_permissions,Y,n/a (route-level auth),Y
fees.php,POST,/studentFeesDetailAPI,fees_collect_controller@studentFeesDetailAPI,web|session|check_permissions,Y,n/a (route-level auth),N
fees.php,GET,/ajax_checkFeesStructure,fees_breackoff_controller@ajax_checkFeesStructure,web|session|check_permissions,Y,n/a (route-level auth),N
fees.php,GET,/pending_fees,fees_collect_controller@tillMonthPendingFees,web|session|check_permissions,Y,n/a (route-level auth),Y
frontdesk.php,RESOURCE,/frontdesk/frontdesk,App\Http\Controllers\frontdesk\frontdeskController,web|session|menu|logRoute|check_permissions,Y,n/a (route-level auth),Y
frontdesk.php,RESOURCE,/frontdesk/task,App\Http\Controllers\frontdesk\taskController,web|session|menu|logRoute|check_permissions,Y,n/a (route-level auth),N
frontdesk.php,RESOURCE,/frontdesk/complaint,App\Http\Controllers\frontdesk\complaintController,web|session|menu|logRoute|check_permissions,Y,n/a (route-level auth),Y
frontdesk.php,RESOURCE,/frontdesk/pettycashmaster,App\Http\Controllers\frontdesk\PettyCashMasterController,web|session|menu|logRoute|check_permissions,Y,n/a (route-level auth),Y
frontdesk.php,RESOURCE,/frontdesk/pettycash,App\Http\Controllers\frontdesk\PettyCashController,web|session|menu|logRoute|check_permissions,Y,n/a (route-level auth),Y
frontdesk.php,GET,/frontdesk/frontdesk_report_index,frontdeskController@frontDeskReportIndex,web|session|menu|logRoute|check_permissions,Y,n/a (route-level auth),Y
frontdesk.php,POST,/frontdesk/frontdesk_report,frontdeskController@frontDeskReport,web|session|menu|logRoute|check_permissions,Y,n/a (route-level auth),N
frontdesk.php,RESOURCE,/frontdesk/syllabus,App\Http\Controllers\front_desk\syllabus\syllabusController,web|session|menu|logRoute|check_permissions,Y,n/a (route-level auth),N
frontdesk.php,RESOURCE,/frontdesk/user_log,App\Http\Controllers\front_desk\user_log\user_logController,web|session|menu|logRoute|check_permissions,Y,n/a (route-level auth),N
frontdesk.php,RESOURCE,/frontdesk/book_list,App\Http\Controllers\front_desk\book_list\book_listController,web|session|menu|logRoute|check_permissions,Y,n/a (route-level auth),Y
frontdesk.php,RESOURCE,/frontdesk/schooldetail,App\Http\Controllers\front_desk\school_detail\schooldetailController,web|session|menu|logRoute|check_permissions,Y,n/a (route-level auth),N
frontdesk.php,GET,/frontdesk/task_report,taskController@taskReportIndex,web|session|menu|logRoute|check_permissions,Y,n/a (route-level auth),N
frontdesk.php,GET,/frontdesk/complaint_report,complaintController@complaintReportIndex,web|session|menu|logRoute|check_permissions,Y,n/a (route-level auth),Y
frontdesk.php,RESOURCE,/frontdesk/pettycashreport,App\Http\Controllers\frontdesk\PettyCashReportController,web|session|menu|logRoute|check_permissions,Y,n/a (route-level auth),Y
frontdesk.php,POST,/frontdesk/ajax_getpettycashreport,PettyCashReportController@getpettycashreport,web|session|menu|logRoute|check_permissions,Y,n/a (route-level auth),N
frontdesk.php,GET,/frontdesk/generateSyllabus,syllabusController@GenrateAISyllabus,web|session|menu|logRoute|check_permissions,Y,n/a (route-level auth),N
frontdesk.php,RESOURCE,/front_desk/timetableAI,App\Http\Controllers\front_desk\timetableController,web|api.session|session|menu|logRoute|check_permissions,Y,n/a (route-level auth),N
frontdesk.php,RESOURCE,/front_desk/timetableAIV1,App\Http\Controllers\front_desk\timetableAiController,web|api.session|session|menu|logRoute|check_permissions,Y,n/a (route-level auth),N
frontdesk.php,RESOURCE,/front_desk/create-timetable,App\Http\Controllers\school_setup\timetableController,web|api.session|session|menu|logRoute|check_permissions,Y,n/a (route-level auth),Y
frontdesk.php,GET,/front_desk/add_remove_Batch_Timetable,timetableController@getBatchTimetable,web|api.session|session|menu|logRoute|check_permissions,Y,n/a (route-level auth),N
frontdesk.php,GET,/front_desk/Delete_Timetable,timetableController@deleteTimetable,web|api.session|session|menu|logRoute|check_permissions,Y,n/a (route-level auth),N
frontdesk.php,GET,/front_desk/add_new_stdandardDiv,timetableController@addNewStdandardDiv,web|api.session|session|menu|logRoute|check_permissions,Y,n/a (route-level auth),N
frontdesk.php,RESOURCE,/front_desk/add_cast,App\Http\Controllers\front_desk\castController,web|api.session|session|menu|logRoute|check_permissions,Y,n/a (route-level auth),N
frontdesk.php,RESOURCE,/front_desk/dicipline-Master,App\Http\Controllers\front_desk\dicipline\diciplineMasterController,web|api.session|session|menu|logRoute|check_permissions,Y,n/a (route-level auth),N
frontdesk.php,RESOURCE,/face_attendance/student_face_attendance,App\Http\Controllers\front_desk\studentFaceAttendanceController,web|session|menu|logRoute|check_permissions,Y,n/a (route-level auth),N
frontdesk.php,RESOURCE,/face_attendance/class_face_attendance,App\Http\Controllers\front_desk\classFaceAttendanceController,web|session|menu|logRoute|check_permissions,Y,n/a (route-level auth),N
g2g_lms.php,GET,/api/g2g-lms/learning-dashboard/enrolled-courses,LearningDashboardController@enrolledCourses,api|api.session|staff.only,Y,n/a (route-level auth),N
g2g_lms.php,GET,/api/g2g-lms/learning-dashboard/available-courses,LearningDashboardController@availableCourses,api|api.session|staff.only,Y,n/a (route-level auth),N
g2g_lms.php,POST,/api/g2g-lms/learning-dashboard/enroll,LearningDashboardController@enroll,api|api.session|staff.only,Y,n/a (route-level auth),N
g2g_lms.php,GET,/api/g2g-lms/learning-dashboard/skill-progress,LearningDashboardController@skillProgress,api|api.session|staff.only,Y,n/a (route-level auth),N
g2g_lms.php,GET,/api/g2g-lms/learning-dashboard/streak,LearningDashboardController@streak,api|api.session|staff.only,Y,n/a (route-level auth),N
g2g_lms.php,GET,/api/g2g-lms/learning-dashboard/weekly-goal,LearningDashboardController@weeklyGoal,api|api.session|staff.only,Y,n/a (route-level auth),N
g2g_lms.php,GET,/api/g2g-lms/learning-dashboard/achievements,LearningDashboardController@achievements,api|api.session|staff.only,Y,n/a (route-level auth),N
g2g_lms.php,GET,/api/g2g-lms/learning-dashboard/peer-comparison,LearningDashboardController@peerComparison,api|api.session|staff.only,Y,n/a (route-level auth),N
g2g_lms.php,GET,/api/g2g-lms/learning-dashboard/calendar,LearningDashboardController@calendar,api|api.session|staff.only,Y,n/a (route-level auth),N
g2g_lms.php,GET,/api/g2g-lms/learning-dashboard/recent-activity,LearningDashboardController@recentActivity,api|api.session|staff.only,Y,n/a (route-level auth),N
g2g_lms.php,GET,/api/g2g-lms/learning-catalog/kpis,LearningCatalogController@kpis,api|api.session|staff.only,Y,n/a (route-level auth),N
g2g_lms.php,GET,/api/g2g-lms/learning-catalog/filters,LearningCatalogController@filters,api|api.session|staff.only,Y,n/a (route-level auth),N
g2g_lms.php,POST,/api/g2g-lms/learning-catalog/bulk,LearningCatalogController@bulk,api|api.session|staff.only,Y,n/a (route-level auth),N
g2g_lms.php,GET,/api/g2g-lms/learning-catalog/courses/{id}/audience/preview,LearningCatalogController@audiencePreview,api|api.session|staff.only,Y,n/a (route-level auth),N
g2g_lms.php,POST,/api/g2g-lms/learning-catalog/courses/{id}/audience,LearningCatalogController@assignAudience,api|api.session|staff.only,Y,n/a (route-level auth),N
g2g_lms.php,GET,/api/g2g-lms/learning-catalog/courses,LearningCatalogController@index,api|api.session|staff.only,Y,n/a (route-level auth),N
g2g_lms.php,POST,/api/g2g-lms/learning-catalog/courses,LearningCatalogController@store,api|api.session|staff.only,Y,n/a (route-level auth),N
g2g_lms.php,GET,/api/g2g-lms/learning-catalog/courses/{id},LearningCatalogController@show,api|api.session|staff.only,Y,n/a (route-level auth),N
g2g_lms.php,PUT,/api/g2g-lms/learning-catalog/courses/{id},LearningCatalogController@update,api|api.session|staff.only,Y,n/a (route-level auth),N
g2g_lms.php,DELETE,/api/g2g-lms/learning-catalog/courses/{id},LearningCatalogController@destroy,api|api.session|staff.only,Y,n/a (route-level auth),N
g2g_lms.php,GET,/api/g2g-lms/my-learning/courses,MyLearningController@courses,api|api.session|staff.only,Y,n/a (route-level auth),N
g2g_lms.php,GET,/api/g2g-lms/my-learning/courses/{courseId},MyLearningController@course,api|api.session|staff.only,Y,n/a (route-level auth),N
g2g_lms.php,GET,/api/g2g-lms/my-learning/assessments,MyLearningController@assessments,api|api.session|staff.only,Y,n/a (route-level auth),N
g2g_lms.php,POST,/api/g2g-lms/my-learning/progress,MyLearningController@saveProgress,api|api.session|staff.only,Y,n/a (route-level auth),N
g2g_lms.php,POST,/api/g2g-lms/my-learning/courses/{courseId}/complete,MyLearningController@completeCourse,api|api.session|staff.only,Y,n/a (route-level auth),N
g2g_lms.php,GET,/api/g2g-lms/my-learning/notes,MyLearningController@notes,api|api.session|staff.only,Y,n/a (route-level auth),N
g2g_lms.php,POST,/api/g2g-lms/my-learning/notes,MyLearningController@storeNote,api|api.session|staff.only,Y,n/a (route-level auth),N
g2g_lms.php,PUT,/api/g2g-lms/my-learning/notes/{id},MyLearningController@updateNote,api|api.session|staff.only,Y,n/a (route-level auth),N
g2g_lms.php,DELETE,/api/g2g-lms/my-learning/notes/{id},MyLearningController@destroyNote,api|api.session|staff.only,Y,n/a (route-level auth),N
g2g_lms.php,POST,/api/g2g-lms/my-learning/chapters,MyLearningController@storeChapter,api|api.session|staff.only,Y,n/a (route-level auth),N
g2g_lms.php,PUT,/api/g2g-lms/my-learning/chapters/{id},MyLearningController@updateChapter,api|api.session|staff.only,Y,n/a (route-level auth),N
g2g_lms.php,DELETE,/api/g2g-lms/my-learning/chapters/{id},MyLearningController@destroyChapter,api|api.session|staff.only,Y,n/a (route-level auth),N
g2g_lms.php,POST,/api/g2g-lms/my-learning/content,MyLearningController@storeContent,api|api.session|staff.only,Y,n/a (route-level auth),N
g2g_lms.php,PUT,/api/g2g-lms/my-learning/content/{id},MyLearningController@updateContent,api|api.session|staff.only,Y,n/a (route-level auth),N
g2g_lms.php,DELETE,/api/g2g-lms/my-learning/content/{id},MyLearningController@destroyContent,api|api.session|staff.only,Y,n/a (route-level auth),N
g2g_lms.php,GET,/api/g2g-lms/my-learning/certificates/verify/{code},MyLearningController@verifyCertificate,api|api.session|staff.only,Y,n/a (route-level auth),N
g2g_lms.php,GET,/api/g2g-lms/my-learning/certificates,MyLearningController@certificates,api|api.session|staff.only,Y,n/a (route-level auth),N
g2g_lms.php,POST,/api/g2g-lms/my-learning/certificates,MyLearningController@issueCertificate,api|api.session|staff.only,Y,n/a (route-level auth),N
g2g_lms.php,GET,/api/g2g-lms/my-learning/certificates/{id}/download,MyLearningController@downloadCertificate,api|api.session|staff.only,Y,n/a (route-level auth),N
g2g_lms.php,POST,/api/g2g-lms/my-learning/certificates/{id}/reissue,MyLearningController@reissueCertificate,api|api.session|staff.only,Y,n/a (route-level auth),N
g2g_lms.php,GET,/api/g2g-lms/my-learning/discussions,MyLearningController@discussions,api|api.session|staff.only,Y,n/a (route-level auth),N
g2g_lms.php,POST,/api/g2g-lms/my-learning/discussions,MyLearningController@storeDiscussion,api|api.session|staff.only,Y,n/a (route-level auth),N
g2g_lms.php,POST,/api/g2g-lms/my-learning/discussions/{id}/replies,MyLearningController@replyToDiscussion,api|api.session|staff.only,Y,n/a (route-level auth),N
g2g_lms.php,DELETE,/api/g2g-lms/my-learning/discussions/{id},MyLearningController@destroyDiscussion,api|api.session|staff.only,Y,n/a (route-level auth),N
g2g_lms.php,GET,/api/g2g-lms/assignments/stats,AssignmentsController@stats,api|api.session|staff.only,Y,n/a (route-level auth),N
g2g_lms.php,GET,/api/g2g-lms/assignments/learners,AssignmentsController@learners,api|api.session|staff.only,Y,n/a (route-level auth),N
g2g_lms.php,GET,/api/g2g-lms/assignments/courses,AssignmentsController@courses,api|api.session|staff.only,Y,n/a (route-level auth),N
g2g_lms.php,GET,/api/g2g-lms/assignments/enrollments,AssignmentsController@enrollments,api|api.session|staff.only,Y,n/a (route-level auth),N
g2g_lms.php,POST,/api/g2g-lms/assignments/import,AssignmentsController@import,api|api.session|staff.only,Y,n/a (route-level auth),N
g2g_lms.php,POST,/api/g2g-lms/assignments/bulk-status,AssignmentsController@bulkUpdateStatus,api|api.session|staff.only,Y,n/a (route-level auth),N
g2g_lms.php,POST,/api/g2g-lms/assignments/bulk-review,AssignmentsController@bulkReview,api|api.session|staff.only,Y,n/a (route-level auth),N
g2g_lms.php,POST,/api/g2g-lms/assignments/request,AssignmentsController@request,api|api.session|staff.only,Y,n/a (route-level auth),N
g2g_lms.php,POST,/api/g2g-lms/assignments/{id}/status,AssignmentsController@updateStatus,api|api.session|staff.only,Y,n/a (route-level auth),Y
g2g_lms.php,POST,/api/g2g-lms/assignments/{id}/review,AssignmentsController@review,api|api.session|staff.only,Y,n/a (route-level auth),Y
g2g_lms.php,GET,/api/g2g-lms/assignments/,AssignmentsController@index,api|api.session|staff.only,Y,n/a (route-level auth),Y
g2g_lms.php,POST,/api/g2g-lms/assignments/,AssignmentsController@store,api|api.session|staff.only,Y,n/a (route-level auth),Y
g2g_lms.php,GET,/api/g2g-lms/sessions-calendar/stats,SessionsCalendarController@stats,api|api.session|staff.only,Y,n/a (route-level auth),N
g2g_lms.php,GET,/api/g2g-lms/sessions-calendar/deadlines,SessionsCalendarController@deadlines,api|api.session|staff.only,Y,n/a (route-level auth),N
g2g_lms.php,GET,/api/g2g-lms/sessions-calendar/{id}/attendees,SessionsCalendarController@attendees,api|api.session|staff.only,Y,n/a (route-level auth),Y
g2g_lms.php,POST,/api/g2g-lms/sessions-calendar/{id}/register,SessionsCalendarController@register,api|api.session|staff.only,Y,n/a (route-level auth),Y
g2g_lms.php,DELETE,/api/g2g-lms/sessions-calendar/{id}/register,SessionsCalendarController@cancelRegistration,api|api.session|staff.only,Y,n/a (route-level auth),Y
g2g_lms.php,GET,/api/g2g-lms/sessions-calendar/,SessionsCalendarController@index,api|api.session|staff.only,Y,n/a (route-level auth),Y
g2g_lms.php,POST,/api/g2g-lms/sessions-calendar/,SessionsCalendarController@store,api|api.session|staff.only,Y,n/a (route-level auth),Y
g2g_lms.php,PUT,/api/g2g-lms/sessions-calendar/{id},SessionsCalendarController@update,api|api.session|staff.only,Y,n/a (route-level auth),Y
g2g_lms.php,DELETE,/api/g2g-lms/sessions-calendar/{id},SessionsCalendarController@destroy,api|api.session|staff.only,Y,n/a (route-level auth),Y
g2g_lms.php,GET,/api/g2g-lms/certifications-records/certificates,CertificationsRecordsController@index,api|api.session|staff.only,Y,n/a (route-level auth),Y
g2g_lms.php,POST,/api/g2g-lms/certifications-records/certificates,CertificationsRecordsController@issue,api|api.session|staff.only,Y,n/a (route-level auth),Y
g2g_lms.php,GET,/api/g2g-lms/certifications-records/certificates/{id}/download,CertificationsRecordsController@download,api|api.session|staff.only,Y,n/a (route-level auth),Y
g2g_lms.php,POST,/api/g2g-lms/certifications-records/certificates/{id}/reissue,CertificationsRecordsController@reissue,api|api.session|staff.only,Y,n/a (route-level auth),Y
g2g_lms.php,GET,/api/g2g-lms/certifications-records/transcript,CertificationsRecordsController@transcript,api|api.session|staff.only,Y,n/a (route-level auth),Y
g2g_lms.php,GET,/api/g2g-lms/certifications-records/completion-history,CertificationsRecordsController@completionHistory,api|api.session|staff.only,Y,n/a (route-level auth),Y
g2g_lms.php,GET,/api/g2g-lms/course-builder/options,CourseBuilderController@options,api|api.session|staff.only,Y,n/a (route-level auth),Y
g2g_lms.php,GET,/api/g2g-lms/course-builder/courses/{id},CourseBuilderController@show,api|api.session|staff.only,Y,n/a (route-level auth),Y
g2g_lms.php,POST,/api/g2g-lms/course-builder/courses,CourseBuilderController@store,api|api.session|staff.only,Y,n/a (route-level auth),Y
g2g_lms.php,PUT,/api/g2g-lms/course-builder/courses/{id},CourseBuilderController@update,api|api.session|staff.only,Y,n/a (route-level auth),Y
g2g_lms.php,GET,/api/g2g-lms/course-builder/courses/{id}/modules,CourseBuilderController@modules,api|api.session|staff.only,Y,n/a (route-level auth),Y
g2g_lms.php,GET,/api/g2g-lms/course-builder/courses/{id}/audience/preview,CourseBuilderController@audiencePreview,api|api.session|staff.only,Y,n/a (route-level auth),Y
g2g_lms.php,POST,/api/g2g-lms/course-builder/courses/{id}/audience,CourseBuilderController@assignAudience,api|api.session|staff.only,Y,n/a (route-level auth),Y
g2g_lms.php,POST,/api/g2g-lms/course-builder/chapters,CourseBuilderController@storeModule,api|api.session|staff.only,Y,n/a (route-level auth),Y
g2g_lms.php,PUT,/api/g2g-lms/course-builder/chapters/{id},CourseBuilderController@updateModule,api|api.session|staff.only,Y,n/a (route-level auth),Y
g2g_lms.php,DELETE,/api/g2g-lms/course-builder/chapters/{id},CourseBuilderController@destroyModule,api|api.session|staff.only,Y,n/a (route-level auth),Y
g2g_lms.php,POST,/api/g2g-lms/course-builder/content,CourseBuilderController@storeContent,api|api.session|staff.only,Y,n/a (route-level auth),Y
g2g_lms.php,DELETE,/api/g2g-lms/course-builder/content/{id},CourseBuilderController@destroyContent,api|api.session|staff.only,Y,n/a (route-level auth),Y
g2g_lms.php,GET,/api/g2g-lms/course-builder/assessments,CourseBuilderController@assessments,api|api.session|staff.only,Y,n/a (route-level auth),Y
g2g_lms.php,POST,/api/g2g-lms/course-builder/assessments,CourseBuilderController@storeAssessment,api|api.session|staff.only,Y,n/a (route-level auth),Y
g2g_lms.php,DELETE,/api/g2g-lms/course-builder/assessments/{id},CourseBuilderController@destroyAssessment,api|api.session|staff.only,Y,n/a (route-level auth),Y
g2g_lms.php,GET,/api/g2g-lms/course-builder/assessments/{id}/questions,CourseBuilderController@paperQuestions,api|api.session|staff.only,Y,n/a (route-level auth),Y
g2g_lms.php,POST,/api/g2g-lms/course-builder/assessments/{id}/questions,CourseBuilderController@storeQuestion,api|api.session|staff.only,Y,n/a (route-level auth),Y
g2g_lms.php,PUT,/api/g2g-lms/course-builder/assessments/{id}/questions/{questionId},CourseBuilderController@updateQuestion,api|api.session|staff.only,Y,n/a (route-level auth),Y
g2g_lms.php,DELETE,/api/g2g-lms/course-builder/assessments/{id}/questions/{questionId},CourseBuilderController@destroyQuestion,api|api.session|staff.only,Y,n/a (route-level auth),Y
g2g_lms.php,POST,/api/g2g-lms/course-builder/assessments/{id}/questions/generate,CourseBuilderController@generateQuestions,api|api.session|staff.only,Y,n/a (route-level auth),Y
g2g_lms.php,GET,/api/g2g-lms/course-builder/courses/{courseId}/competencies,CourseBuilderController@courseCompetencies,api|api.session|staff.only,Y,n/a (route-level auth),Y
g2g_lms.php,POST,/api/g2g-lms/course-builder/courses/{courseId}/competencies,CourseBuilderController@syncCourseCompetencies,api|api.session|staff.only,Y,n/a (route-level auth),Y
g2g_lms.php,DELETE,/api/g2g-lms/course-builder/competencies/{id},CourseBuilderController@destroyCourseCompetency,api|api.session|staff.only,Y,n/a (route-level auth),Y
g2g_lms.php,GET,/api/g2g-lms/course-builder/ai/status,AiCourseController@status,api|api.session|staff.only,Y,n/a (route-level auth),Y
g2g_lms.php,POST,/api/g2g-lms/course-builder/ai/outline,AiCourseController@generateOutline,api|api.session|staff.only,Y,n/a (route-level auth),Y
g2g_lms.php,POST,/api/g2g-lms/course-builder/ai/presentation,AiCourseController@generatePresentation,api|api.session|staff.only,Y,n/a (route-level auth),Y
g2g_lms.php,GET,/api/g2g-lms/course-builder/ai/presentation/{generationId},AiCourseController@generationStatus,api|api.session|staff.only,Y,n/a (route-level auth),Y
g2g_lms.php,GET,/api/g2g-lms/course-builder/ai/outlines,AiCourseController@outlines,api|api.session|staff.only,Y,n/a (route-level auth),Y
g2g_lms.php,POST,/api/g2g-lms/course-builder/ai/outlines/{id}/publish,AiCourseController@publish,api|api.session|staff.only,Y,n/a (route-level auth),Y
g2g_lms.php,GET,/api/g2g-lms/administration-governance/kpis,GovernanceController@kpis,api|api.session|staff.only,Y,n/a (route-level auth),N
g2g_lms.php,GET,/api/g2g-lms/administration-governance/system-health,GovernanceController@systemHealth,api|api.session|staff.only,Y,n/a (route-level auth),N
g2g_lms.php,GET,/api/g2g-lms/administration-governance/users,GovernanceController@users,api|api.session|staff.only,Y,n/a (route-level auth),N
g2g_lms.php,POST,/api/g2g-lms/administration-governance/users,GovernanceController@storeUser,api|api.session|staff.only,Y,n/a (route-level auth),N
g2g_lms.php,POST,/api/g2g-lms/administration-governance/users/import,GovernanceController@importUsers,api|api.session|staff.only,Y,n/a (route-level auth),N
g2g_lms.php,PUT,/api/g2g-lms/administration-governance/users/{id},GovernanceController@updateUser,api|api.session|staff.only,Y,n/a (route-level auth),N
g2g_lms.php,DELETE,/api/g2g-lms/administration-governance/users/{id},GovernanceController@destroyUser,api|api.session|staff.only,Y,n/a (route-level auth),N
g2g_lms.php,GET,/api/g2g-lms/administration-governance/roles,GovernanceController@roles,api|api.session|staff.only,Y,n/a (route-level auth),N
g2g_lms.php,POST,/api/g2g-lms/administration-governance/roles,GovernanceController@storeRole,api|api.session|staff.only,Y,n/a (route-level auth),N
g2g_lms.php,PUT,/api/g2g-lms/administration-governance/roles/{id},GovernanceController@updateRole,api|api.session|staff.only,Y,n/a (route-level auth),N
g2g_lms.php,DELETE,/api/g2g-lms/administration-governance/roles/{id},GovernanceController@destroyRole,api|api.session|staff.only,Y,n/a (route-level auth),N
g2g_lms.php,GET,/api/g2g-lms/administration-governance/permissions,GovernanceController@permissions,api|api.session|staff.only,Y,n/a (route-level auth),N
g2g_lms.php,POST,/api/g2g-lms/administration-governance/permissions,GovernanceController@savePermissions,api|api.session|staff.only,Y,n/a (route-level auth),N
g2g_lms.php,GET,/api/g2g-lms/administration-governance/audit-logs,GovernanceController@auditLogs,api|api.session|staff.only,Y,n/a (route-level auth),N
g2g_lms.php,GET,/api/g2g-lms/administration-governance/trainers,PartnerController@trainers,api|api.session|staff.only,Y,n/a (route-level auth),N
g2g_lms.php,POST,/api/g2g-lms/administration-governance/trainers,PartnerController@storeTrainer,api|api.session|staff.only,Y,n/a (route-level auth),N
g2g_lms.php,PUT,/api/g2g-lms/administration-governance/trainers/{id},PartnerController@updateTrainer,api|api.session|staff.only,Y,n/a (route-level auth),N
g2g_lms.php,DELETE,/api/g2g-lms/administration-governance/trainers/{id},PartnerController@destroyTrainer,api|api.session|staff.only,Y,n/a (route-level auth),N
g2g_lms.php,GET,/api/g2g-lms/administration-governance/vendors,PartnerController@vendors,api|api.session|staff.only,Y,n/a (route-level auth),N
g2g_lms.php,POST,/api/g2g-lms/administration-governance/vendors,PartnerController@storeVendor,api|api.session|staff.only,Y,n/a (route-level auth),N
g2g_lms.php,PUT,/api/g2g-lms/administration-governance/vendors/{id},PartnerController@updateVendor,api|api.session|staff.only,Y,n/a (route-level auth),N
g2g_lms.php,DELETE,/api/g2g-lms/administration-governance/vendors/{id},PartnerController@destroyVendor,api|api.session|staff.only,Y,n/a (route-level auth),N
g2g_lms.php,GET,/api/g2g-lms/administration-governance/integrations,PartnerController@integrations,api|api.session|staff.only,Y,n/a (route-level auth),N
g2g_lms.php,POST,/api/g2g-lms/administration-governance/integrations,PartnerController@storeIntegration,api|api.session|staff.only,Y,n/a (route-level auth),N
g2g_lms.php,PUT,/api/g2g-lms/administration-governance/integrations/{id},PartnerController@updateIntegration,api|api.session|staff.only,Y,n/a (route-level auth),N
g2g_lms.php,DELETE,/api/g2g-lms/administration-governance/integrations/{id},PartnerController@destroyIntegration,api|api.session|staff.only,Y,n/a (route-level auth),N
g2g_lms.php,GET,/api/g2g-lms/assessments/assessment-cycles/metrics,AssessmentCycleController@metrics,api|api.session|staff.only,Y,n/a (route-level auth),N
g2g_lms.php,GET,/api/g2g-lms/assessments/assessment-cycles/participant-ratings,AssessmentCycleController@participantRatings,api|api.session|staff.only,Y,n/a (route-level auth),N
g2g_lms.php,GET,/api/g2g-lms/assessments/assessment-cycles/calibration,AssessmentCycleController@calibration,api|api.session|staff.only,Y,n/a (route-level auth),N
g2g_lms.php,GET,/api/g2g-lms/assessments/assessment-cycles/approvals,AssessmentCycleController@approvals,api|api.session|staff.only,Y,n/a (route-level auth),N
g2g_lms.php,GET,/api/g2g-lms/assessments/assessment-cycles/closed,AssessmentCycleController@closed,api|api.session|staff.only,Y,n/a (route-level auth),N
g2g_lms.php,PUT,/api/g2g-lms/assessments/assessment-cycles/assessments/{id}/review,AssessmentCycleController@reviewAssessment,api|api.session|staff.only,Y,n/a (route-level auth),N
g2g_lms.php,GET,/api/g2g-lms/assessments/assessment-cycles/{id}/participants,AssessmentCycleController@participants,api|api.session|staff.only,Y,n/a (route-level auth),N
g2g_lms.php,GET,/api/g2g-lms/assessments/assessment-cycles,AssessmentCycleController@index,api|api.session|staff.only,Y,n/a (route-level auth),N
g2g_lms.php,POST,/api/g2g-lms/assessments/assessment-cycles,AssessmentCycleController@store,api|api.session|staff.only,Y,n/a (route-level auth),N
g2g_lms.php,GET,/api/g2g-lms/assessments/assessments,AssessmentController@index,api|api.session|staff.only,Y,n/a (route-level auth),N
g2g_lms.php,POST,/api/g2g-lms/assessments/assessments,AssessmentController@store,api|api.session|staff.only,Y,n/a (route-level auth),N
g2g_lms.php,DELETE,/api/g2g-lms/assessments/assessments/{id},AssessmentController@destroy,api|api.session|staff.only,Y,n/a (route-level auth),N
g2g_lms.php,GET,/api/g2g-lms/assessments/ai-assessment/jobroles,AiAssessmentController@jobroles,api|api.session|staff.only,Y,n/a (route-level auth),N
g2g_lms.php,POST,/api/g2g-lms/assessments/ai-assessment/generate,AiAssessmentController@generate,api|api.session|staff.only,Y,n/a (route-level auth),N
g2g_lms.php,POST,/api/g2g-lms/assessments/ai-assessment/publish,AiAssessmentController@publish,api|api.session|staff.only,Y,n/a (route-level auth),N
g2g_lms.php,GET,/api/g2g-lms/assessments/ai-assessment/mine,AiAssessmentController@mine,api|api.session|staff.only,Y,n/a (route-level auth),N
g2g_lms.php,POST,/api/g2g-lms/assessments/ai-assessment/submit,AiAssessmentController@submit,api|api.session|staff.only,Y,n/a (route-level auth),N
g2g_lms.php,GET,/api/g2g-lms/assessments/ai-assessment/my-result,AiAssessmentController@myResult,api|api.session|staff.only,Y,n/a (route-level auth),N
g2g_lms.php,GET,/api/g2g-lms/assessments/ai-assessment/tests,AiAssessmentController@tests,api|api.session|staff.only,Y,n/a (route-level auth),N
g2g_lms.php,GET,/api/g2g-lms/assessments/ai-assessment/tests/{id},AiAssessmentController@show,api|api.session|staff.only,Y,n/a (route-level auth),N
g2g_lms.php,POST,/api/g2g-lms/assessments/ai-assessment/responses/{id}/score,AiAssessmentController@scoreResponse,api|api.session|staff.only,Y,n/a (route-level auth),N
g2g_lms.php,GET,/api/g2g-lms/certifications-records/certificates/verify/{code},CertificationsRecordsController@verify,api,N,C-NO-AUTH,Y
hostel_management.php,RESOURCE,/hostel_management/add_hostel_type_master,App\Http\Controllers\hostel_management\hosteltypemasterController,web|session|menu|logRoute|check_permissions,Y,n/a (route-level auth),N
hostel_management.php,RESOURCE,/hostel_management/add_room_type_master,App\Http\Controllers\hostel_management\room_type_masterController,web|session|menu|logRoute|check_permissions,Y,n/a (route-level auth),N
hostel_management.php,RESOURCE,/hostel_management/add_admission_category_master,App\Http\Controllers\hostel_management\admission_category_masterController,web|session|menu|logRoute|check_permissions,Y,n/a (route-level auth),N
hostel_management.php,RESOURCE,/hostel_management/add_hostel_master,App\Http\Controllers\hostel_management\hostel_masterController,web|session|menu|logRoute|check_permissions,Y,n/a (route-level auth),N
hostel_management.php,RESOURCE,/hostel_management/add_hostel_visitor_master,App\Http\Controllers\hostel_management\hostel_visitor_masterController,web|session|menu|logRoute|check_permissions,Y,n/a (route-level auth),N
hostel_management.php,RESOURCE,/hostel_management/add_hostel_building_master,App\Http\Controllers\hostel_management\hostel_building_masterController,web|session|menu|logRoute|check_permissions,Y,n/a (route-level auth),N
hostel_management.php,RESOURCE,/hostel_management/add_hostel_floor_master,App\Http\Controllers\hostel_management\hostel_floor_masterController,web|session|menu|logRoute|check_permissions,Y,n/a (route-level auth),N
hostel_management.php,RESOURCE,/hostel_management/add_hostel_room_master,App\Http\Controllers\hostel_management\hostel_room_masterController,web|session|menu|logRoute|check_permissions,Y,n/a (route-level auth),N
hostel_management.php,RESOURCE,/hostel_management/show_hostel_visitor_report,App\Http\Controllers\hostel_management\hostel_visitor_reportController,web|session|menu|logRoute|check_permissions,Y,n/a (route-level auth),N
hostel_management.php,RESOURCE,/hostel_management/hostel_room_allocation,App\Http\Controllers\hostel_management\tblhostelRoomAllocationController,web|session|menu|logRoute|check_permissions,Y,n/a (route-level auth),N
hostel_management.php,RESOURCE,/hostel_management/hostel_report,App\Http\Controllers\hostel_management\hostel_reportController,web|session|menu|logRoute|check_permissions,Y,n/a (route-level auth),N
hostel_management.php,GET,/hostel_management/room_report,hostel_reportController@roomIndex,web|session|menu|logRoute|check_permissions,Y,n/a (route-level auth),N
hostel_management.php,POST,/hostel_management/show_room_report,hostel_reportController@roomReport,web|session|menu|logRoute|check_permissions,Y,n/a (route-level auth),N
hostel_management.php,POST,/hostel_management/student_hostel_room_allocation,tblhostelRoomAllocationController@student_hostel_room_allocation,web|session|menu|logRoute|check_permissions,Y,n/a (route-level auth),N
hostel_management.php,POST,/hostel_management/hostelList,hostel_masterController@hostelList,web|session|menu|logRoute|check_permissions,Y,n/a (route-level auth),N
hostel_management.php,POST,/hostel_management/hostelWiseRoomList,hostel_room_masterController@hostelWiseRoomList,web|session|menu|logRoute|check_permissions,Y,n/a (route-level auth),N
hostel_management.php,POST,/hostel_management/show_hostel_report,hostel_reportController@showHostelReport,web|session|menu|logRoute|check_permissions,Y,n/a (route-level auth),N
hrms.php,GET,/payroll-type,PayrollController@payrollType,web|session|menu|logRoute|check_permissions,Y,n/a (route-level auth),Y
hrms.php,GET,/payroll-type/create,PayrollController@payrollCreate,web|session|menu|logRoute|check_permissions,Y,n/a (route-level auth),N
hrms.php,POST,/payroll-type/store,PayrollController@payrollStore,web|session|menu|logRoute|check_permissions,Y,n/a (route-level auth),Y
hrms.php,GET,/payroll-type/create/{id},PayrollController@payrollCreate,web|session|menu|logRoute|check_permissions,Y,n/a (route-level auth),N
hrms.php,DELETE,/payroll-type/destroy/{id},PayrollController@payrollDestroy,web|session|menu|logRoute|check_permissions,Y,n/a (route-level auth),Y
hrms.php,GET,/payroll-type-report,PayrollController@payrollTypeReport,web|session|menu|logRoute|check_permissions,Y,n/a (route-level auth),N
hrms.php,GET,/payroll-type-report/create,PayrollController@payrollTypeReportCreate,web|session|menu|logRoute|check_permissions,Y,n/a (route-level auth),N
hrms.php,GET,/employee-salary-structure,PayrollController@employeeSalaryStructure,web|session|menu|logRoute|check_permissions,Y,n/a (route-level auth),Y
hrms.php,POST,/employee-salary-structure,PayrollController@employeeSalaryStructure,web|session|menu|logRoute|check_permissions,Y,n/a (route-level auth),Y
hrms.php,GET,/roll-over,PayrollController@rollOver,web|session|menu|logRoute|check_permissions,Y,n/a (route-level auth),N
hrms.php,POST,/employee-salary-structure/store,PayrollController@employeeSalaryStructureStore,web|session|menu|logRoute|check_permissions,Y,n/a (route-level auth),Y
hrms.php,POST,/rollover-employee-salary-structure/store,PayrollController@rolloverEmployeeSalaryStructure,web|session|menu|logRoute|check_permissions,Y,n/a (route-level auth),N
hrms.php,GET,/salary-structure-report,PayrollController@salaryStructureReport,web|session|menu|logRoute|check_permissions,Y,n/a (route-level auth),N
hrms.php,POST,/salary-structure-report,PayrollController@showSalaryStructureReport,web|session|menu|logRoute|check_permissions,Y,n/a (route-level auth),N
hrms.php,GET,/form16,PayrollController@form16,web|session|menu|logRoute|check_permissions,Y,n/a (route-level auth),N
hrms.php,POST,/form16-get-employees-list,PayrollController@getEmployeeLists,web|session|menu|logRoute|check_permissions,Y,n/a (route-level auth),N
hrms.php,POST,/form16-report,PayrollController@form16Report,web|session|menu|logRoute|check_permissions,Y,n/a (route-level auth),N
hrms.php,GET,/payroll-deduction,PayrollController@payrollDeduction,web|session|menu|logRoute|check_permissions,Y,n/a (route-level auth),Y
hrms.php,POST,/payroll-deduction/store,PayrollController@payrollDeductionStore,web|session|menu|logRoute|check_permissions,Y,n/a (route-level auth),Y
hrms.php,GET,/monthly-payroll-report,PayrollController@monthlyPayrollReport,web|session|menu|logRoute|check_permissions,Y,n/a (route-level auth),Y
hrms.php,POST,/monthly-payroll-report,PayrollController@monthlyPayrollReport,web|session|menu|logRoute|check_permissions,Y,n/a (route-level auth),Y
hrms.php,POST,/show-monthly-payroll-report,PayrollController@monthlyPayrollReport,web|session|menu|logRoute|check_permissions,Y,n/a (route-level auth),N
hrms.php,GET,/monthly-payroll-report/pdf/{id}/{month}/{year},PayrollController@monthlyPayrollPdf,web|session|menu|logRoute|check_permissions,Y,n/a (route-level auth),Y
hrms.php,GET,/payroll-report,PayrollController@payrollReport,web|session|menu|logRoute|check_permissions,Y,n/a (route-level auth),N
hrms.php,POST,/payroll-report,PayrollController@payrollReport,web|session|menu|logRoute|check_permissions,Y,n/a (route-level auth),N
hrms.php,GET,/employee-payroll-history,PayrollController@employeePayrollHistory,web|session|menu|logRoute|check_permissions,Y,n/a (route-level auth),N
hrms.php,POST,/employee-payroll-history,PayrollController@employeePayrollHistory,web|session|menu|logRoute|check_permissions,Y,n/a (route-level auth),N
hrms.php,GET,/payroll-bank-wise-report,PayrollController@payrollBankWiseReport,web|session|menu|logRoute|check_permissions,Y,n/a (route-level auth),N
hrms.php,POST,/payroll-bank-wise-report,PayrollController@payrollBankWiseReport,web|session|menu|logRoute|check_permissions,Y,n/a (route-level auth),N
hrms.php,GET,/hrms-salary-certificate,PayrollController@hrmsSalaryCertificateIndex,web|session|menu|logRoute|check_permissions,Y,n/a (route-level auth),Y
hrms.php,POST,/hrms-salary-certificate-report,PayrollController@hrmsSalaryCertificateReport,web|session|menu|logRoute|check_permissions,Y,n/a (route-level auth),N
hrms.php,GET,/salary-certificate-pdf-download,PayrollController@SalaryCertificatePdfDownload,web|session|menu|logRoute|check_permissions,Y,n/a (route-level auth),Y
hrms.php,GET,/hrms-job-title,HrmsController@hrmsJobTitle,web|session|menu|logRoute|check_permissions,Y,n/a (route-level auth),N
hrms.php,GET,/hrms-job-title/create,HrmsController@hrmsCreate,web|session|menu|logRoute|check_permissions,Y,n/a (route-level auth),N
hrms.php,GET,/hrms-job-title/create/{id},HrmsController@hrmsCreate,web|session|menu|logRoute|check_permissions,Y,n/a (route-level auth),N
hrms.php,POST,/hrms-job-title/store,HrmsController@hrmsStore,web|session|menu|logRoute|check_permissions,Y,n/a (route-level auth),N
hrms.php,DELETE,/hrms-job-title/destroy/{id},HrmsController@hrmsDestroy,web|session|menu|logRoute|check_permissions,Y,n/a (route-level auth),N
hrms.php,GET,/hrms-inout-time,HrmsController@hrmsInOutTime,web|session|menu|logRoute|check_permissions,Y,n/a (route-level auth),N
hrms.php,POST,/hrms-in-time/store,HrmsController@hrmsInTimeStore,web|session|menu|logRoute|check_permissions,Y,n/a (route-level auth),N
hrms.php,POST,/hrms-out-time/store,HrmsController@hrmsOutTimeStore,web|session|menu|logRoute|check_permissions,Y,n/a (route-level auth),N
hrms.php,GET,/hrms-attendance,HrmsController@hrmsAttendance,web|session|menu|logRoute|check_permissions,Y,n/a (route-level auth),Y
hrms.php,POST,/hrms-attendance-in-time/store,HrmsController@hrmsAttendanceInTimeStore,web|session|menu|logRoute|check_permissions,Y,n/a (route-level auth),N
hrms.php,POST,/hrms-attendance-out-time/store,HrmsController@hrmsAttendanceOutTimeStore,web|session|menu|logRoute|check_permissions,Y,n/a (route-level auth),N
hrms.php,GET,/hrms-attendance-report,HrmsController@hrmsAttendanceReportIndex,web|session|menu|logRoute|check_permissions,Y,n/a (route-level auth),Y
hrms.php,POST,/show-hrms-attendance-report,HrmsController@hrmsAttendanceReport,web|session|menu|logRoute|check_permissions,Y,n/a (route-level auth),N
hrms.php,POST,/get-employees-list,HrmsController@getEmployeeLists,web|session|menu|logRoute|check_permissions,Y,n/a (route-level auth),N
hrms.php,GET,/early-going-hrms-attendance-report,HrmsController@earlyGoingHrmsAttendanceReportIndex,web|session|menu|logRoute|check_permissions,Y,n/a (route-level auth),N
hrms.php,POST,/show-early-going-hrms-attendance-report,HrmsController@earlyGoingHrmsAttendanceReport,web|session|menu|logRoute|check_permissions,Y,n/a (route-level auth),Y
hrms.php,GET,/show-early-going-hrms-attendance-report,HrmsController@earlyGoingHrmsAttendanceReport,web|session|menu|logRoute|check_permissions,Y,n/a (route-level auth),Y
hrms.php,GET,/hrms-general-setting,HrmsController@generalSettingIndex,web|session|menu|logRoute|check_permissions,Y,n/a (route-level auth),N
hrms.php,POST,/hrms-general-setting/store,HrmsController@generalSettingStore,web|session|menu|logRoute|check_permissions,Y,n/a (route-level auth),N
hrms.php,GET,/departmentwise-attendance-report,HrmsController@departmentAttendanceReport,web|session|menu|logRoute|check_permissions,Y,n/a (route-level auth),Y
hrms.php,GET,/departmentwise-attendance-report/create,HrmsController@departmentAttendanceReportCreate,web|session|menu|logRoute|check_permissions,Y,n/a (route-level auth),Y
hrms.php,GET,/departmentwise-emplist,AJAXController@getDepEmployeeLists,web|session|menu|logRoute|check_permissions,Y,n/a (route-level auth),N
hrms.php,GET,/get-holidays,HrmsController@getHolidays,web|session|menu|logRoute|check_permissions,Y,n/a (route-level auth),N
hrms.php,GET,/get-present-days,HrmsController@getPresentDays,web|session|menu|logRoute|check_permissions,Y,n/a (route-level auth),N
hrms.php,GET,/get-absent-days,HrmsController@getAbsentDays,web|session|menu|logRoute|check_permissions,Y,n/a (route-level auth),N
hrms.php,GET,/get-half-day,HrmsController@getHalfDays,web|session|menu|logRoute|check_permissions,Y,n/a (route-level auth),N
hrms.php,GET,/monthly-payroll,PayrollController@monthlyPayroll,web|session|menu|logRoute|check_permissions,Y,n/a (route-level auth),Y
hrms.php,GET,/monthly-payroll/create,PayrollController@monthlyPayrollCreate,web|session|menu|logRoute|check_permissions,Y,n/a (route-level auth),N
hrms.php,POST,/monthly-payroll-store,PayrollController@monthlyPayrollStore,web|session|menu|logRoute|check_permissions,Y,n/a (route-level auth),Y
hrms.php,POST,/monthly-payroll-delete,PayrollController@deleteMonthlyPayrolls,web|session|menu|logRoute|check_permissions,Y,n/a (route-level auth),Y
hrms.php,GET,/getMonthlyData,PayrollController@getEmpMonthlyData,web|session|menu|logRoute|check_permissions,Y,n/a (route-level auth),Y
hrms.php,GET,/getTotalDays,PayrollController@getTotalDays,web|session|menu|logRoute|check_permissions,Y,n/a (route-level auth),N
hrms.php,RESOURCE,/hrms/designation_leave,App\Http\Controllers\HRMS\HrmsLeaveController,web|session|menu|logRoute|check_permissions,Y,n/a (route-level auth),N
hrms.php,RESOURCE,/hrms/leave_encashment,App\Http\Controllers\leave\leaveEncashmentController,web|session|menu|logRoute|check_permissions,Y,n/a (route-level auth),N
hrms.php,RESOURCE,/hrms/add_department,App\Http\Controllers\HRMS\departmentController,web|session|menu|logRoute|check_permissions,Y,n/a (route-level auth),N
hrms.php,RESOURCE,/hrms/user_shift_master,App\Http\Controllers\HRMS\shiftMasterController,web|session|menu|logRoute|check_permissions,Y,n/a (route-level auth),N
hrms.php,RESOURCE,/hrms/user_bulk_shift_update,App\Http\Controllers\HRMS\bulkUserShiftUpdateController,web|session|menu|logRoute|check_permissions,Y,n/a (route-level auth),N
hrms.php,GET,/hrms/department-Emp-Lists,departmentController@departmentEmpLists,web|session|menu|logRoute|check_permissions,Y,n/a (route-level auth),N
hrms.php,GET,/hrms/sub-department-list,departmentController@subDepartmentList,web|session|menu|logRoute|check_permissions,Y,n/a (route-level auth),N
hrms.php,GET,/hrms/department-employee-list,departmentController@departmentEmployeeList,web|session|menu|logRoute|check_permissions,Y,n/a (route-level auth),N
hrms.php,GET,/hrms/attendance-by-id,HrmsController@getAttandanceData,web|session|menu|logRoute|check_permissions,Y,n/a (route-level auth),N
hrms.php,GET,/hrms/multiple_attendance_report,HrmsController@multipleAttendanceReportIndex,web|session|menu|logRoute|check_permissions,Y,n/a (route-level auth),N
hrms.php,GET,/hrms/multiple_attendance_report/create,HrmsController@multipleAttendanceReportCreate,web|session|menu|logRoute|check_permissions,Y,n/a (route-level auth),N
hrms.php,GET,/hrms/daywise_attendance_report,HrmsController@DaywiseAttendanceReportIndex,web|session|menu|logRoute|check_permissions,Y,n/a (route-level auth),N
hrms.php,GET,/hrms/daywise_attendance_report/create,HrmsController@DaywiseAttendanceportCreate,web|session|menu|logRoute|check_permissions,Y,n/a (route-level auth),N
hrms.php,POST,/hrms/update_user_att,HrmsController@updateUserAttendance,web|session|menu|logRoute|check_permissions,Y,n/a (route-level auth),N
hrms.php,GET,/hrms/myleave/{employeeId},HrmsLeaveController@getLeaveDashboard,web,N,"B2-jwt-valid,session?",N
hrms.php,GET,/hrms/leavehistory/{employeeId},HrmsLeaveController@getLeaveHistory,web,N,"B2-jwt-valid,session?",N
implementation.php,RESOURCE,/implementation/add_implementation,App\Http\Controllers\implementation\implementation_MasterController,web|session|menu|logRoute|check_permissions,Y,n/a (route-level auth),N
implementation.php,GET,/conversational_ai/genkitDetailsAPI,conversationalAIController@genkitDetailsAPI,web|session,Y,n/a (route-level auth),N
implementation.php,GET,/conversational_ai/MockQueriesAPI,conversationalAIController@MockQueriesAPI,web|session,Y,n/a (route-level auth),N
implementation.php,GET,/get-intents-list,conversationalAIController@getIntentsList,web,N,C-NO-AUTH,N
inventory.php,RESOURCE,/inventory/add_inventory_master_setup,App\Http\Controllers\inventory\inventory_master_setupController,web|session|menu|logRoute|check_permissions,Y,n/a (route-level auth),N
inventory.php,RESOURCE,/inventory/add_inventory_item_category_master,App\Http\Controllers\inventory\inventory_item_category_masterController,web|session|menu|logRoute|check_permissions,Y,n/a (route-level auth),N
inventory.php,RESOURCE,/inventory/add_inventory_item_sub_category_master,App\Http\Controllers\inventory\inventory_item_sub_category_masterController,web|session|menu|logRoute|check_permissions,Y,n/a (route-level auth),N
inventory.php,RESOURCE,/inventory/add_inventory_item,App\Http\Controllers\inventory\inventory_item_masterController,web|session|menu|logRoute|check_permissions,Y,n/a (route-level auth),N
inventory.php,RESOURCE,/inventory/add_inventory_item_tax_master,App\Http\Controllers\inventory\inventory_tax_masterController,web|session|menu|logRoute|check_permissions,Y,n/a (route-level auth),N
inventory.php,RESOURCE,/inventory/add_inventory_vendor_master,App\Http\Controllers\inventory\inventory_vendor_masterController,web|session|menu|logRoute|check_permissions,Y,n/a (route-level auth),N
inventory.php,RESOURCE,/inventory/add_inventory_item_quotation,App\Http\Controllers\inventory\inventory_item_quotationController,web|session|menu|logRoute|check_permissions,Y,n/a (route-level auth),N
inventory.php,RESOURCE,/inventory/add_item_direct_purchase,App\Http\Controllers\inventory\inventory_item_direct_purchaseController,web|session|menu|logRoute|check_permissions,Y,n/a (route-level auth),N
inventory.php,RESOURCE,/inventory/add_inventory_generate_po,App\Http\Controllers\inventory\inventory_generate_poController,web|session|menu|logRoute|check_permissions,Y,n/a (route-level auth),N
inventory.php,RESOURCE,/inventory/add_inventory_negotiate_po,App\Http\Controllers\inventory\inventory_negotiate_poController,web|session|menu|logRoute|check_permissions,Y,n/a (route-level auth),N
inventory.php,RESOURCE,/inventory/show_inventory_item_receivable,App\Http\Controllers\inventory\inventory_item_receivableController,web|session|menu|logRoute|check_permissions,Y,n/a (route-level auth),N
inventory.php,RESOURCE,/inventory/show_inventory_item_allocation,App\Http\Controllers\inventory\inventory_item_allocationController,web|session|menu|logRoute|check_permissions,Y,n/a (route-level auth),N
inventory.php,RESOURCE,/inventory/show_inventory_item_return,App\Http\Controllers\inventory\inventory_item_returnController,web|session|menu|logRoute|check_permissions,Y,n/a (route-level auth),N
inventory.php,RESOURCE,/inventory/add_inventory_item_lost,App\Http\Controllers\inventory\inventory_item_lostController,web|session|menu|logRoute|check_permissions,Y,n/a (route-level auth),N
inventory.php,RESOURCE,/inventory/add_inventory_item_defective,App\Http\Controllers\inventory\inventory_item_defectiveController,web|session|menu|logRoute|check_permissions,Y,n/a (route-level auth),N
inventory.php,RESOURCE,/inventory/inventory_delivery_status_report,App\Http\Controllers\inventory\inventory_delivery_status_reportController,web|session|menu|logRoute|check_permissions,Y,n/a (route-level auth),N
inventory.php,RESOURCE,/inventory/inventory_requisition_report,App\Http\Controllers\inventory\inventory_requisition_reportController,web|session|menu|logRoute|check_permissions,Y,n/a (route-level auth),N
inventory.php,RESOURCE,/inventory/inventory_staff_wise_report,App\Http\Controllers\inventory\inventory_staff_wise_reportController,web|session|menu|logRoute|check_permissions,Y,n/a (route-level auth),N
inventory.php,RESOURCE,/inventory/inventory_item_wise_report,App\Http\Controllers\inventory\inventory_item_wise_reportController,web|session|menu|logRoute|check_permissions,Y,n/a (route-level auth),N
inventory.php,RESOURCE,/inventory/inventory_item_lost_report,App\Http\Controllers\inventory\inventory_item_lost_reportController,web|session|menu|logRoute|check_permissions,Y,n/a (route-level auth),N
inventory.php,RESOURCE,/inventory/inventory_overall_item_report,App\Http\Controllers\inventory\inventory_overall_item_reportController,web|session|menu|logRoute|check_permissions,Y,n/a (route-level auth),N
inventory.php,GET,/inventory/ajax_CategorywiseSubcategory,inventory_item_masterController@ajax_CategorywiseSubcategory,web|session|menu|logRoute|check_permissions,Y,n/a (route-level auth),N
inventory.php,GET,/inventory/ajax_SubcategoryeiseItems,inventory_item_masterController@ajax_SubcategoryeiseItems,web|session|menu|logRoute|check_permissions,Y,n/a (route-level auth),N
inventory.php,GET,/inventory/get-vendor-items,inventory_generate_poController@getVendorItems,web|session|menu|logRoute|check_permissions,Y,n/a (route-level auth),N
inventory.php,RESOURCE,/inventory/add_vendor_master_setup,vendor_masterController,web|session|menu|logRoute|check_permissions,Y,n/a (route-level auth),N
inventory.php,RESOURCE,/inventory/add_requisition,App\Http\Controllers\inventory\requisitionController,web|session|menu|logRoute|check_permissions,Y,n/a (route-level auth),N
inventory.php,RESOURCE,/inventory/requisition_approved,App\Http\Controllers\inventory\requisitionApprovedController,web|session|menu|logRoute|check_permissions,Y,n/a (route-level auth),N
inward_outward.php,RESOURCE,/inward_outward/add_physical_file_location,App\Http\Controllers\inward_outward\physical_file_locationController,web|session|menu|logRoute|check_permissions,Y,n/a (route-level auth),Y
inward_outward.php,RESOURCE,/inward_outward/add_place_master,App\Http\Controllers\inward_outward\place_masterController,web|session|menu|logRoute|check_permissions,Y,n/a (route-level auth),Y
inward_outward.php,RESOURCE,/inward_outward/add_inward,App\Http\Controllers\inward_outward\inwardController,web|session|menu|logRoute|check_permissions,Y,n/a (route-level auth),Y
inward_outward.php,RESOURCE,/inward_outward/add_outward,App\Http\Controllers\inward_outward\outwardController,web|session|menu|logRoute|check_permissions,Y,n/a (route-level auth),Y
inward_outward.php,RESOURCE,/inward_outward/show_inward_report,App\Http\Controllers\inward_outward\inward_reportController,web|session|menu|logRoute|check_permissions,Y,n/a (route-level auth),Y
inward_outward.php,RESOURCE,/inward_outward/show_outward_report,App\Http\Controllers\inward_outward\outward_reportController,web|session|menu|logRoute|check_permissions,Y,n/a (route-level auth),Y
lms.php,GET,/lms/o-net-data-category,ONetOnlineDataController@index,web|session|menu|logRoute|check_permissions,Y,n/a (route-level auth),N
lms.php,GET,/lms/o-net-data-list,ONetOnlineDataController@ONetDataTable,web|session|menu|logRoute|check_permissions,Y,n/a (route-level auth),N
lms.php,GET,/lms/o-net-data-list-details,ONetOnlineDataController@ONetDataTableListDetails,web|session|menu|logRoute|check_permissions,Y,n/a (route-level auth),N
lms.php,GET,/lms/o-net-data-category/show,ONetOnlineDataController@showCategoryWiseData,web|session|menu|logRoute|check_permissions,Y,n/a (route-level auth),N
lms.php,GET,/lms/o-net-data-category/show-occupation-detail,ONetOnlineDataController@showCategoryWiseOccupationData,web|session|menu|logRoute|check_permissions,Y,n/a (route-level auth),N
lms.php,GET,/lms/o-net-data-category/show-occupation-detail-list,ONetOnlineDataController@showCategoryWiseOccupationDataList,web|session|menu|logRoute|check_permissions,Y,n/a (route-level auth),N
lms.php,GET,/lms/o-net-data-category/show-occupation-detail-list-summary,ONetOnlineDataController@showCategoryWiseOccupationDataListSummary,web|session|menu|logRoute|check_permissions,Y,n/a (route-level auth),N
lms.php,GET,/lms/career_counselling,ONetOnlineDataController@career_counselling,web|session|menu|logRoute|check_permissions,Y,n/a (route-level auth),N
lms.php,GET,/lms/career_counselling_education,ONetOnlineDataController@career_counselling_education,web|session|menu|logRoute|check_permissions,Y,n/a (route-level auth),N
lms.php,GET,/lms/career_counselling_knowing-yourself,ONetOnlineDataController@career_counselling_ky,web|session|menu|logRoute|check_permissions,Y,n/a (route-level auth),N
lms.php,GET,/lms/career_report,ONetOnlineDataController@career_report,web|session|menu|logRoute|check_permissions,Y,n/a (route-level auth),N
lms.php,RESOURCE,/lms/chapter_master,App\Http\Controllers\lms\chapterController,web|session|menu|logRoute|check_permissions,Y,n/a (route-level auth),N
lms.php,RESOURCE,/lms/course_master,App\Http\Controllers\lms\courseController,web|session|menu|logRoute|check_permissions,Y,n/a (route-level auth),N
lms.php,RESOURCE,/lms/topic_master,App\Http\Controllers\lms\topicController,web|session|menu|logRoute|check_permissions,Y,n/a (route-level auth),N
lms.php,RESOURCE,/lms/subtopic_master,App\Http\Controllers\lms\subtopicController,web|session|menu|logRoute|check_permissions,Y,n/a (route-level auth),N
lms.php,GET,/lms/chapter_search,chapterController@chapter_search,web|session|menu|logRoute|check_permissions,Y,n/a (route-level auth),N
lms.php,RESOURCE,/lms/content_master,App\Http\Controllers\lms\contentController,web|session|menu|logRoute|check_permissions,Y,n/a (route-level auth),N
lms.php,GET,/lms/create_content_master,contentController@createChapter,web|session|menu|logRoute|check_permissions,Y,n/a (route-level auth),N
lms.php,POST,/lms/store_content_master,contentController@storeChapter,web|session|menu|logRoute|check_permissions,Y,n/a (route-level auth),N
lms.php,POST,/lms/gamma_content_master,contentController@storeGammaContent,web|session|menu|logRoute|check_permissions,Y,n/a (route-level auth),N
lms.php,RESOURCE,/lms/virtual_classroom_master,App\Http\Controllers\lms\virtualclassroomController,web|session|menu|logRoute|check_permissions,Y,n/a (route-level auth),N
lms.php,GET,/lms/ajax_SubjectwiseChapter,contentController@ajax_SubjectwiseChapter,web|session|menu|logRoute|check_permissions,Y,n/a (route-level auth),N
lms.php,GET,/lms/ajax_ChapterwiseTopic,contentController@ajax_ChapterwiseTopic,web|session|menu|logRoute|check_permissions,Y,n/a (route-level auth),N
lms.php,GET,/lms/ajax_ChapterwiseLOmaster,lomasterController@ajax_ChapterwiseLOmaster,web|session|menu|logRoute|check_permissions,Y,n/a (route-level auth),N
lms.php,RESOURCE,/lms/lmsdashboard,App\Http\Controllers\lms\lmsDashboardController,web|session|menu|logRoute|check_permissions,Y,n/a (route-level auth),Y
lms.php,GET,/lms/lmsdashboard_teacher,lmsDashboardController@teacherIndex,web|session|menu|logRoute|check_permissions,Y,n/a (route-level auth),N
lms.php,RESOURCE,/lms/lo_master,App\Http\Controllers\lms\lomasterController,web|session|menu|logRoute|check_permissions,Y,n/a (route-level auth),N
lms.php,RESOURCE,/lms/lo_indicator,App\Http\Controllers\lms\loindicatorController,web|session|menu|logRoute|check_permissions,Y,n/a (route-level auth),N
lms.php,RESOURCE,/lms/lo_category,App\Http\Controllers\lms\locategoryController,web|session|menu|logRoute|check_permissions,Y,n/a (route-level auth),N
lms.php,RESOURCE,/lms/skill_library,App\Http\Controllers\lms\library\skillLibraryController,web|session|menu|logRoute|check_permissions,Y,n/a (route-level auth),N
lms.php,GET,/lms/skill_library/{id}/delete,skillLibraryController@destroy,web|session|menu|logRoute|check_permissions,Y,n/a (route-level auth),N
lms.php,GET,/lms/skill_library/{id}/show,skillLibraryController@show,web|session|menu|logRoute|check_permissions,Y,n/a (route-level auth),N
lms.php,GET,/lms/multi_delete_questions,questionmasterController@ajax_multiDeleteQuestion,web|session|menu|logRoute|check_permissions,Y,n/a (route-level auth),N
lms.php,GET,/lms/ajax_chapterDependencies,chapterController@ajax_chapterDependencies,web|session|menu|logRoute|check_permissions,Y,n/a (route-level auth),N
lms.php,GET,/lms/ajax_topicDependencies,topicController@ajax_topicDependencies,web|session|menu|logRoute|check_permissions,Y,n/a (route-level auth),N
lms.php,GET,/lms/ajax_questionDependencies,questionmasterController@ajax_questionDependencies,web|session|menu|logRoute|check_permissions,Y,n/a (route-level auth),N
lms.php,GET,/lms/ajax_subStdMappingDependencies,sub_std_mapController@ajax_subStdMappingDependencies,web|session|menu|logRoute|check_permissions,Y,n/a (route-level auth),N
lms.php,GET,/lms/ajax_questionpaperDependencies,questionpaperController@ajax_questionpaperDependencies,web|session|menu|logRoute|check_permissions,Y,n/a (route-level auth),N
lms.php,GET,/lms/ajax_SubjectwiseLoCategory,locategoryController@ajax_SubjectwiseLoCategory,web|session|menu|logRoute|check_permissions,Y,n/a (route-level auth),N
lms.php,GET,/lms/ajax_LoMasterwiseLoIndicator,loindicatorController@ajax_LoMasterwiseLoIndicator,web|session|menu|logRoute|check_permissions,Y,n/a (route-level auth),N
lms.php,RESOURCE,/lms/question_master,App\Http\Controllers\lms\questionmasterController,web|session|menu|logRoute|check_permissions,Y,n/a (route-level auth),N
lms.php,GET,/lms/question_mapped_value,questionmasterController@getMappedValue,web|session|menu|logRoute|check_permissions,Y,n/a (route-level auth),N
lms.php,POST,/lms/ajaxdestroyanswer_master,questionmasterController@ajaxdestroyanswer_master,web|session|menu|logRoute|check_permissions,Y,n/a (route-level auth),N
lms.php,GET,/lms/question_chapter_master,questionmasterController@indexChapter,web|session|menu|logRoute|check_permissions,Y,n/a (route-level auth),N
lms.php,RESOURCE,/lms/question_paper,App\Http\Controllers\lms\questionpaperController,web|session|menu|logRoute|check_permissions,Y,n/a (route-level auth),Y
lms.php,POST,/lms/question_paper/search,questionpaperController@search,web|session|menu|logRoute|check_permissions,Y,n/a (route-level auth),N
lms.php,GET,/lms/generate_ai_questionpaper,questionpaperController@generateAIPaper,web|session|menu|logRoute|check_permissions,Y,n/a (route-level auth),Y
lms.php,POST,/lms/generate_ai_questionpaper,questionpaperController@generateAIPaper,web|session|menu|logRoute|check_permissions,Y,n/a (route-level auth),Y
lms.php,POST,/lms/ai_paper/validate_questions,questionpaperController@validateQuestionAvailability,web|session|menu|logRoute|check_permissions,Y,n/a (route-level auth),N
lms.php,POST,/lms/ai_paper/preview,questionpaperController@previewAIPaper,web|session|menu|logRoute|check_permissions,Y,n/a (route-level auth),N
lms.php,POST,/lms/ai_paper/save,questionpaperController@saveAIPaper,web|session|menu|logRoute|check_permissions,Y,n/a (route-level auth),N
lms.php,GET,/lms/ai_paper/get_mapping_types,questionpaperController@getMappingTypes,web|session|menu|logRoute|check_permissions,Y,n/a (route-level auth),N
lms.php,POST,/lms/ai_paper/export_pdf,questionpaperController@exportAIPaperPDF,web|session|menu|logRoute|check_permissions,Y,n/a (route-level auth),N
lms.php,POST,/lms/ai_paper/export_html,questionpaperController@exportAIPaperHTML,web|session|menu|logRoute|check_permissions,Y,n/a (route-level auth),N
lms.php,RESOURCE,/lms/bulk_chapter_upload,App\Http\Controllers\lms\bulk_chapter_uploadController,web|session|menu|logRoute|check_permissions,Y,n/a (route-level auth),N
lms.php,GET,/lms/ajax_SubjectwiseQuestion,questionpaperController@ajax_SubjectwiseQuestion,web|session|menu|logRoute|check_permissions,Y,n/a (route-level auth),N
lms.php,GET,/lms/pal/flow,PalFlowAdminController@index,web|session|menu|logRoute|check_permissions,Y,n/a (route-level auth),N
lms.php,POST,/lms/pal/flow,PalFlowAdminController@assign,web|session|menu|logRoute|check_permissions,Y,n/a (route-level auth),N
lms.php,GET,/lms/pal/diagnostic,palController@diagnosticSubjects,web|session|menu|logRoute|check_permissions,Y,n/a (route-level auth),Y
lms.php,GET,/lms/pal/diagnostic/chapter/{chapterId},palController@diagnosticStart,web|session|menu|logRoute|check_permissions,Y,n/a (route-level auth),Y
lms.php,POST,/lms/pal/diagnostic/attempt/{attemptId}/submit,palController@diagnosticSubmit,web|session|menu|logRoute|check_permissions,Y,n/a (route-level auth),Y
lms.php,GET,/lms/pal/diagnostic/attempt/{attemptId}/result,palController@diagnosticResult,web|session|menu|logRoute|check_permissions,Y,n/a (route-level auth),Y
lms.php,GET,/lms/pal/diagnostic/history/{chapterId},palController@diagnosticHistory,web|session|menu|logRoute|check_permissions,Y,n/a (route-level auth),Y
lms.php,GET,/lms/pal/adaptive/chapter/{chapterId},palController@adaptiveConcepts,web|session|menu|logRoute|check_permissions,Y,n/a (route-level auth),Y
lms.php,GET,/lms/pal/adaptive/concept/{conceptId},palController@adaptiveQuestions,web|session|menu|logRoute|check_permissions,Y,n/a (route-level auth),Y
lms.php,POST,/lms/pal/adaptive/answer,palController@adaptiveAnswer,web|session|menu|logRoute|check_permissions,Y,n/a (route-level auth),Y
lms.php,GET,/lms/pal/adaptive/progress/{conceptId},palController@adaptiveProgress,web|session|menu|logRoute|check_permissions,Y,n/a (route-level auth),N
lms.php,GET,/lms/pal/adaptive/concept-result/{conceptId},palController@adaptiveConceptResult,web|session|menu|logRoute|check_permissions,Y,n/a (route-level auth),Y
lms.php,GET,/lms/pal/plan/chapter/{chapterId},palController@learningPlan,web|session|menu|logRoute|check_permissions,Y,n/a (route-level auth),Y
lms.php,GET,/lms/pal/mastery/chapter/{chapterId},palController@masteryOverview,web|session|menu|logRoute|check_permissions,Y,n/a (route-level auth),Y
lms.php,GET,/lms/pal/recall,palController@recallQueue,web|session|menu|logRoute|check_permissions,Y,n/a (route-level auth),Y
lms.php,GET,/lms/pal/learn/concept/{conceptId},palController@learnContent,web|session|menu|logRoute|check_permissions,Y,n/a (route-level auth),Y
lms.php,POST,/lms/pal/learn/concept/{conceptId}/read,palController@learnAcknowledge,web|session|menu|logRoute|check_permissions,Y,n/a (route-level auth),Y
lms.php,RESOURCE,/lms/pal,App\Http\Controllers\lms\pal\palController,web|session|menu|logRoute|check_permissions,Y,n/a (route-level auth),Y
lms.php,GET,/lms/palreport,palController@palreport,web|session|menu|logRoute|check_permissions,Y,n/a (route-level auth),Y
lms.php,GET,/lms/suggested-content,palController@suggestedContent,web|session|menu|logRoute|check_permissions,Y,n/a (route-level auth),N
lms.php,GET,/lms/get-suggested-content,palController@getSuggestedContent,web|session|menu|logRoute|check_permissions,Y,n/a (route-level auth),N
lms.php,POST,/lms/store-mastery-suggested-content,palController@storeMasterySuggestedContent,web|session|menu|logRoute|check_permissions,Y,n/a (route-level auth),N
lms.php,GET,/lms/pedagogy-suggested-content,palController@getPedagogySuggestedContent,web|session|menu|logRoute|check_permissions,Y,n/a (route-level auth),Y
lms.php,POST,/lms/misconception/generate-content,palController@generateMisconceptionContent,web|session|menu|logRoute|check_permissions,Y,n/a (route-level auth),Y
lms.php,GET,/lms/pal-content,PalContentController@index,web|session|menu|logRoute|check_permissions,Y,n/a (route-level auth),Y
lms.php,GET,/lms/pal-content/review,PalContentController@review,web|session|menu|logRoute|check_permissions,Y,n/a (route-level auth),Y
lms.php,POST,/lms/pal-content/review/update,PalContentController@updateMetadata,web|session|menu|logRoute|check_permissions,Y,n/a (route-level auth),N
lms.php,POST,/lms/pal-content/review/transition,PalContentController@transition,web|session|menu|logRoute|check_permissions,Y,n/a (route-level auth),N
lms.php,GET,/lms/pal-content/misconceptions,PalContentController@misconceptions,web|session|menu|logRoute|check_permissions,Y,n/a (route-level auth),Y
lms.php,POST,/lms/pal-content/misconceptions/approve,PalContentController@approveMisconception,web|session|menu|logRoute|check_permissions,Y,n/a (route-level auth),N
lms.php,POST,/lms/pal-content/correctives/approve,PalContentController@approveCorrective,web|session|menu|logRoute|check_permissions,Y,n/a (route-level auth),N
lms.php,GET,/lms/ajax_LMS_MappingValue,contentController@ajax_LMS_MappingValue,web|session|menu|logRoute|check_permissions,Y,n/a (route-level auth),N
lms.php,GET,/lms/course_search,courseController@course_search,web|session|menu|logRoute|check_permissions,Y,n/a (route-level auth),N
lms.php,GET,/lms/ajax_LMS_StandardwiseSubject,questionpaperController@ajax_LMS_StandardwiseSubject,web|session|menu|logRoute|check_permissions,Y,n/a (route-level auth),N
lms.php,RESOURCE,/lms/lmsmapping,App\Http\Controllers\lms\lmsmappingController,web|session|menu|logRoute|check_permissions,Y,n/a (route-level auth),Y
lms.php,RESOURCE,/lms/lmsexam,App\Http\Controllers\lms\lmsexamController,web|session|menu|logRoute|check_permissions,Y,n/a (route-level auth),N
lms.php,RESOURCE,/lms/lmsActivityStream,App\Http\Controllers\lms\lmsActivityStreamController,web|session|menu|logRoute|check_permissions,Y,n/a (route-level auth),Y
lms.php,RESOURCE,/lms/lmsCommunication,App\Http\Controllers\lms\lmsCommunicationController,web|session|menu|logRoute|check_permissions,Y,n/a (route-level auth),N
lms.php,RESOURCE,/lms/lmsSocialCollabrotive,App\Http\Controllers\lms\lmsSocialCollabrotiveController,web|session|menu|logRoute|check_permissions,Y,n/a (route-level auth),N
lms.php,RESOURCE,/lms/lmsVirtualClassroom,App\Http\Controllers\lms\lmsVirtualClassroomController,web|session|menu|logRoute|check_permissions,Y,n/a (route-level auth),N
lms.php,RESOURCE,/lms/lmsPortfolio,App\Http\Controllers\lms\lmsPortfolioController,web|session|menu|logRoute|check_permissions,Y,n/a (route-level auth),N
lms.php,RESOURCE,/lms/lmsLeaderboard,App\Http\Controllers\lms\lmsLeaderboardController,web|session|menu|logRoute|check_permissions,Y,n/a (route-level auth),Y
lms.php,GET,/lms/ajax_AddLMS_MappingFromContent,lmsmappingController@ajax_AddLMS_MappingFromContent,web|session|menu|logRoute|check_permissions,Y,n/a (route-level auth),N
lms.php,RESOURCE,/lms/online_exam,App\Http\Controllers\lms\onlineExamController,web|session|menu|logRoute|check_permissions,Y,n/a (route-level auth),Y
lms.php,GET,/lms/online_exam_attempt,onlineExamController@online_exam_attempt,web|session|menu|logRoute|check_permissions,Y,n/a (route-level auth),Y
lms.php,GET,/lms/ajax_LMS_SubjectwiseChapter,lmsPortfolioController@ajax_LMS_SubjectwiseChapter,web|session|menu|logRoute|check_permissions,Y,n/a (route-level auth),N
lms.php,GET,/lms/ajax_LMS_SubjectwiseChapterForBooklist,book_listController@ajax_LMS_SubjectwiseChapterForBooklist,web|session|menu|logRoute|check_permissions,Y,n/a (route-level auth),Y
lms.php,GET,/lms/ajax_LMS_ChapterwiseTopic,lmsPortfolioController@ajax_LMS_ChapterwiseTopic,web|session|menu|logRoute|check_permissions,Y,n/a (route-level auth),Y
lms.php,POST,/lms/ajax_lmsPortfolio_feedback,lmsPortfolioController@ajax_lmsPortfolio_feedback,web|session|menu|logRoute|check_permissions,Y,n/a (route-level auth),N
lms.php,RESOURCE,/lms/lmsDoubt,App\Http\Controllers\lms\lmsDoubtController,web|session|menu|logRoute|check_permissions,Y,n/a (route-level auth),N
lms.php,RESOURCE,/lms/lmsCounselling,App\Http\Controllers\lms\counselling\lmsCounsellingController,web|session|menu|logRoute|check_permissions,Y,n/a (route-level auth),Y
lms.php,RESOURCE,/lms/lmsCounsellingQuestion,App\Http\Controllers\lms\counselling\counselling_questionmasterController,web|session|menu|logRoute|check_permissions,Y,n/a (route-level auth),N
lms.php,POST,/lms/ajaxdestroycounsellinganswer_master,counselling_questionmasterController@ajaxdestroycounsellinganswer_master,web|session|menu|logRoute|check_permissions,Y,n/a (route-level auth),N
lms.php,RESOURCE,/lms/lmsCounsellingExam,App\Http\Controllers\lms\counselling\counsellingExamController,web|session|menu|logRoute|check_permissions,Y,n/a (route-level auth),Y
lms.php,GET,/lms/lmsIndustryListing,lmsCounsellingController@lmsIndustryListing,web|session|menu|logRoute|check_permissions,Y,n/a (route-level auth),N
lms.php,GET,/lms/lmsIndustryListing/careersInIndustry/{id},lmsCounsellingController@careersInIndustry,web|session|menu|logRoute|check_permissions,Y,n/a (route-level auth),N
lms.php,GET,/lms/lmsIndustryListing/careersInIndustry/careerReport/{id},lmsCounsellingController@careerReport,web|session|menu|logRoute|check_permissions,Y,n/a (route-level auth),N
lms.php,GET,/lms/lmsIndustryListing/careersInIndustry/careerReport/resources/{id}/{title},lmsCounsellingController@resources,web|session|menu|logRoute|check_permissions,Y,n/a (route-level auth),N
lms.php,RESOURCE,/lms/lmsMBTIPaper,App\Http\Controllers\lms\counselling\MBTIController,web|session|menu|logRoute|check_permissions,Y,n/a (route-level auth),Y
lms.php,GET,/lms/ajax_getQuestionList,onlineExamController@ajax_getQuestionList,web|session|menu|logRoute|check_permissions,Y,n/a (route-level auth),N
lms.php,RESOURCE,/lms/lmsDoubtConversation,App\Http\Controllers\lms\lmsDoubtConversationController,web|session|menu|logRoute|check_permissions,Y,n/a (route-level auth),N
lms.php,RESOURCE,/lms/lb_master,App\Http\Controllers\lms\leaderboard\lbMasterController,web|session|menu|logRoute|check_permissions,Y,n/a (route-level auth),Y
lms.php,RESOURCE,/lms/lmsAssignment,App\Http\Controllers\lms\assignment\assignmentController,web|session|menu|logRoute|check_permissions,Y,n/a (route-level auth),Y
lms.php,RESOURCE,/lms/lmsAssignment_submission,App\Http\Controllers\lms\assignment\assignmentSubmissionController,web|session|menu|logRoute|check_permissions,Y,n/a (route-level auth),Y
lms.php,RESOURCE,/lms/lmsAnnotate_assignment,App\Http\Controllers\lms\assignment\annotateAssignmentController,web|session|menu|logRoute|check_permissions,Y,n/a (route-level auth),Y
lms.php,RESOURCE,/lms/lmsStudent_report,App\Http\Controllers\lms\reports\studentReportController,web|session|menu|logRoute|check_permissions,Y,n/a (route-level auth),Y
lms.php,RESOURCE,/lms/lmsExamwise_progress_report,App\Http\Controllers\lms\reports\examWiseProgressReportController,web|session|menu|logRoute|check_permissions,Y,n/a (route-level auth),Y
lms.php,GET,/lms/ajax_LMS_SubjectWiseExam,examWiseProgressReportController@ajax_LMS_SubjectWiseExam,web|session|menu|logRoute|check_permissions,Y,n/a (route-level auth),Y
lms.php,RESOURCE,/lms/lms_lessonplan,App\Http\Controllers\lms\lessonplan\lms_lessonplanController,web|session|menu|logRoute|check_permissions,Y,n/a (route-level auth),N
lms.php,GET,/lms/ajax_Timetable,lms_lessonplanController@ajax_Timetable,web|session|menu|logRoute|check_permissions,Y,n/a (route-level auth),N
lms.php,GET,/lms/ajax_getTeacher,lms_lessonplanController@ajax_getTeacher,web|session|menu|logRoute|check_permissions,Y,n/a (route-level auth),N
lms.php,GET,/lms/get_chat_data,lms_lessonplanController@getChatOutput,web|session|menu|logRoute|check_permissions,Y,n/a (route-level auth),N
lms.php,GET,/lms/questionReport,questionWiseReportController@index,web|session|menu|logRoute|check_permissions,Y,n/a (route-level auth),N
lms.php,POST,/lms/show_question_wise_report,questionWiseReportController@show_question_wise_report,web|session|menu|logRoute|check_permissions,Y,n/a (route-level auth),Y
lms.php,RESOURCE,/lms/lms_content_category,App\Http\Controllers\lms\lms_contentCategoryController,web|session|menu|logRoute|check_permissions,Y,n/a (route-level auth),N
lms.php,GET,/lms/ajax_getYouTubeSuggestion,contentController@ajax_getYouTubeSuggestion,web|session|menu|logRoute|check_permissions,Y,n/a (route-level auth),N
lms.php,RESOURCE,/lms/lms_teacherResource,App\Http\Controllers\lms\teacher_resource\lms_teacherResourceController,web|session|menu|logRoute|check_permissions,Y,n/a (route-level auth),Y
lms.php,RESOURCE,/lms/lms_flashcard,App\Http\Controllers\lms\flashcard\flashcardController,web|session|menu|logRoute|check_permissions,Y,n/a (route-level auth),N
lms.php,RESOURCE,/lms/lms_gamma_ppt,App\Http\Controllers\lms\gammaController,web|session|menu|logRoute|check_permissions,Y,n/a (route-level auth),N
lms.php,RESOURCE,/lms/subjectwise_graph,App\Http\Controllers\lms\chapterController,web|session|menu|logRoute|check_permissions,Y,n/a (route-level auth),N
lms.php,RESOURCE,/lms/lms_curriculum,App\Http\Controllers\lms\lmsCurriculumController,web|session|menu|logRoute|check_permissions,Y,n/a (route-level auth),N
lms.php,RESOURCE,/lms/lms_syllabus,App\Http\Controllers\lms\lmsSyllabusController,web|session|menu|logRoute|check_permissions,Y,n/a (route-level auth),Y
lms.php,RESOURCE,/lms/content_library,App\Http\Controllers\lms\content_library\contentLibraryController,web|session|menu|logRoute|check_permissions,Y,n/a (route-level auth),N
lms.php,RESOURCE,/lms/curriculum_lessonplan,App\Http\Controllers\lms\curriculum\curriculumLessonplanController,web|session|menu|logRoute|check_permissions,Y,n/a (route-level auth),N
lms.php,GET,/lms/getMapVals,contentLibraryController@getMapVals,web|session|menu|logRoute|check_permissions,Y,n/a (route-level auth),N
lms.php,GET,/lms/searchContent,contentLibraryController@getSearchedContent,web|session|menu|logRoute|check_permissions,Y,n/a (route-level auth),N
lms.php,RESOURCE,/lms/h5p,App\Http\Controllers\lms\library\H5PController,web|session|menu|logRoute|check_permissions,Y,n/a (route-level auth),Y
lms.php,POST,/studentVirtualClassroomAPI,lms_apiController@studentVirtualClassroomAPI,web,N,"B-jwt-valid,client-tenant",N
lms.php,POST,/studentPortfolioAPI,lms_apiController@studentPortfolioAPI,web,N,"B-jwt-valid,client-tenant",N
lms.php,POST,/studentSocialCollabrativeAPI,lms_apiController@studentSocialCollabrativeAPI,web,N,"B-jwt-valid,client-tenant",N
lms.php,POST,/studentSubjectAPI,lms_apiController@studentSubjectAPI,web,N,"B-jwt-valid,client-tenant",N
lms.php,POST,/studentContentAPI,lms_apiController@studentContentAPI,web,N,"B-jwt-valid,client-tenant",N
lms.php,POST,/studentQuestionPaperListAPI,lms_apiController@studentQuestionPaperListAPI,web,N,"B-jwt-valid,client-tenant",N
lms.php,POST,/studentQuestionPaperAPI,lms_apiController@studentQuestionPaperAPI,web,N,"B-jwt-valid,client-tenant",N
lms.php,POST,/studentAssessmentAPI,lms_apiController@studentAssessmentAPI,web,N,"B-jwt-valid,client-tenant",N
lms.php,POST,/studentTransportAPI,lms_apiController@studentTransportAPI,web,N,"B-jwt-valid,client-tenant",N
lms.php,POST,/studentLeaderBoardAPI,lms_apiController@studentLeaderBoardAPI,web,N,"B-jwt-valid,client-tenant",N
lms.php,POST,/studentActivityStreamAPI,lms_apiController@studentActivityStreamAPI,web,N,"B-jwt-valid,client-tenant",N
lms.php,POST,/studentBookListAPI,lms_apiController@studentBookListAPI,web,N,"B-jwt-valid,client-tenant",N
lms.php,POST,/studentSyllabusAPI,lms_apiController@studentSyllabusAPI,web,N,"B-jwt-valid,client-tenant",N
lms.php,POST,/studentQuestionPaperSaveAPI,lms_apiController@studentQuestionPaperSaveAPI,web,N,"B-jwt-valid,client-tenant",N
lms.php,POST,/studentAssessmentDetailAPI,lms_apiController@studentAssessmentDetailAPI,web,N,"B-jwt-valid,client-tenant",N
lms.php,POST,/lmsCategorywiseSubjectAPI,lms_apiController@lmsCategorywiseSubjectAPI,web,N,"B-jwt-valid,client-tenant",N
lms.php,POST,/trizStandardAPI,lms_apiController@trizStandardAPI,web,N,"B-jwt-valid,client-tenant",N
lms.php,RESOURCE,/bazar/bulk_upload_sheet,App\Http\Controllers\bazar\bulkUploadSheetController,web|session|menu|logRoute|check_permissions,Y,n/a (route-level auth),Y
lms.php,GET,/bazar/bulk_position_data,bulkUploadSheetController@bulk_position_data,web|session|menu|logRoute|check_permissions,Y,n/a (route-level auth),N
lms.php,POST,/bazar/store_position_data,bulkUploadSheetController@store_position_data,web|session|menu|logRoute|check_permissions,Y,n/a (route-level auth),N
lms.php,GET,/bazar/bulk_margin_data,bulkUploadSheetController@bulk_margin_data,web|session|menu|logRoute|check_permissions,Y,n/a (route-level auth),N
lms.php,POST,/bazar/store_margin_data,bulkUploadSheetController@store_margin_data,web|session|menu|logRoute|check_permissions,Y,n/a (route-level auth),N
lms.php,GET,/bazar/bulk_pnl_data,bulkUploadSheetController@bulk_pnl_data,web|session|menu|logRoute|check_permissions,Y,n/a (route-level auth),N
lms.php,POST,/bazar/store_pnl_data,bulkUploadSheetController@store_pnl_data,web|session|menu|logRoute|check_permissions,Y,n/a (route-level auth),N
lms.php,RESOURCE,/bazar/bazar_report,App\Http\Controllers\bazar\bulkUploadedReportController,web|session|menu|logRoute|check_permissions,Y,n/a (route-level auth),Y
lms.php,POST,/bazar/show_bazar_report,bulkUploadedReportController@show_bazar_report,web|session|menu|logRoute|check_permissions,Y,n/a (route-level auth),N
lms.php,GET,/upcoming,lmsActivityStreamController@upcomingActivity,web|session|menu|logRoute|check_permissions,Y,n/a (route-level auth),Y
lms.php,GET,/today,lmsActivityStreamController@todayActivity,web|session|menu|logRoute|check_permissions,Y,n/a (route-level auth),Y
lms.php,GET,/recent,lmsActivityStreamController@recentActivity,web|session|menu|logRoute|check_permissions,Y,n/a (route-level auth),Y
lms.php,GET,/careerExplore,lmsCounsellingController@careerExplore,web,N,C-NO-AUTH,N
lms.php,GET,/careerExploreResult,lmsCounsellingController@careerExploreResult,web,N,C-NO-AUTH,N
lms.php,GET,/careerCluster,lmsCounsellingController@careerCluster,web,N,C-NO-AUTH,N
lms.php,GET,/allOccupation,lmsCounsellingController@allOccupation,web,N,C-NO-AUTH,N
lms.php,GET,/OccupationDetails,lmsCounsellingController@OccupationDetails,web,N,C-NO-AUTH,N
lms.php,GET,/getInstituteData,lmsCounsellingController@getInstituteData,web,N,C-NO-AUTH,N
lms.php,GET,/getCourseData,lmsCounsellingController@getCourseData,web,N,C-NO-AUTH,N
lms.php,GET,/getEmployerData,lmsCounsellingController@getEmployerData,web,N,C-NO-AUTH,N
lms.php,GET,/ExploreSector,lmsCounsellingController@ExploreSector,web,N,C-NO-AUTH,N
lms.php,GET,/ExpertAdvice,lmsCounsellingController@ExpertAdvice,web,N,C-NO-AUTH,N
lms.php,GET,/intrestQuestions,lmsCounsellingController@intrestQuestions,web,N,C-NO-AUTH,N
lms.php,GET,/intrestResults,lmsCounsellingController@intrestResults,web,N,C-NO-AUTH,Y
lms.php,GET,/intrestJobzone,lmsCounsellingController@intrestJobzone,web,N,C-NO-AUTH,N
lms.php,GET,/intrestCareers,lmsCounsellingController@intrestCareers,web,N,C-NO-AUTH,N
lms.php,GET,/api/get-curriculum-list,lmsSyllabusController@getCurriculums,web,N,C-NO-AUTH,Y
lms.php,GET,/intrestEnterScore,lmsCounsellingController@intrestEnterScore,web,N,C-NO-AUTH,N
lms.php,GET,/intrestArea,lmsCounsellingController@intrestArea,web,N,C-NO-AUTH,N
lms.php,GET,/matchProfile,lmsCounsellingController@matchProfile,web,N,C-NO-AUTH,N
lms.php,GET,/studentAspiration,lmsCounsellingController@studentAspiration,web|session,Y,n/a (route-level auth),N
lms.php,POST,/studentAspiration,lmsCounsellingController@saveStudentAspiration,web|session,Y,n/a (route-level auth),N
lms.php,GET,/studentAmbition,lmsCounsellingController@studentAmbition,web|session,Y,n/a (route-level auth),N
lms.php,POST,/studentAmbition,lmsCounsellingController@saveStudentAmbition,web|session,Y,n/a (route-level auth),N
lms.php,GET,/careerAlignment,lmsCounsellingController@careerAlignment,web|session,Y,n/a (route-level auth),N
lms.php,GET,/studentOriginality,lmsCounsellingController@studentOriginality,web|session,Y,n/a (route-level auth),N
lms.php,POST,/studentOriginality,lmsCounsellingController@saveStudentOriginality,web|session,Y,n/a (route-level auth),N
lms.php,GET,/studentCareerEvidence,lmsCounsellingController@studentCareerEvidence,web|session,Y,n/a (route-level auth),N
lms.php,GET,/careerRecommendation,CareerRecommendationController@recommend,web|session,Y,n/a (route-level auth),N
lms.php,POST,/ai/processData,contentController@processAIData,web,N,C-NO-AUTH,N
lms.php,POST,/ai/generateLessonPlan,contentController@generateLessonPlan,web,N,C-NO-AUTH,N
lms.php,POST,/ai/generateLessonPlanNew,contentController@generateLessonPlanNew,web,N,C-NO-AUTH,N
lms.php,POST,/ai/generateSportsData,contentController@generateSportsData,web,N,C-NO-AUTH,N
lms.php,POST,/ai/generateSlides,contentController@generateSlides,web,N,C-NO-AUTH,N
lms.php,POST,/ai/generateKAABSlides,contentController@generateKAABSlides,web,N,C-NO-AUTH,N
lms.php,POST,/ai/generateGammaStyleSlide,contentController@generateGammaStyleSlide,web,N,C-NO-AUTH,N
lms.php,POST,/ai/generateGammaPresentation,contentController@generateGammaPresentation,web,N,C-NO-AUTH,N
lms.php,POST,/ai/getGammaPresentationStatus,contentController@getGammaPresentationStatus,web,N,C-NO-AUTH,N
lms.php,POST,/generate-gamma-pdf,contentController@generateGammaPDF,web,N,C-NO-AUTH,N
lms.php,POST,/paraphraseNew,ParaphraseController@paraphrase,web,N,MISSING-CLASS,N
lms.php,POST,/set-book-session,contentController@setBookSession,web,N,C-NO-AUTH,N
lms.php,GET,/download-File,contentLibraryController@downloadFile,web,N,"B-jwt-valid,client-tenant",N
lms.php,GET,/h5p/question_bank/{h5pType},H5PQuestionBankController@index,web|session|menu|logRoute|check_permissions,Y,n/a (route-level auth),Y
lms.php,RESOURCE,/h5p/html_contents,App\Http\Controllers\lms\h5p\H5PIndexController,web|session|menu|logRoute|check_permissions,Y,n/a (route-level auth),Y
lms.php,RESOURCE,/h5p/scenario_based,App\Http\Controllers\lms\h5p\H5PScenarioController,web|session|menu|logRoute|check_permissions,Y,n/a (route-level auth),Y
lms.php,RESOURCE,/h5p/h5p_mcq,App\Http\Controllers\lms\h5p\H5PMCQController,web|session|menu|logRoute|check_permissions,Y,n/a (route-level auth),Y
lms.php,RESOURCE,/h5p/h5p_interactive_video,App\Http\Controllers\lms\h5p\H5PInteractiveVideoController,web|session|menu|logRoute|check_permissions,Y,n/a (route-level auth),Y
lms.php,RESOURCE,/h5p/h5p_flashacard,App\Http\Controllers\lms\h5p\H5pFlashcardController,web|session|menu|logRoute|check_permissions,Y,n/a (route-level auth),Y
lms.php,POST,/h5p/h5p_drag_drop/import,H5PDragDropController@import,web|session|menu|logRoute|check_permissions,Y,n/a (route-level auth),Y
lms.php,POST,/h5p/h5p_drag_drop/media,H5PDragDropController@media,web|session|menu|logRoute|check_permissions,Y,n/a (route-level auth),Y
lms.php,GET,/h5p/h5p_drag_drop/{id}/export,H5PDragDropController@export,web|session|menu|logRoute|check_permissions,Y,n/a (route-level auth),Y
lms.php,POST,/h5p/h5p_drag_drop/{id}/publish,H5PDragDropController@publish,web|session|menu|logRoute|check_permissions,Y,n/a (route-level auth),Y
lms.php,RESOURCE,/h5p/h5p_drag_drop,App\Http\Controllers\lms\h5p\H5PDragDropController,web|session|menu|logRoute|check_permissions,Y,n/a (route-level auth),Y
lms.php,POST,/h5p/h5p_drag_text/import,H5PDragTextController@import,web|session|menu|logRoute|check_permissions,Y,n/a (route-level auth),N
lms.php,POST,/h5p/h5p_drag_text/media,H5PDragTextController@media,web|session|menu|logRoute|check_permissions,Y,n/a (route-level auth),N
lms.php,GET,/h5p/h5p_drag_text/{id}/export,H5PDragTextController@export,web|session|menu|logRoute|check_permissions,Y,n/a (route-level auth),Y
lms.php,POST,/h5p/h5p_drag_text/{id}/publish,H5PDragTextController@publish,web|session|menu|logRoute|check_permissions,Y,n/a (route-level auth),Y
lms.php,POST,/h5p/h5p_drag_text/{id}/duplicate,H5PDragTextController@duplicate,web|session|menu|logRoute|check_permissions,Y,n/a (route-level auth),Y
lms.php,RESOURCE,/h5p/h5p_drag_text,App\Http\Controllers\lms\h5p\H5PDragTextController,web|session|menu|logRoute|check_permissions,Y,n/a (route-level auth),Y
lms.php,POST,/h5p/h5p_blanks/import,H5PBlanksController@import,web|session|menu|logRoute|check_permissions,Y,n/a (route-level auth),N
lms.php,POST,/h5p/h5p_blanks/media,H5PBlanksController@media,web|session|menu|logRoute|check_permissions,Y,n/a (route-level auth),N
lms.php,GET,/h5p/h5p_blanks/{id}/export,H5PBlanksController@export,web|session|menu|logRoute|check_permissions,Y,n/a (route-level auth),Y
lms.php,POST,/h5p/h5p_blanks/{id}/publish,H5PBlanksController@publish,web|session|menu|logRoute|check_permissions,Y,n/a (route-level auth),Y
lms.php,POST,/h5p/h5p_blanks/{id}/duplicate,H5PBlanksController@duplicate,web|session|menu|logRoute|check_permissions,Y,n/a (route-level auth),Y
lms.php,RESOURCE,/h5p/h5p_blanks,App\Http\Controllers\lms\h5p\H5PBlanksController,web|session|menu|logRoute|check_permissions,Y,n/a (route-level auth),Y
lms.php,POST,/h5p/h5p_mark_the_words/import,H5PMarkTheWordsController@import,web|session|menu|logRoute|check_permissions,Y,n/a (route-level auth),N
lms.php,POST,/h5p/h5p_mark_the_words/media,H5PMarkTheWordsController@media,web|session|menu|logRoute|check_permissions,Y,n/a (route-level auth),N
lms.php,GET,/h5p/h5p_mark_the_words/{id}/export,H5PMarkTheWordsController@export,web|session|menu|logRoute|check_permissions,Y,n/a (route-level auth),Y
lms.php,POST,/h5p/h5p_mark_the_words/{id}/publish,H5PMarkTheWordsController@publish,web|session|menu|logRoute|check_permissions,Y,n/a (route-level auth),Y
lms.php,POST,/h5p/h5p_mark_the_words/{id}/duplicate,H5PMarkTheWordsController@duplicate,web|session|menu|logRoute|check_permissions,Y,n/a (route-level auth),Y
lms.php,RESOURCE,/h5p/h5p_mark_the_words,App\Http\Controllers\lms\h5p\H5PMarkTheWordsController,web|session|menu|logRoute|check_permissions,Y,n/a (route-level auth),Y
lms.php,POST,/h5p/h5p_image_hotspots/import,H5PImageHotspotsController@import,web|session|menu|logRoute|check_permissions,Y,n/a (route-level auth),N
lms.php,POST,/h5p/h5p_image_hotspots/media,H5PImageHotspotsController@media,web|session|menu|logRoute|check_permissions,Y,n/a (route-level auth),N
lms.php,GET,/h5p/h5p_image_hotspots/{id}/export,H5PImageHotspotsController@export,web|session|menu|logRoute|check_permissions,Y,n/a (route-level auth),Y
lms.php,POST,/h5p/h5p_image_hotspots/{id}/publish,H5PImageHotspotsController@publish,web|session|menu|logRoute|check_permissions,Y,n/a (route-level auth),Y
lms.php,POST,/h5p/h5p_image_hotspots/{id}/duplicate,H5PImageHotspotsController@duplicate,web|session|menu|logRoute|check_permissions,Y,n/a (route-level auth),Y
lms.php,RESOURCE,/h5p/h5p_image_hotspots,App\Http\Controllers\lms\h5p\H5PImageHotspotsController,web|session|menu|logRoute|check_permissions,Y,n/a (route-level auth),Y
lms.php,POST,/h5p/h5p_memory_game/import,H5PMemoryGameController@import,web|session|menu|logRoute|check_permissions,Y,n/a (route-level auth),N
lms.php,POST,/h5p/h5p_memory_game/media,H5PMemoryGameController@media,web|session|menu|logRoute|check_permissions,Y,n/a (route-level auth),N
lms.php,GET,/h5p/h5p_memory_game/{id}/export,H5PMemoryGameController@export,web|session|menu|logRoute|check_permissions,Y,n/a (route-level auth),Y
lms.php,POST,/h5p/h5p_memory_game/{id}/publish,H5PMemoryGameController@publish,web|session|menu|logRoute|check_permissions,Y,n/a (route-level auth),Y
lms.php,POST,/h5p/h5p_memory_game/{id}/duplicate,H5PMemoryGameController@duplicate,web|session|menu|logRoute|check_permissions,Y,n/a (route-level auth),Y
lms.php,RESOURCE,/h5p/h5p_memory_game,App\Http\Controllers\lms\h5p\H5PMemoryGameController,web|session|menu|logRoute|check_permissions,Y,n/a (route-level auth),Y
lms.php,POST,/h5p/h5p_course_presentation/import,H5PCoursePresentationController@import,web|session|menu|logRoute|check_permissions,Y,n/a (route-level auth),N
lms.php,POST,/h5p/h5p_course_presentation/media,H5PCoursePresentationController@media,web|session|menu|logRoute|check_permissions,Y,n/a (route-level auth),N
lms.php,GET,/h5p/h5p_course_presentation/{id}/export,H5PCoursePresentationController@export,web|session|menu|logRoute|check_permissions,Y,n/a (route-level auth),Y
lms.php,POST,/h5p/h5p_course_presentation/{id}/publish,H5PCoursePresentationController@publish,web|session|menu|logRoute|check_permissions,Y,n/a (route-level auth),Y
lms.php,POST,/h5p/h5p_course_presentation/{id}/duplicate,H5PCoursePresentationController@duplicate,web|session|menu|logRoute|check_permissions,Y,n/a (route-level auth),Y
lms.php,RESOURCE,/h5p/h5p_course_presentation,App\Http\Controllers\lms\h5p\H5PCoursePresentationController,web|session|menu|logRoute|check_permissions,Y,n/a (route-level auth),Y
lms.php,POST,/h5p/h5p_arithmetic_quiz/import,H5PArithmeticQuizController@import,web|session|menu|logRoute|check_permissions,Y,n/a (route-level auth),N
lms.php,GET,/h5p/h5p_arithmetic_quiz/{id}/export,H5PArithmeticQuizController@export,web|session|menu|logRoute|check_permissions,Y,n/a (route-level auth),Y
lms.php,POST,/h5p/h5p_arithmetic_quiz/{id}/publish,H5PArithmeticQuizController@publish,web|session|menu|logRoute|check_permissions,Y,n/a (route-level auth),Y
lms.php,POST,/h5p/h5p_arithmetic_quiz/{id}/duplicate,H5PArithmeticQuizController@duplicate,web|session|menu|logRoute|check_permissions,Y,n/a (route-level auth),Y
lms.php,RESOURCE,/h5p/h5p_arithmetic_quiz,App\Http\Controllers\lms\h5p\H5PArithmeticQuizController,web|session|menu|logRoute|check_permissions,Y,n/a (route-level auth),Y
lms.php,POST,/h5p/h5p_single_choice_set/import,H5PSingleChoiceSetController@import,web|session|menu|logRoute|check_permissions,Y,n/a (route-level auth),N
lms.php,GET,/h5p/h5p_single_choice_set/{id}/export,H5PSingleChoiceSetController@export,web|session|menu|logRoute|check_permissions,Y,n/a (route-level auth),Y
lms.php,POST,/h5p/h5p_single_choice_set/{id}/publish,H5PSingleChoiceSetController@publish,web|session|menu|logRoute|check_permissions,Y,n/a (route-level auth),Y
lms.php,POST,/h5p/h5p_single_choice_set/{id}/duplicate,H5PSingleChoiceSetController@duplicate,web|session|menu|logRoute|check_permissions,Y,n/a (route-level auth),Y
lms.php,RESOURCE,/h5p/h5p_single_choice_set,App\Http\Controllers\lms\h5p\H5PSingleChoiceSetController,web|session|menu|logRoute|check_permissions,Y,n/a (route-level auth),Y
lms.php,POST,/h5p/h5p_true_false/import,H5PTrueFalseController@import,web|session|menu|logRoute|check_permissions,Y,n/a (route-level auth),N
lms.php,POST,/h5p/h5p_true_false/media,H5PTrueFalseController@media,web|session|menu|logRoute|check_permissions,Y,n/a (route-level auth),N
lms.php,GET,/h5p/h5p_true_false/{id}/export,H5PTrueFalseController@export,web|session|menu|logRoute|check_permissions,Y,n/a (route-level auth),Y
lms.php,POST,/h5p/h5p_true_false/{id}/publish,H5PTrueFalseController@publish,web|session|menu|logRoute|check_permissions,Y,n/a (route-level auth),Y
lms.php,POST,/h5p/h5p_true_false/{id}/duplicate,H5PTrueFalseController@duplicate,web|session|menu|logRoute|check_permissions,Y,n/a (route-level auth),Y
lms.php,RESOURCE,/h5p/h5p_true_false,App\Http\Controllers\lms\h5p\H5PTrueFalseController,web|session|menu|logRoute|check_permissions,Y,n/a (route-level auth),Y
lms.php,POST,/get-h5p-ai-output,H5PIndexController@getH5pAIOutput,web,N,C-NO-AUTH,N
lms.php,POST,/get-h5p-ai-scenario,H5PScenarioController@getH5pAIScenario,web,N,C-NO-AUTH,Y
lms.php,GET,/suggested-content,palController@suggestedContent,web,N,"A2-token-bound,no-rights",N
lms.php,RESOURCE,/lms/new_chapter_master,App\Http\Controllers\lms\nextAPI\chapterMasterController,web,N,C-NO-AUTH,Y
lms.php,RESOURCE,/lms/new_curriculum,App\Http\Controllers\lms\nextAPI\lmsCurriculumController,web,N,C-NO-AUTH,Y
lms.php,GET,/lms/api/teacher_resource/,TeacherResourceApiController@index,web,N,C-NO-AUTH,N
lms.php,GET,/lms/api/teacher_resource/{id},TeacherResourceApiController@show,web,N,C-NO-AUTH,N
lms.php,POST,/lms/api/teacher_resource/store,TeacherResourceApiController@store,web,N,C-NO-AUTH,N
lms.php,POST,/lms/api/teacher_resource/update/{id},TeacherResourceApiController@update,web,N,C-NO-AUTH,N
lms.php,POST,/lms/api/teacher_resource/delete/{id},TeacherResourceApiController@destroy,web,N,C-NO-AUTH,N
mcp.php,POST,/api/mcp,McpJsonRpc@server,api|McpAuth|McpRateLimit|McpContextHydrator,Y,n/a (route-level auth),N
mcp.php,GET,/api/mcp,McpJsonRpc@405,api|McpAuth|McpRateLimit|McpContextHydrator,Y,n/a (route-level auth),N
mcp.php,DELETE,/api/mcp,McpJsonRpc@405,api|McpAuth|McpRateLimit|McpContextHydrator,Y,n/a (route-level auth),N
mcp.php,GET,/api/mcp/health,App\Http\Controllers\Mcp\McpHealthController,api|McpAuth|McpRateLimit|McpContextHydrator|McpRestDeprecation,Y,n/a (route-level auth),N
mcp.php,POST,/api/mcp/initialize,App\Http\Controllers\Mcp\InitializeController,api|McpAuth|McpRateLimit|McpContextHydrator|McpRestDeprecation,Y,n/a (route-level auth),N
mcp.php,GET,/api/mcp/tools,App\Http\Controllers\Mcp\ToolsListController,api|McpAuth|McpRateLimit|McpContextHydrator|McpRestDeprecation,Y,n/a (route-level auth),Y
mcp.php,POST,/api/mcp/tools/call,App\Http\Controllers\Mcp\ToolsCallController,api|McpAuth|McpRateLimit|McpContextHydrator|McpRestDeprecation,Y,n/a (route-level auth),Y
mobile_page_builder.php,GET,/api/mobile-page-builder/runtime/{slug},MobilePageBuilderApiController@runtime,api|api.session,Y,n/a (route-level auth),Y
mobile_page_builder.php,GET,/api/mobile-page-builder/pages/,MobilePageBuilderAdminApiController@index,api|api.session,Y,n/a (route-level auth),N
mobile_page_builder.php,POST,/api/mobile-page-builder/pages/,MobilePageBuilderAdminApiController@store,api|api.session,Y,n/a (route-level auth),N
mobile_page_builder.php,GET,/api/mobile-page-builder/pages/{id},MobilePageBuilderAdminApiController@show,api|api.session,Y,n/a (route-level auth),N
mobile_page_builder.php,POST,/api/mobile-page-builder/pages/{id},MobilePageBuilderAdminApiController@update,api|api.session,Y,n/a (route-level auth),N
mobile_page_builder.php,POST,/api/mobile-page-builder/pages/{id}/draft,MobilePageBuilderAdminApiController@saveDraft,api|api.session,Y,n/a (route-level auth),N
mobile_page_builder.php,POST,/api/mobile-page-builder/pages/{id}/publish,MobilePageBuilderAdminApiController@publish,api|api.session,Y,n/a (route-level auth),N
mobile_page_builder.php,GET,/api/mobile-page-builder/pages/{id}/versions,MobilePageBuilderAdminApiController@versions,api|api.session,Y,n/a (route-level auth),N
mobile_page_builder.php,DELETE,/api/mobile-page-builder/pages/{id},MobilePageBuilderAdminApiController@destroy,api|api.session,Y,n/a (route-level auth),N
mobile_page_builder.php,POST,/api/mobile-page-builder/pages/{id}/assets,MobilePageBuilderAdminApiController@uploadAsset,api|api.session,Y,n/a (route-level auth),N
mobile_page_builder.php,GET,/api/mobile-page-builder/source-pages/,MobilePageBuilderAdminApiController@sourcePages,api|api.session,Y,n/a (route-level auth),N
mobile_page_builder.php,GET,/api/mobile-page-builder/source-pages/{key},MobilePageBuilderAdminApiController@sourcePage,api|api.session,Y,n/a (route-level auth),N
mobile_page_builder.php,GET,/api/mobile-page-builder/menu-pages,MobilePageBuilderAdminApiController@menuPages,api|api.session,Y,n/a (route-level auth),N
organization_management.php,GET,/api/organization-management/compliance-library/,ComplianceLibraryController@index,api|api.session,Y,n/a (route-level auth),Y
organization_management.php,POST,/api/organization-management/compliance-library/,ComplianceLibraryController@store,api|api.session,Y,n/a (route-level auth),Y
organization_management.php,GET,/api/organization-management/compliance-library/dashboard,ComplianceLibraryController@dashboard,api|api.session,Y,n/a (route-level auth),Y
organization_management.php,GET,/api/organization-management/compliance-library/calendar,ComplianceLibraryController@calendar,api|api.session,Y,n/a (route-level auth),Y
organization_management.php,GET,/api/organization-management/compliance-library/my,ComplianceLibraryController@my,api|api.session,Y,n/a (route-level auth),Y
organization_management.php,GET,/api/organization-management/compliance-library/overdue,ComplianceLibraryController@overdue,api|api.session,Y,n/a (route-level auth),Y
organization_management.php,GET,/api/organization-management/compliance-library/categories/,ComplianceCategoryController@index,api|api.session,Y,n/a (route-level auth),Y
organization_management.php,POST,/api/organization-management/compliance-library/categories/,ComplianceCategoryController@store,api|api.session,Y,n/a (route-level auth),Y
organization_management.php,PUT|POST,/api/organization-management/compliance-library/categories/{id},ComplianceCategoryController@update,api|api.session,Y,n/a (route-level auth),Y
organization_management.php,DELETE,/api/organization-management/compliance-library/categories/{id},ComplianceCategoryController@destroy,api|api.session,Y,n/a (route-level auth),Y
organization_management.php,GET,/api/organization-management/compliance-library/templates/,ComplianceTemplateController@index,api|api.session,Y,n/a (route-level auth),Y
organization_management.php,POST,/api/organization-management/compliance-library/templates/,ComplianceTemplateController@store,api|api.session,Y,n/a (route-level auth),Y
organization_management.php,POST,/api/organization-management/compliance-library/templates/{id}/duplicate,ComplianceTemplateController@duplicate,api|api.session,Y,n/a (route-level auth),Y
organization_management.php,PUT|POST,/api/organization-management/compliance-library/templates/{id},ComplianceTemplateController@update,api|api.session,Y,n/a (route-level auth),Y
organization_management.php,DELETE,/api/organization-management/compliance-library/templates/{id},ComplianceTemplateController@destroy,api|api.session,Y,n/a (route-level auth),Y
organization_management.php,POST,/api/organization-management/compliance-library/evidence/{evidenceId}/verify,ComplianceEvidenceController@verify,api|api.session,Y,n/a (route-level auth),Y
organization_management.php,POST,/api/organization-management/compliance-library/evidence/{evidenceId}/reject,ComplianceEvidenceController@reject,api|api.session,Y,n/a (route-level auth),Y
organization_management.php,DELETE,/api/organization-management/compliance-library/evidence/{evidenceId},ComplianceEvidenceController@destroy,api|api.session,Y,n/a (route-level auth),Y
organization_management.php,GET,/api/organization-management/compliance-library/{id}/evidence,ComplianceEvidenceController@index,api|api.session,Y,n/a (route-level auth),Y
organization_management.php,POST,/api/organization-management/compliance-library/{id}/evidence,ComplianceEvidenceController@store,api|api.session,Y,n/a (route-level auth),Y
organization_management.php,POST,/api/organization-management/compliance-library/{id}/complete,ComplianceLibraryController@complete,api|api.session,Y,n/a (route-level auth),Y
organization_management.php,GET,/api/organization-management/compliance-library/{id},ComplianceLibraryController@show,api|api.session,Y,n/a (route-level auth),Y
organization_management.php,PUT|POST,/api/organization-management/compliance-library/{id},ComplianceLibraryController@update,api|api.session,Y,n/a (route-level auth),Y
organization_management.php,DELETE,/api/organization-management/compliance-library/{id},ComplianceLibraryController@destroy,api|api.session,Y,n/a (route-level auth),Y
organization_management.php,GET,/api/organization-management/disciplinary-library/,DisciplinaryLibraryController@index,api|api.session,Y,n/a (route-level auth),Y
organization_management.php,POST,/api/organization-management/disciplinary-library/,DisciplinaryLibraryController@store,api|api.session,Y,n/a (route-level auth),Y
organization_management.php,PUT|POST,/api/organization-management/disciplinary-library/{id},DisciplinaryLibraryController@update,api|api.session,Y,n/a (route-level auth),Y
organization_management.php,DELETE,/api/organization-management/disciplinary-library/{id},DisciplinaryLibraryController@destroy,api|api.session,Y,n/a (route-level auth),Y
organization_management.php,GET,/api/organization-management/disciplinary-library/departments/{department}/employees,DisciplinaryLibraryController@departmentEmployees,api|api.session,Y,n/a (route-level auth),Y
organization_management.php,GET,/api/organization-management/employee-directory/,EmployeeDirectoryController@index,api|api.session,Y,n/a (route-level auth),Y
organization_management.php,POST,/api/organization-management/employee-directory/,EmployeeDirectoryController@store,api|api.session,Y,n/a (route-level auth),Y
organization_management.php,GET,/api/organization-management/employee-directory/teachers,EmployeeDirectoryController@teacherList,api|api.session,Y,n/a (route-level auth),N
organization_management.php,GET,/api/organization-management/employee-directory/reference-data,EmployeeDirectoryController@referenceData,api|api.session,Y,n/a (route-level auth),Y
organization_management.php,POST,/api/organization-management/employee-directory/create,EmployeeDirectoryController@create,api|api.session,Y,n/a (route-level auth),Y
organization_management.php,GET,/api/organization-management/employee-directory/{id},EmployeeDirectoryController@show,api|api.session,Y,n/a (route-level auth),Y
organization_management.php,PUT,/api/organization-management/employee-directory/{id},EmployeeDirectoryController@update,api|api.session,Y,n/a (route-level auth),Y
organization_management.php,DELETE,/api/organization-management/employee-directory/{id},EmployeeDirectoryController@destroy,api|api.session,Y,n/a (route-level auth),Y
organization_management.php,PATCH,/api/organization-management/employee-directory/{id}/status,EmployeeDirectoryController@setStatus,api|api.session,Y,n/a (route-level auth),Y
organization_management.php,POST,/api/organization-management/employee-directory/{id}/invite,EmployeeDirectoryController@invite,api|api.session,Y,n/a (route-level auth),Y
organization_management.php,POST,/api/organization-management/employee-directory/{id}/documents,EmployeeDirectoryController@uploadDocument,api|api.session,Y,n/a (route-level auth),Y
organization_management.php,GET,/api/organization-management/employee-directory/{id}/competency-profile,EmployeeDirectoryController@competencyProfile,api|api.session,Y,n/a (route-level auth),Y
organization_management.php,PUT,/api/organization-management/employee-directory/{id}/skills/{matrixId},EmployeeDirectoryController@updateSkillRating,api|api.session,Y,n/a (route-level auth),Y
organization_management.php,GET,/api/organization-management/employee-directory/analytics/kpis,EmployeeDirectoryAnalyticsController@getKPIs,api|api.session,Y,n/a (route-level auth),Y
organization_management.php,GET,/api/organization-management/employee-directory/analytics/growth,EmployeeDirectoryAnalyticsController@getGrowthData,api|api.session,Y,n/a (route-level auth),Y
organization_management.php,GET,/api/organization-management/employee-directory/analytics/growth-stacked,EmployeeDirectoryAnalyticsController@getStackedGrowth,api|api.session,Y,n/a (route-level auth),Y
organization_management.php,GET,/api/organization-management/employee-directory/analytics/departments-distribution,EmployeeDirectoryAnalyticsController@getDepartmentDistribution,api|api.session,Y,n/a (route-level auth),Y
organization_management.php,GET,/api/organization-management/employee-directory/analytics/job-roles-distribution,EmployeeDirectoryAnalyticsController@getJobRoleDistribution,api|api.session,Y,n/a (route-level auth),Y
organization_management.php,GET,/api/organization-management/employee-directory/analytics/lifecycle,EmployeeDirectoryAnalyticsController@getLifecycle,api|api.session,Y,n/a (route-level auth),Y
organization_management.php,GET,/api/organization-management/employee-directory/analytics/attrition,EmployeeDirectoryAnalyticsController@getAttritionBreakdown,api|api.session,Y,n/a (route-level auth),Y
organization_management.php,GET,/api/organization-management/employee-directory/analytics/skills-matrix,EmployeeDirectoryAnalyticsController@getSkillMatrix,api|api.session,Y,n/a (route-level auth),Y
organization_management.php,GET,/api/organization-management/role-permissions/roles,RolePermissionsController@index,api|api.session,Y,n/a (route-level auth),Y
organization_management.php,POST,/api/organization-management/role-permissions/roles,RolePermissionsController@storeRole,api|api.session,Y,n/a (route-level auth),Y
organization_management.php,GET,/api/organization-management/role-permissions/roles/{id}/rights,RolePermissionsController@rights,api|api.session,Y,n/a (route-level auth),Y
organization_management.php,POST,/api/organization-management/role-permissions/roles/{id}/rights,RolePermissionsController@store,api|api.session,Y,n/a (route-level auth),Y
pal_api.php,GET,/api/pal/pedagogy-engine/,PedagogyEngineController@index,,N,C-NO-AUTH,Y
pal_api.php,GET,/api/pal/pedagogy-engine/sections,PedagogyEngineController@sections,,N,C-NO-AUTH,N
pal_api.php,GET,/api/pal/pedagogy-engine/chapters,PedagogyEngineController@chapters,,N,C-NO-AUTH,N
pal_api.php,GET,/api/pal/pedagogy-engine/{section},PedagogyEngineController@show,,N,C-NO-AUTH,Y
pal_api.php,GET,/api/pal/workspace/students,PalWorkspaceController@students,pal.auth,Y,n/a (route-level auth),Y
pal_api.php,GET,/api/pal/workspace/preview,PalWorkspaceController@preview,pal.auth,Y,n/a (route-level auth),Y
pal_api.php,GET,/api/pal/workspace/{learnerId},PalWorkspaceController@workspace,pal.auth,Y,n/a (route-level auth),Y
pal_api.php,GET,/api/pal/learner-state/{learnerId},PALAPIController@getLearnerState,pal.auth,Y,n/a (route-level auth),Y
pal_api.php,GET,/api/pal/mastery-map/{learnerId},PALAPIController@getMasteryMap,pal.auth,Y,n/a (route-level auth),Y
pal_api.php,GET,/api/pal/velocity/{learnerId},PALAPIController@getLearningVelocity,pal.auth,Y,n/a (route-level auth),Y
pal_api.php,GET,/api/pal/plateau/{learnerId},PALAPIController@detectPlateau,pal.auth,Y,n/a (route-level auth),Y
pal_api.php,GET,/api/pal/regression/{learnerId},PALAPIController@detectRegression,pal.auth,Y,n/a (route-level auth),Y
pal_api.php,POST,/api/pal/misconception/analyze,PALAPIController@analyzeMisconception,pal.auth,Y,n/a (route-level auth),N
pal_api.php,GET,/api/pal/misconception/cluster/{conceptId},PALAPIController@clusterMisconceptions,pal.auth,Y,n/a (route-level auth),Y
pal_api.php,GET,/api/pal/remediation/{learnerId}/{misconceptionId},PALAPIController@getRemediation,pal.auth,Y,n/a (route-level auth),Y
pal_api.php,GET,/api/pal/disengagement-risk/{learnerId},PALAPIController@predictDisengagement,pal.auth,Y,n/a (route-level auth),N
pal_api.php,GET,/api/pal/failure-risk/{learnerId},PALAPIController@predictFailure,pal.auth,Y,n/a (route-level auth),N
pal_api.php,GET,/api/pal/burnout-risk/{learnerId},PALAPIController@predictBurnout,pal.auth,Y,n/a (route-level auth),N
pal_api.php,GET,/api/pal/engagement/{learnerId}/{sessionId},PALAPIController@calculateEngagement,pal.auth,Y,n/a (route-level auth),N
pal_api.php,GET,/api/pal/frustration/{learnerId}/{sessionId},PALAPIController@detectFrustration,pal.auth,Y,n/a (route-level auth),N
pal_api.php,GET,/api/pal/pedagogy/recommend/{learnerId}/{conceptId},PALAPIController@getRecommendedPedagogy,pal.auth,Y,n/a (route-level auth),N
pal_api.php,GET,/api/pal/pedagogy/engine/suggested-content,PALAPIController@getPedagogyEngineSuggestedContent,pal.auth,Y,n/a (route-level auth),N
pal_api.php,GET,/api/pal/content/variants/{conceptId},PALAPIController@getContentVariants,pal.auth,Y,n/a (route-level auth),N
pal_api.php,POST,/api/pal/pedagogy/track,PALAPIController@trackPedagogyEffectiveness,pal.auth,Y,n/a (route-level auth),N
pal_api.php,GET,/api/pal/content/recommend/{learnerId}/{conceptId},PALAPIController@getContentRecommendation,pal.auth,Y,n/a (route-level auth),N
pal_api.php,GET,/api/pal/h5p/variants/{conceptId},PALAPIController@getH5PVariants,pal.auth,Y,n/a (route-level auth),N
pal_api.php,GET,/api/pal/frameworks/catalog,PALAPIController@getFrameworkCatalog,pal.auth,Y,n/a (route-level auth),N
pal_api.php,GET,/api/pal/content/{contentId}/framework-metadata,PALAPIController@getContentFrameworkMetadata,pal.auth,Y,n/a (route-level auth),Y
pal_api.php,POST,/api/pal/content/{contentId}/framework-metadata,PALAPIController@updateContentFrameworkMetadata,pal.auth,Y,n/a (route-level auth),Y
pal_api.php,GET,/api/pal/dashboard/learner/{learnerId},PALAPIController@getLearnerDashboard,pal.auth,Y,n/a (route-level auth),N
pal_api.php,GET,/api/pal/dashboard/teacher,PALAPIController@getTeacherDashboard,pal.auth,Y,n/a (route-level auth),N
pal_api.php,GET,/api/pal/ulu,PALAPIController@listULU,pal.auth,Y,n/a (route-level auth),Y
pal_api.php,POST,/api/pal/ulu,PALAPIController@createULU,pal.auth,Y,n/a (route-level auth),Y
pal_api.php,GET,/api/pal/ulu/{id},PALAPIController@getULU,pal.auth,Y,n/a (route-level auth),Y
pal_api.php,PUT,/api/pal/ulu/{id},PALAPIController@updateULU,pal.auth,Y,n/a (route-level auth),Y
pal_api.php,DELETE,/api/pal/ulu/{id},PALAPIController@deleteULU,pal.auth,Y,n/a (route-level auth),Y
pal_api.php,POST,/api/pal/ulu/{id}/duplicate,PALAPIController@duplicateULU,pal.auth,Y,n/a (route-level auth),Y
pal_api.php,POST,/api/pal/ulu/{id}/archive,PALAPIController@archiveULU,pal.auth,Y,n/a (route-level auth),Y
pal_api.php,POST,/api/pal/ulu/{id}/approve,PALAPIController@approveULU,pal.auth,Y,n/a (route-level auth),Y
pal_api.php,GET,/api/pal/ulu/{id}/analytics,PALAPIController@getULUAnalytics,pal.auth,Y,n/a (route-level auth),Y
pal_api.php,GET,/api/pal/ulu/{id}/preview,PALAPIController@getULUPreview,pal.auth,Y,n/a (route-level auth),Y
pal_api.php,POST,/api/pal/telemetry/xapi,PALAPIController@processxAPI,pal.auth,Y,n/a (route-level auth),N
pal_api.php,POST,/api/pal/telemetry/batch,PALAPIController@processxAPIBatch,pal.auth,Y,n/a (route-level auth),N
pal_api.php,GET,/api/pal/telemetry/session/{sessionId},PALAPIController@getSessionTelemetry,pal.auth,Y,n/a (route-level auth),N
pal_api.php,GET,/api/pal/time-on-task/{learnerId},PALAPIController@getTimeOnTask,pal.auth,Y,n/a (route-level auth),N
pal_api.php,GET,/api/pal/telemetry/important-events/{learnerId},PALAPIController@getImportantEvents,pal.auth,Y,n/a (route-level auth),N
pal_api.php,POST,/api/pal/ai/explanation,PALAPIController@generateExplanation,pal.auth,Y,n/a (route-level auth),N
pal_api.php,POST,/api/pal/ai/remediation,PALAPIController@generateRemediation,pal.auth,Y,n/a (route-level auth),N
pal_api.php,POST,/api/pal/ai/practice,PALAPIController@generatePractice,pal.auth,Y,n/a (route-level auth),N
pal_api.php,POST,/api/pal/ai/summary,PALAPIController@summarizeContent,pal.auth,Y,n/a (route-level auth),N
pal_api.php,POST,/api/pal/ai/teacher-insights,PALAPIController@getTeacherInsights,pal.auth,Y,n/a (route-level auth),N
pal_api.php,GET,/api/pal/metacognition/prompts/{learnerId},PALAPIController@getMetacognitivePrompts,pal.auth,Y,n/a (route-level auth),N
pal_api.php,POST,/api/pal/metacognition/reflect,PALAPIController@recordReflection,pal.auth,Y,n/a (route-level auth),N
pal_api.php,GET,/api/pal/coherence/map,CoherenceMapController@map,pal.auth,Y,n/a (route-level auth),Y
pal_api.php,GET,/api/pal/coherence/health,CoherenceMapController@health,pal.auth,Y,n/a (route-level auth),Y
pal_api.php,GET,/api/pal/coherence/scopes,CoherenceMapController@scopes,pal.auth,Y,n/a (route-level auth),Y
pal_api.php,GET,/api/pal/coherence/learner/{learnerId},CoherenceMapController@learner,pal.auth,Y,n/a (route-level auth),Y
pal_api.php,GET,/api/pal/coherence/next/{learnerId},CoherenceMapController@next,pal.auth,Y,n/a (route-level auth),Y
pal_api.php,GET,/api/pal/coherence/remediation/{learnerId}/{conceptId},CoherenceMapController@remediation,pal.auth,Y,n/a (route-level auth),N
pal_api.php,POST,/api/pal/coherence/evidence,CoherenceMapController@evidence,pal.auth,Y,n/a (route-level auth),N
pal_api.php,GET,/api/pal/content/vocabulary,PalContentIntelligenceController@vocabulary,pal.auth,Y,n/a (route-level auth),Y
pal_api.php,GET,/api/pal/content/coverage,PalContentIntelligenceController@coverage,pal.auth,Y,n/a (route-level auth),Y
pal_api.php,POST,/api/pal/content/ladder/evaluate,PalContentIntelligenceController@evaluateLadder,pal.auth,Y,n/a (route-level auth),N
pal_api.php,POST,/api/pal/content/ladder/regression,PalContentIntelligenceController@checkRegression,pal.auth,Y,n/a (route-level auth),N
pal_api.php,GET,/api/pal/content/ladder/{conceptId},PalContentIntelligenceController@ladder,pal.auth,Y,n/a (route-level auth),Y
pal_api.php,GET,/api/pal/content/practice/{learnerId}/{conceptId},PalContentIntelligenceController@practiceItems,pal.auth,Y,n/a (route-level auth),N
pal_api.php,POST,/api/pal/content/next-variant,PalContentIntelligenceController@nextVariant,pal.auth,Y,n/a (route-level auth),N
pal_api.php,GET,/api/pal/content/variant-coverage/{conceptId},PalContentIntelligenceController@variants,pal.auth,Y,n/a (route-level auth),N
pal_api.php,POST,/api/pal/content/misconception/detect,PalContentIntelligenceController@detect,pal.auth,Y,n/a (route-level auth),N
pal_api.php,POST,/api/pal/content/misconception/outcome,PalContentIntelligenceController@recordOutcome,pal.auth,Y,n/a (route-level auth),N
pal_api.php,POST,/api/pal/content/misconception/class-prevalence,PalContentIntelligenceController@classPrevalence,pal.auth,Y,n/a (route-level auth),N
pal_api.php,GET,/api/pal/content/misconception/health,PalContentIntelligenceController@libraryHealth,pal.auth,Y,n/a (route-level auth),Y
pal_api.php,GET,/api/pal/content/misconceptions,PalContentIntelligenceController@listMisconceptions,pal.auth,Y,n/a (route-level auth),Y
pal_api.php,POST,/api/pal/content/misconceptions,PalContentIntelligenceController@storeMisconception,pal.auth,Y,n/a (route-level auth),Y
pal_api.php,GET,/api/pal/content/misconceptions/{id},PalContentIntelligenceController@showMisconception,pal.auth,Y,n/a (route-level auth),Y
pal_api.php,POST,/api/pal/content/misconceptions/{id}/correctives,PalContentIntelligenceController@storeCorrective,pal.auth,Y,n/a (route-level auth),Y
pal_api.php,GET,/api/pal/content/review-queue/{entityType},PalContentIntelligenceController@reviewQueue,pal.auth,Y,n/a (route-level auth),Y
pal_api.php,POST,/api/pal/content/review/{entityType}/bulk,PalContentIntelligenceController@bulkTransition,pal.auth,Y,n/a (route-level auth),Y
pal_api.php,POST,/api/pal/content/review/{entityType}/{metadataId},PalContentIntelligenceController@transition,pal.auth,Y,n/a (route-level auth),Y
pal_api.php,GET,/api/pal/content/metadata/{entityType}/{entityId},PalContentIntelligenceController@show,pal.auth,Y,n/a (route-level auth),Y
pal_api.php,POST,/api/pal/content/metadata/{entityType}/{entityId},PalContentIntelligenceController@upsert,pal.auth,Y,n/a (route-level auth),Y
pal_api.php,GET,/api/pal/new/content-model/vocabulary,NewPalContentModelController@vocabulary,pal.auth,Y,n/a (route-level auth),Y
pal_api.php,GET,/api/pal/new/content-model/coverage,NewPalContentModelController@coverage,pal.auth,Y,n/a (route-level auth),Y
pal_api.php,GET,/api/pal/new/content-model/review-queue,NewPalContentModelController@reviewQueue,pal.auth,Y,n/a (route-level auth),N
pal_api.php,GET,/api/pal/new/content-model/chapters,NewPalContentModelController@chapters,pal.auth,Y,n/a (route-level auth),Y
pal_api.php,GET,/api/pal/new/content-model/chapters/{semanticId},NewPalContentModelController@chapter,pal.auth,Y,n/a (route-level auth),Y
pal_api.php,GET,/api/pal/new/content-model/chapters/{semanticId}/misconceptions,NewPalContentModelController@chapterMisconceptions,pal.auth,Y,n/a (route-level auth),Y
pal_api.php,GET,/api/pal/new/content-model/chapters/{semanticId}/concepts/{conceptSlug},NewPalContentModelController@concept,pal.auth,Y,n/a (route-level auth),Y
pal_api.php,GET,/api/pal/new/content-model/chapters/{semanticId}/concepts/{conceptSlug}/ladder,NewPalContentModelController@ladder,pal.auth,Y,n/a (route-level auth),Y
pal_api.php,POST,/api/pal/new/content-model/nodes/bulk-transition,NewPalContentModelController@bulkTransition,pal.auth,Y,n/a (route-level auth),Y
pal_api.php,GET,/api/pal/new/content-model/concept-videos,ConceptVideoController@index,pal.auth,Y,n/a (route-level auth),N
pal_api.php,POST,/api/pal/new/content-model/concept-videos/bulk-transition,ConceptVideoController@bulkTransition,pal.auth,Y,n/a (route-level auth),N
pal_api.php,GET,/api/pal/new/content-model/concept-videos/{conceptId},ConceptVideoController@show,pal.auth,Y,n/a (route-level auth),N
pal_api.php,POST,/api/pal/new/content-model/concept-videos/{conceptId},ConceptVideoController@store,pal.auth,Y,n/a (route-level auth),N
pal_api.php,POST,/api/pal/new/content-model/concept-videos/{conceptId}/search,ConceptVideoController@search,pal.auth,Y,n/a (route-level auth),N
pal_api.php,POST,/api/pal/new/content-model/concept-videos/{videoId}/transition,ConceptVideoController@transition,pal.auth,Y,n/a (route-level auth),N
pal_api.php,GET,/api/pal/new/content-model/nodes/{nodeKey},NewPalContentModelController@node,pal.auth,Y,n/a (route-level auth),Y
pal_api.php,POST,/api/pal/new/content-model/nodes/{nodeKey},NewPalContentModelController@saveNode,pal.auth,Y,n/a (route-level auth),Y
pal_api.php,GET,/api/pal/new/content-model/nodes/{nodeKey}/revisions,NewPalContentModelController@revisions,pal.auth,Y,n/a (route-level auth),Y
pal_api.php,POST,/api/pal/new/content-model/nodes/{nodeKey}/restore,NewPalContentModelController@restore,pal.auth,Y,n/a (route-level auth),Y
pal_api.php,POST,/api/pal/new/content-model/nodes/{nodeKey}/transition,NewPalContentModelController@transitionNode,pal.auth,Y,n/a (route-level auth),Y
pal_api.php,POST,/api/pal/new/content-model/nodes/{nodeKey}/enrich,NewPalContentModelController@enrich,pal.auth,Y,n/a (route-level auth),Y
pal_api.php,POST,/api/pal/new/content-model/nodes/{nodeKey}/translate,NewPalContentModelController@translate,pal.auth,Y,n/a (route-level auth),Y
pal_api.php,GET,/api/pal/new/administration/,PalArchitectureController@index,pal.auth,Y,n/a (route-level auth),Y
pal_api.php,GET,/api/pal/new/administration/{subsystem},PalArchitectureController@show,pal.auth,Y,n/a (route-level auth),Y
pal_api.php,POST,/api/pal/new/administration/{subsystem},PalArchitectureController@update,pal.auth,Y,n/a (route-level auth),Y
pal_api.php,POST,/api/pal/new/administration/{subsystem}/reset,PalArchitectureController@reset,pal.auth,Y,n/a (route-level auth),Y
pal_api.php,GET,/api/pal/h5p/registry,PalH5PModelController@registry,pal.auth,Y,n/a (route-level auth),Y
pal_api.php,GET,/api/pal/h5p/coverage-matrix,PalH5PModelController@coverageMatrix,pal.auth,Y,n/a (route-level auth),N
pal_api.php,GET,/api/pal/h5p/hub,PalH5PModelController@hub,pal.auth,Y,n/a (route-level auth),Y
pal_api.php,GET,/api/pal/h5p/chapters,PalH5PModelController@chapters,pal.auth,Y,n/a (route-level auth),N
pal_api.php,GET,/api/pal/h5p/chapter-model,PalH5PModelController@chapterModel,pal.auth,Y,n/a (route-level auth),Y
pal_api.php,GET,/api/pal/h5p/coverage,PalH5PModelController@coverage,pal.auth,Y,n/a (route-level auth),N
pal_api.php,GET,/api/pal/h5p/engagement,PalH5PModelController@engagement,pal.auth,Y,n/a (route-level auth),N
pal_api.php,GET,/api/pal/h5p/pedagogy/select,PalH5PModelController@selectPedagogy,pal.auth,Y,n/a (route-level auth),Y
pal_api.php,GET,/api/pal/h5p/insights,PalH5PModelController@insights,pal.auth,Y,n/a (route-level auth),Y
pal_api.php,POST,/api/pal/h5p/suggest-tags,PalH5PModelController@suggestTags,pal.auth,Y,n/a (route-level auth),Y
pal_api.php,POST,/api/pal/h5p/xapi/batch,PalH5PModelController@ingestXapiBatch,pal.auth,Y,n/a (route-level auth),N
pal_api.php,POST,/api/pal/h5p/xapi,PalH5PModelController@ingestXapi,pal.auth,Y,n/a (route-level auth),Y
pal_api.php,GET,/api/pal/h5p/nodes/{h5pType}/{nodeId}/preview,PalH5PModelController@previewTags,pal.auth,Y,n/a (route-level auth),Y
pal_api.php,GET,/api/pal/h5p/nodes/{h5pType}/{nodeId},PalH5PModelController@node,pal.auth,Y,n/a (route-level auth),Y
pal_api.php,POST,/api/pal/h5p/nodes/{h5pType}/{nodeId}/tags,PalH5PModelController@saveTags,pal.auth,Y,n/a (route-level auth),Y
pal_api.php,POST,/api/pal/h5p/nodes/{h5pType}/{nodeId}/transition,PalH5PModelController@transitionTags,pal.auth,Y,n/a (route-level auth),Y
pal_api.php,GET,/api/pal/new/gamification/overview,NewPalGamificationController@overview,pal.auth,Y,n/a (route-level auth),Y
pal_api.php,GET,/api/pal/new/gamification/specification,NewPalGamificationController@specification,pal.auth,Y,n/a (route-level auth),N
pal_api.php,GET,/api/pal/new/gamification/personal-best/history,NewPalGamificationController@personalBestHistory,pal.auth,Y,n/a (route-level auth),Y
pal_api.php,GET,/api/pal/new/gamification/personal-best,NewPalGamificationController@personalBest,pal.auth,Y,n/a (route-level auth),Y
pal_api.php,GET,/api/pal/new/gamification/badges/earned,NewPalGamificationController@earnedBadges,pal.auth,Y,n/a (route-level auth),N
pal_api.php,GET,/api/pal/new/gamification/badges,NewPalGamificationController@badges,pal.auth,Y,n/a (route-level auth),Y
pal_api.php,POST,/api/pal/new/gamification/badges/{badgeId}/revoke,NewPalGamificationController@revokeBadge,pal.auth,Y,n/a (route-level auth),Y
pal_api.php,GET,/api/pal/new/gamification/badges/{badgeId},NewPalGamificationController@badge,pal.auth,Y,n/a (route-level auth),Y
pal_api.php,GET,/api/pal/new/gamification/streak/history,NewPalGamificationController@streakHistory,pal.auth,Y,n/a (route-level auth),Y
pal_api.php,GET,/api/pal/new/gamification/streak,NewPalGamificationController@streak,pal.auth,Y,n/a (route-level auth),Y
pal_api.php,GET,/api/pal/new/gamification/team-challenges,NewPalGamificationController@teamChallenges,pal.auth,Y,n/a (route-level auth),Y
pal_api.php,POST,/api/pal/new/gamification/team-challenges,NewPalGamificationController@createTeamChallenge,pal.auth,Y,n/a (route-level auth),Y
pal_api.php,POST,/api/pal/new/gamification/team-challenges/{challengeId}/end,NewPalGamificationController@endTeamChallenge,pal.auth,Y,n/a (route-level auth),Y
pal_api.php,PUT,/api/pal/new/gamification/team-challenges/{challengeId},NewPalGamificationController@updateTeamChallenge,pal.auth,Y,n/a (route-level auth),Y
pal_api.php,GET,/api/pal/new/gamification/team-challenges/{challengeId},NewPalGamificationController@teamChallenge,pal.auth,Y,n/a (route-level auth),Y
pal_api.php,GET,/api/pal/new/gamification/career-quest/progress,NewPalGamificationController@careerQuestProgress,pal.auth,Y,n/a (route-level auth),N
pal_api.php,POST,/api/pal/new/gamification/career-quest/interest,NewPalGamificationController@declareInterest,pal.auth,Y,n/a (route-level auth),Y
pal_api.php,POST,/api/pal/new/gamification/career-quest/pathway,NewPalGamificationController@choosePathway,pal.auth,Y,n/a (route-level auth),Y
pal_api.php,POST,/api/pal/new/gamification/career-quest/report,NewPalGamificationController@generateCareerReport,pal.auth,Y,n/a (route-level auth),Y
pal_api.php,GET,/api/pal/new/gamification/career-quest,NewPalGamificationController@careerQuest,pal.auth,Y,n/a (route-level auth),Y
pal_api.php,GET,/api/pal/new/gamification/challenge-mode/leaderboard,NewPalGamificationController@challengeModeLeaderboard,pal.auth,Y,n/a (route-level auth),Y
pal_api.php,POST,/api/pal/new/gamification/challenge-mode/opt-in,NewPalGamificationController@challengeModeOptIn,pal.auth,Y,n/a (route-level auth),Y
pal_api.php,POST,/api/pal/new/gamification/challenge-mode/submit,NewPalGamificationController@challengeModeSubmit,pal.auth,Y,n/a (route-level auth),N
pal_api.php,POST,/api/pal/new/gamification/challenge-mode/class-availability,NewPalGamificationController@challengeModeAvailability,pal.auth,Y,n/a (route-level auth),N
pal_api.php,GET,/api/pal/new/gamification/challenge-mode,NewPalGamificationController@challengeMode,pal.auth,Y,n/a (route-level auth),Y
pal_api.php,GET,/api/pal/new/gamification/session-summary,NewPalGamificationController@sessionSummary,pal.auth,Y,n/a (route-level auth),Y
pal_api.php,POST,/api/pal/new/gamification/notifications/read,NewPalGamificationController@readNotifications,pal.auth,Y,n/a (route-level auth),Y
pal_api.php,GET,/api/pal/new/gamification/notifications,NewPalGamificationController@notifications,pal.auth,Y,n/a (route-level auth),Y
pal_eso_api.php,GET,/api/pal/eso/chapter-concepts/{chapterId},EsoEngineController@chapterConcepts,pal.auth,Y,n/a (route-level auth),Y
pal_eso_api.php,GET,/api/pal/eso/decision-log/{learnerId}/{conceptId},EsoEngineController@decisionLog,pal.auth,Y,n/a (route-level auth),Y
pal_eso_api.php,GET,/api/pal/eso/pilot/metrics,PilotMetricsController@summary,pal.auth,Y,n/a (route-level auth),N
pal_eso_api.php,GET,/api/pal/eso/reports/attainment,AttainmentReportController@attainment,pal.auth,Y,n/a (route-level auth),Y
pal_eso_api.php,GET,/api/pal/eso/reports/blueprint-feasibility,AttainmentReportController@blueprintFeasibility,pal.auth,Y,n/a (route-level auth),N
pal_eso_api.php,GET,/api/pal/eso/diagnostic/{learnerId}/{conceptId},EsoEngineController@diagnostic,pal.auth|eso.student,Y,n/a (route-level auth),Y
pal_eso_api.php,POST,/api/pal/eso/diagnostic/{learnerId}/{conceptId}/submit,EsoEngineController@submitDiagnostic,pal.auth|eso.student,Y,n/a (route-level auth),Y
pal_eso_api.php,GET,/api/pal/eso/tutor-context/{learnerId}/{conceptId},EsoEngineController@tutorContext,pal.auth|eso.student,Y,n/a (route-level auth),Y
pal_eso_api.php,GET,/api/pal/eso/practice-item/{learnerId}/{nodeId},EsoEngineController@practiceItem,pal.auth|eso.student,Y,n/a (route-level auth),Y
pal_eso_api.php,GET,/api/pal/eso/next-action/{learnerId}/{conceptId},EsoEngineController@nextAction,pal.auth|eso.student,Y,n/a (route-level auth),Y
pal_eso_api.php,GET,/api/pal/eso/chapter-dashboard/{learnerId}/{chapterId},EsoEngineController@chapterDashboard,pal.auth|eso.student,Y,n/a (route-level auth),Y
pal_eso_api.php,GET,/api/pal/eso/learning-path/{learnerId},EsoEngineController@learningPath,pal.auth|eso.student,Y,n/a (route-level auth),Y
pal_eso_api.php,GET,/api/pal/eso/student-dashboard/{learnerId},EsoEngineController@studentDashboard,pal.auth|eso.student,Y,n/a (route-level auth),Y
pal_eso_api.php,GET,/api/pal/eso/concept-mastery-details/{learnerId}/{conceptId},EsoEngineController@conceptMasteryDetails,pal.auth|eso.student,Y,n/a (route-level auth),Y
pal_eso_api.php,GET,/api/pal/eso/knowledge-map/{learnerId}/{conceptId},EsoEngineController@knowledgeMap,pal.auth|eso.student,Y,n/a (route-level auth),Y
pal_eso_api.php,POST,/api/pal/eso/practice/{learnerId}/{nodeId}/attempt,EsoEngineController@recordAttempt,pal.auth|eso.student,Y,n/a (route-level auth),Y
pal_eso_api.php,GET,/api/pal/eso/cfu-items/{learnerId}/{nodeId},EsoEngineController@cfuItems,pal.auth|eso.student,Y,n/a (route-level auth),Y
pal_eso_api.php,POST,/api/pal/eso/cfu/{learnerId}/{nodeId}/check,EsoEngineController@submitCheckUnderstanding,pal.auth|eso.student,Y,n/a (route-level auth),Y
pal_eso_api.php,POST,/api/pal/eso/retrieval/{learnerId}/{nodeId}/check,EsoEngineController@retrievalCheck,pal.auth|eso.student,Y,n/a (route-level auth),Y
pal_eso_api.php,GET,/api/pal/eso/retrieval-items/{learnerId}/{nodeId},EsoEngineController@retrievalItems,pal.auth|eso.student,Y,n/a (route-level auth),Y
pal_eso_api.php,GET,/api/pal/eso/due-for-retrieval/{learnerId},EsoEngineController@dueForRetrieval,pal.auth|eso.student,Y,n/a (route-level auth),Y
pal_eso_api.php,POST,/api/pal/eso/render,EsoEngineController@render,pal.auth|eso.student,Y,n/a (route-level auth),Y
platform.php,GET,/api/platform/registry,RegistryController@index,api|lms.auth,Y,n/a (route-level auth),Y
platform.php,GET,/api/platform/notifications,NotificationController@index,api|lms.auth,Y,n/a (route-level auth),N
platform.php,PUT,/api/platform/notifications,NotificationController@update,"api|lms.auth|perm:platform.notification,update",Y,n/a (route-level auth),N
platform.php,PUT,/api/platform/notifications/channels,NotificationController@updateChannel,"api|lms.auth|perm:platform.notification,update",Y,n/a (route-level auth),N
platform.php,GET,/api/platform/scheduler,SchedulerController@index,api|lms.auth,Y,n/a (route-level auth),N
platform.php,PUT,/api/platform/scheduler,SchedulerController@update,"api|lms.auth|perm:platform.scheduler,update",Y,n/a (route-level auth),N
platform.php,GET,/api/platform/workflow,WorkflowController@index,api|lms.auth,Y,n/a (route-level auth),N
platform.php,POST,/api/platform/workflow,WorkflowController@store,"api|lms.auth|perm:platform.workflow,create",Y,n/a (route-level auth),N
platform.php,PUT,/api/platform/workflow/{id},WorkflowController@update,"api|lms.auth|perm:platform.workflow,update",Y,n/a (route-level auth),N
platform.php,DELETE,/api/platform/workflow/{id},WorkflowController@destroy,"api|lms.auth|perm:platform.workflow,delete",Y,n/a (route-level auth),N
platform.php,GET,/api/platform/events/overview,EventBusController@overview,"api|lms.auth|lms.staff|perm:platform.eventbus,view",Y,n/a (route-level auth),N
platform.php,GET,/api/platform/events/stream,EventBusController@stream,"api|lms.auth|lms.staff|perm:platform.eventbus,view",Y,n/a (route-level auth),N
platform.php,GET,/api/platform/events/failures,EventBusController@failures,"api|lms.auth|lms.staff|perm:platform.eventbus,view",Y,n/a (route-level auth),N
platform.php,GET,/api/platform/events/deliveries,EventBusController@deliveries,"api|lms.auth|lms.staff|perm:platform.eventbus,view",Y,n/a (route-level auth),N
platform.php,GET,/api/platform/events/audit,EventBusController@audit,"api|lms.auth|lms.staff|perm:platform.eventbus,view",Y,n/a (route-level auth),N
platform.php,GET,/api/platform/events/integrations,EventBusController@integrations,"api|lms.auth|lms.staff|perm:platform.eventbus,view",Y,n/a (route-level auth),N
ptm.php,RESOURCE,/ptm/add_ptm_time_slot_master,App\Http\Controllers\ptm\ptmtimeslotmasterController,web|session|menu|logRoute|check_permissions,Y,n/a (route-level auth),Y
ptm.php,RESOURCE,/ptm/add_ptm_attened_status,App\Http\Controllers\ptm\ptmattenedstatusController,web|session|menu|logRoute|check_permissions,Y,n/a (route-level auth),Y
ptm.php,GET,/ptm/ptm_report,ptmattenedstatusController@ptmReport,web|session|menu|logRoute|check_permissions,Y,n/a (route-level auth),Y
ptm.php,POST,/ptmBookAPI,ptmattenedstatusController@ptmBookAPI,web,N,"B-jwt-valid,client-tenant",N
ptm.php,POST,/ptmBookingStatusAPI,ptmattenedstatusController@ptmBookingStatusAPI,web,N,"B-jwt-valid,client-tenant",N
ptm.php,POST,/ptmBookingTimeAPI,ptmattenedstatusController@ptmBookingTimeAPI,web,N,"B-jwt-valid,client-tenant",N
ptm.php,POST,/ptmTeacherListAPI,ptmattenedstatusController@ptmTeacherListAPI,web,N,"B-jwt-valid,client-tenant",N
result.php,RESOURCE,/result/exam_type_master,App\Http\Controllers\result\ExamTypeMaster\ExamTypeMasterController,web|session|menu|logRoute|check_permissions,Y,n/a (route-level auth),Y
result.php,RESOURCE,/result/exam_master,App\Http\Controllers\result\ExamMaster\ExamMasterController,web|session|menu|logRoute|check_permissions,Y,n/a (route-level auth),Y
result.php,RESOURCE,/result/grade_master,App\Http\Controllers\result\GradeMaster\GradeMasterController,web|session|menu|logRoute|check_permissions,Y,n/a (route-level auth),Y
result.php,GET,/result/grade_master/createData/{id},@,web|session|menu|logRoute|check_permissions,Y,n/a (route-level auth),N
result.php,RESOURCE,/result/std_grd_maping,App\Http\Controllers\result\std_grd_maping\std_grd_maping_controller,web|session|menu|logRoute|check_permissions,Y,n/a (route-level auth),Y
result.php,RESOURCE,/result/result_master,App\Http\Controllers\result\result_master\result_master_controller,web|session|menu|logRoute|check_permissions,Y,n/a (route-level auth),Y
result.php,RESOURCE,/result/consolidate_report,App\Http\Controllers\result\result_master\consolidateReportController,web|session|menu|logRoute|check_permissions,Y,n/a (route-level auth),Y
result.php,RESOURCE,/result/exam_creation,App\Http\Controllers\result\exam_creation\exam_creation_controller,web|session|menu|logRoute|check_permissions,Y,n/a (route-level auth),Y
result.php,RESOURCE,/result/result_remark_master,App\Http\Controllers\result\result_remark_master\result_remark_master_controller,web|session|menu|logRoute|check_permissions,Y,n/a (route-level auth),Y
result.php,RESOURCE,/result/result_book_master,App\Http\Controllers\result\result_book_master\result_book_master_controller,web|session|menu|logRoute|check_permissions,Y,n/a (route-level auth),Y
result.php,RESOURCE,/result/co_scholastic_master,App\Http\Controllers\result\co_scholastic_master\co_scholastic_master_controller,web|session|menu|logRoute|check_permissions,Y,n/a (route-level auth),Y
result.php,RESOURCE,/result/co_scholastic,App\Http\Controllers\result\co_scholastic\co_scholastic_controller,web|session|menu|logRoute|check_permissions,Y,n/a (route-level auth),Y
result.php,RESOURCE,/result/working_day_master,App\Http\Controllers\result\working_day_master\working_day_master_controller,web|session|menu|logRoute|check_permissions,Y,n/a (route-level auth),Y
result.php,RESOURCE,/result/student_attendance_master,App\Http\Controllers\result\student_attendance_master\student_attendance_master_controller,web|session|menu|logRoute|check_permissions,Y,n/a (route-level auth),Y
result.php,RESOURCE,/result/marks_entry,App\Http\Controllers\result\marks_entry\marks_entry_controller,web|session|menu|logRoute|check_permissions,Y,n/a (route-level auth),Y
result.php,RESOURCE,/result/co_scholastic_marks_entry,App\Http\Controllers\result\co_scholastic_marks_entry\co_scholastic_marks_entry_controller,web|session|menu|logRoute|check_permissions,Y,n/a (route-level auth),Y
result.php,RESOURCE,/result/cbse_1t5_result,App\Http\Controllers\result\cbse_result\cbse_1t5_result_controller,web|session|menu|logRoute|check_permissions,Y,n/a (route-level auth),Y
result.php,RESOURCE,/result/cbse_1t5_t2_result,App\Http\Controllers\result\cbse_result\cbse_1t5_t2_result_controller,web|session|menu|logRoute|check_permissions,Y,n/a (route-level auth),Y
result.php,RESOURCE,/result/overall_mark_report,App\Http\Controllers\result\cbse_result\overall_mark_report_controller,web|session|menu|logRoute|check_permissions,Y,n/a (route-level auth),N
result.php,RESOURCE,/result/result-marks-excel,App\Http\Controllers\Import\ExcelDownloadController,web|session|menu|logRoute|check_permissions,Y,n/a (route-level auth),N
result.php,RESOURCE,/result/result-template,App\Http\Controllers\result\new_result\templateController,web|session|menu|logRoute|check_permissions,Y,n/a (route-level auth),Y
result.php,RESOURCE,/result/student-result,App\Http\Controllers\result\new_result\studentResultController,web|session|menu|logRoute|check_permissions,Y,n/a (route-level auth),Y
result.php,RESOURCE,/result/student-result-remarks,App\Http\Controllers\result\new_result\studentResultRemarksController,web|session|menu|logRoute|check_permissions,Y,n/a (route-level auth),Y
result.php,GET,/result/view_all_result_tag,templateController@viewAllTag,web|session|menu|logRoute|check_permissions,Y,n/a (route-level auth),N
result.php,RESOURCE,/result/approve_mobile_result,App\Http\Controllers\result\approve_mobile_result\approve_mobile_result_controller,web|session|menu|logRoute|check_permissions,Y,n/a (route-level auth),Y
result.php,RESOURCE,/result/result_skillset,App\Http\Controllers\result\result_skillset\resultSkillsetController,web|session|menu|logRoute|check_permissions,Y,n/a (route-level auth),Y
result.php,RESOURCE,/result/result_activity_master,App\Http\Controllers\result\result_activity_master\resultActivityMasterController,web|session|menu|logRoute|check_permissions,Y,n/a (route-level auth),Y
result.php,RESOURCE,/result/result_activity_marks,App\Http\Controllers\result\result_activity_marks\resultActivityMarksController,web|session|menu|logRoute|check_permissions,Y,n/a (route-level auth),Y
result.php,RESOURCE,/result/result_activity_marks_V1,App\Http\Controllers\result\result_activity_marks\resultActivityMarksV1Controller,web|session|menu|logRoute|check_permissions,Y,n/a (route-level auth),Y
result.php,RESOURCE,/result/all_results,App\Http\Controllers\result\new_result\allResultController,web|session|menu|logRoute|check_permissions,Y,n/a (route-level auth),N
result.php,RESOURCE,/result/classwise_grade_report,App\Http\Controllers\result\classwiseGradeReportController,web|session|menu|logRoute|check_permissions,Y,n/a (route-level auth),Y
result.php,POST,/result/cbse_1t5_result/show_result,@,web|session|menu|logRoute|check_permissions,Y,n/a (route-level auth),Y
result.php,POST,/result/cbse_1t5_t2_result/show_result,@,web|session|menu|logRoute|check_permissions,Y,n/a (route-level auth),Y
result.php,RESOURCE,/result/cbse_11_t2_result,App\Http\Controllers\result\cbse_result\cbse_11_t2_result_controller,web|session|menu|logRoute|check_permissions,Y,n/a (route-level auth),Y
result.php,POST,/result/cbse_11_t2_result/show_result,@,web|session|menu|logRoute|check_permissions,Y,n/a (route-level auth),Y
result.php,RESOURCE,/result/WRT_report,App\Http\Controllers\result\cbse_result\WRT_report_controller,web|session|menu|logRoute|check_permissions,Y,n/a (route-level auth),Y
result.php,POST,/result/WRT_report/show_result,@,web|session|menu|logRoute|check_permissions,Y,n/a (route-level auth),Y
result.php,RESOURCE,/result/WRT_progress_report,App\Http\Controllers\result\cbse_result\WRT_progress_report_controller,web|session|menu|logRoute|check_permissions,Y,n/a (route-level auth),Y
result.php,POST,/result/WRT_progress_report/show_result,@,web|session|menu|logRoute|check_permissions,Y,n/a (route-level auth),Y
result.php,RESOURCE,/result/result_report,App\Http\Controllers\result\cbse_result\result_report_controller,web|session|menu|logRoute|check_permissions,Y,n/a (route-level auth),Y
result.php,POST,/result/show_result_report,result_report_controller@show_result_report,web|session|menu|logRoute|check_permissions,Y,n/a (route-level auth),Y
result.php,POST,/result/marks_entry/approve,marks_entry_controller@approve,web|session|menu|logRoute|check_permissions,Y,n/a (route-level auth),N
result.php,POST,/result/marks_entry/getMarksApproval,marks_entry_controller@getMarksApproval,web|session|menu|logRoute|check_permissions,Y,n/a (route-level auth),N
result.php,POST,/result/co_scholastic_marks_entry/approve,co_scholastic_marks_entry_controller@approve,web|session|menu|logRoute|check_permissions,Y,n/a (route-level auth),N
result.php,RESOURCE,/result/upload_result,App\Http\Controllers\result\upload_result\upload_result_controller,web|session|menu|logRoute|check_permissions,Y,n/a (route-level auth),Y
result.php,GET,/result/result_personalize_marks,resultAPIController@resultPersonalize,web|session|menu|logRoute|check_permissions,Y,n/a (route-level auth),N
result.php,GET,/result/getPalMarks,resultAPIController@getPalMarks,web|session|menu|logRoute|check_permissions,Y,n/a (route-level auth),N
result.php,GET,/result/getMapValue,resultAPIController@getMapValue,web|session|menu|logRoute|check_permissions,Y,n/a (route-level auth),N
result.php,GET,/result/current_result,resultAPIController@currentResult,web|session|menu|logRoute|check_permissions,Y,n/a (route-level auth),N
result.php,GET,/result/getActivityLists,resultActivityMasterController@getActivityLists,web|session|menu|logRoute|check_permissions,Y,n/a (route-level auth),Y
result.php,GET,/result/result_sub_activity_destroy,resultActivityMasterController@result_sub_activity_destroy,web|session|menu|logRoute|check_permissions,Y,n/a (route-level auth),N
result.php,GET,/result/hpc_activity_transfer,HpcActivityTransferController@index,web|session|menu|logRoute|check_permissions,Y,n/a (route-level auth),N
result.php,GET,/result/hpc_activity_transfer/standards,HpcActivityTransferController@standards,web|session|menu|logRoute|check_permissions,Y,n/a (route-level auth),N
result.php,POST,/result/hpc_activity_transfer/preview,HpcActivityTransferController@preview,web|session|menu|logRoute|check_permissions,Y,n/a (route-level auth),N
result.php,POST,/result/hpc_activity_transfer/transfer,HpcActivityTransferController@transfer,web|session|menu|logRoute|check_permissions,Y,n/a (route-level auth),N
result.php,GET,/api/get-grade-list,AJAXController@getGradeList,web,N,C-NO-AUTH,Y
result.php,GET,/api/get-standard-list,AJAXController@getStandardList,web,N,C-NO-AUTH,Y
result.php,GET,/api/get-division-list,AJAXController@getDivisionList,web,N,C-NO-AUTH,Y
result.php,GET,/api/get-subject-list,AJAXController@getSubjectList,web,N,C-NO-AUTH,Y
result.php,GET,/api/get-all-subject-list,AJAXController@getAllSubjectList,web,N,C-NO-AUTH,N
result.php,GET,/api/get-exam-name-list,AJAXController@getExamsList,web,N,C-NO-AUTH,N
result.php,GET,/api/get-exam-master-list,AJAXController@getExamsMasterList,web,N,C-NO-AUTH,Y
result.php,GET,/api/get-subject-by-create-exam,AJAXController@getSubjectByCreateExam,web,N,C-NO-AUTH,N
result.php,GET,/api/get-exam-name-by-create-exam,AJAXController@getExamByCreateExam,web,N,C-NO-AUTH,N
result.php,GET,/api/get-chapter-list,AJAXController@getChapterList,web,N,C-NO-AUTH,N
result.php,GET,/api/get-topic-list,AJAXController@getTopicList,web,N,C-NO-AUTH,N
result.php,GET,/api/get-exam-list,AJAXController@getExamList,web,N,C-NO-AUTH,Y
result.php,GET,/api/get-co-scholastic-parent-list,AJAXController@getCoScholasticParentList,web,N,C-NO-AUTH,Y
result.php,GET,/api/get-co-scholastic-list,AJAXController@getCoScholasticList,web,N,C-NO-AUTH,Y
result.php,GET,/api/get-activity-master-list,AJAXController@getActivityMasterList,web,N,C-NO-AUTH,Y
result.php,RESOURCE,/easy_com/manage_sms_api,App\Http\Controllers\easy_com\manage_sms_api\manage_sms_api_controller,web|session|menu|logRoute|check_permissions,Y,n/a (route-level auth),Y
result.php,RESOURCE,/easy_com/send_sms_parents,App\Http\Controllers\easy_com\send_sms_parents\send_sms_parents_controller,web|session|menu|logRoute|check_permissions,Y,n/a (route-level auth),Y
result.php,RESOURCE,/easy_com/send_email_report,App\Http\Controllers\easy_com\send_email_report\send_email_report_controller,web|session|menu|logRoute|check_permissions,Y,n/a (route-level auth),Y
result.php,RESOURCE,/easy_com/send_email_parents,App\Http\Controllers\easy_com\send_email_parents\send_email_parents_controller,web|session|menu|logRoute|check_permissions,Y,n/a (route-level auth),Y
result.php,RESOURCE,/easy_com/send_email_other,App\Http\Controllers\easy_com\send_email_other\send_email_other_controller,web|session|menu|logRoute|check_permissions,Y,n/a (route-level auth),N
result.php,POST,/easy_com/send_email_parents/send_email,send_email_parents_controller@sendEmail,web|session|menu|logRoute|check_permissions,Y,n/a (route-level auth),N
result.php,POST,/easy_com/send_email_other/send_other_mail,send_email_other_controller@sendEmail,web|session|menu|logRoute|check_permissions,Y,n/a (route-level auth),N
result.php,RESOURCE,/easy_com/send_sms_staff,App\Http\Controllers\easy_com\send_sms_staff\send_sms_staff_controller,web|session|menu|logRoute|check_permissions,Y,n/a (route-level auth),Y
result.php,RESOURCE,/easy_com/send_sms_report,App\Http\Controllers\easy_com\send_sms_report\send_sms_report_controller,web|session|menu|logRoute|check_permissions,Y,n/a (route-level auth),Y
result.php,RESOURCE,/easy_com/send_notification_parents,App\Http\Controllers\easy_com\send_notification_parents\send_notification_parents_controller,web|session|menu|logRoute|check_permissions,Y,n/a (route-level auth),Y
result.php,RESOURCE,/easy_com/register_parents_report,App\Http\Controllers\easy_com\send_notification_report\register_parents_report_controller,web|session|menu|logRoute|check_permissions,Y,n/a (route-level auth),Y
result.php,RESOURCE,/easy_com/notification_report,App\Http\Controllers\easy_com\send_notification_report\notification_report_controller,web|session|menu|logRoute|check_permissions,Y,n/a (route-level auth),Y
result.php,RESOURCE,/learning_outcome/lo_master,App\Http\Controllers\learning_outcome\lo_master\lo_masterController,web|session|menu|logRoute|check_permissions,Y,n/a (route-level auth),N
result.php,RESOURCE,/learning_outcome/indicator_mapping,App\Http\Controllers\learning_outcome\indicator_mapping\indicator_mappingController,web|session|menu|logRoute|check_permissions,Y,n/a (route-level auth),N
result.php,POST,/learning_outcome/indicator_mapping/get_indicator,indicator_mappingController@get_indicator,web|session|menu|logRoute|check_permissions,Y,n/a (route-level auth),N
result.php,RESOURCE,/learning_outcome/lo_marks_entry,App\Http\Controllers\learning_outcome\lo_marks_entry\lo_marks_entryController,web|session|menu|logRoute|check_permissions,Y,n/a (route-level auth),N
result.php,RESOURCE,/learning_outcome/lo_marks_report,App\Http\Controllers\learning_outcome\lo_marks_report\lo_marks_reportController,web|session|menu|logRoute|check_permissions,Y,n/a (route-level auth),N
result.php,RESOURCE,/learning_outcome/lo_marks_arNar,App\Http\Controllers\learning_outcome\lo_marks_arNar\lo_marks_arNarController,web|session|menu|logRoute|check_permissions,Y,n/a (route-level auth),N
result.php,RESOURCE,/learning_outcome/lo_marks_greport,App\Http\Controllers\learning_outcome\lo_marks_greport\lo_marks_greportController,web|session|menu|logRoute|check_permissions,Y,n/a (route-level auth),N
result.php,RESOURCE,/learning_outcome/lo_marks_greport2,App\Http\Controllers\learning_outcome\lo_marks_greport2\lo_marks_greport2Controller,web|session|menu|logRoute|check_permissions,Y,n/a (route-level auth),N
result.php,RESOURCE,/learning_outcome/lo_class_greport,App\Http\Controllers\learning_outcome\lo_class_greport\lo_class_greportController,web|session|menu|logRoute|check_permissions,Y,n/a (route-level auth),N
result.php,RESOURCE,/learning_outcome/lo_school_greport,App\Http\Controllers\learning_outcome\lo_school_greport\lo_school_greportController,web|session|menu|logRoute|check_permissions,Y,n/a (route-level auth),N
result.php,GET,/api/get-lo-subject-list,AJAXController@getLOSubjectList,web,N,C-NO-AUTH,N
result.php,GET,/api/get-lo,AJAXController@getLOList,web,N,C-NO-AUTH,N
result.php,RESOURCE,/report/dynamic_report,App\Http\Controllers\report\dynamic_report\dynamic_report_controller,web|session|menu|check_permissions,Y,n/a (route-level auth),N
result.php,GET,/report/student-mark-report,StudentsMarksReportController@index,web|session|menu|check_permissions,Y,n/a (route-level auth),N
result.php,GET,/report/log-report,StudentsMarksReportController@index,web|session|menu|check_permissions,Y,n/a (route-level auth),N
result.php,GET,/api/get-sub_module-list,AJAXController@getSubModuleList,web,N,C-NO-AUTH,N
result.php,POST,/save_result_html,cbse_1t5_result_controller@save_result_html,web,N,"B-jwt-valid,client-tenant",Y
result.php,POST,/save_result_html_new,studentResultController@save_result_html,web,N,C-NO-AUTH,N
result.php,POST,/studentResultPDFAPI,cbse_1t5_result_controller@studentResultPDFAPI,web,N,"B-jwt-valid,client-tenant",N
result.php,GET,/cbse_1t5_result/download_overall_report,result_report_controller@downloadOverAllReportExcel,web,N,C-NO-AUTH,N
result.php,GET,/result_personal_marks_api,resultPersonalizeMarksController@resultPersonalMarksApi,web|session|menu|logRoute|check_permissions,Y,n/a (route-level auth),N
result.php,GET,/question_lists_api,resultPersonalizeMarksController@questionListsAPI,web|session|menu|logRoute|check_permissions,Y,n/a (route-level auth),N
result.php,RESOURCE,/result_personalize_marks,App\Http\Controllers\lms\pal\resultPersonalizeMarksController,web|session|menu|logRoute|check_permissions,Y,n/a (route-level auth),Y
result.php,GET,/get-exam-create-name,classwiseGradeReportController@getCreateExamName,web,N,"B-jwt-valid,client-tenant",N
resultapi.php,GET,/api/sqaa/levels,SqaaApiController@levels,api|api.session,Y,n/a (route-level auth),Y
resultapi.php,GET,/api/sqaa/entry/{menuId},SqaaApiController@entry,api|api.session,Y,n/a (route-level auth),Y
resultapi.php,POST,/api/sqaa/entry,SqaaApiController@store,api|api.session,Y,n/a (route-level auth),Y
resultapi.php,GET,/api/sqaa/document-report,SqaaApiController@documentReport,api|api.session,Y,n/a (route-level auth),Y
resultapi.php,GET,/api/result/exam-master/create,ExamMasterApiController@create,api|api.session,Y,n/a (route-level auth),N
resultapi.php,GET,/api/result/exam-master/dropdown,ExamMasterApiController@dropdown,api|api.session,Y,n/a (route-level auth),N
resultapi.php,DELETE,/api/result/exam-master/bulk,ExamMasterApiController@bulkDestroy,api|api.session,Y,n/a (route-level auth),N
resultapi.php,GET,/api/result/exam-master,ExamMasterApiController@index,api|api.session,Y,n/a (route-level auth),Y
resultapi.php,POST,/api/result/exam-master,ExamMasterApiController@store,api|api.session,Y,n/a (route-level auth),Y
resultapi.php,GET,/api/result/exam-master/{id},ExamMasterApiController@show,api|api.session,Y,n/a (route-level auth),Y
resultapi.php,PUT,/api/result/exam-master/{id},ExamMasterApiController@update,api|api.session,Y,n/a (route-level auth),Y
resultapi.php,DELETE,/api/result/exam-master/{id},ExamMasterApiController@destroy,api|api.session,Y,n/a (route-level auth),Y
resultapi.php,GET,/api/result/exam-type-master/create,ExamTypeMasterApiController@create,api|api.session,Y,n/a (route-level auth),N
resultapi.php,GET,/api/result/exam-type-master/dropdown,ExamTypeMasterApiController@dropdown,api|api.session,Y,n/a (route-level auth),N
resultapi.php,DELETE,/api/result/exam-type-master/bulk,ExamTypeMasterApiController@bulkDestroy,api|api.session,Y,n/a (route-level auth),N
resultapi.php,GET,/api/result/exam-type-master,ExamTypeMasterApiController@index,api|api.session,Y,n/a (route-level auth),Y
resultapi.php,POST,/api/result/exam-type-master,ExamTypeMasterApiController@store,api|api.session,Y,n/a (route-level auth),Y
resultapi.php,GET,/api/result/exam-type-master/{id},ExamTypeMasterApiController@show,api|api.session,Y,n/a (route-level auth),Y
resultapi.php,PUT,/api/result/exam-type-master/{id},ExamTypeMasterApiController@update,api|api.session,Y,n/a (route-level auth),Y
resultapi.php,DELETE,/api/result/exam-type-master/{id},ExamTypeMasterApiController@destroy,api|api.session,Y,n/a (route-level auth),Y
resultapi.php,GET,/api/result/grade-master/create-data/{id},GradeMasterApiController@createData,api|api.session,Y,n/a (route-level auth),N
resultapi.php,GET,/api/result/grade-master/dropdown,GradeMasterApiController@dropdown,api|api.session,Y,n/a (route-level auth),N
resultapi.php,DELETE,/api/result/grade-master/bulk,GradeMasterApiController@bulkDestroy,api|api.session,Y,n/a (route-level auth),N
resultapi.php,GET,/api/result/grade-master,GradeMasterApiController@index,api|api.session,Y,n/a (route-level auth),Y
resultapi.php,POST,/api/result/grade-master,GradeMasterApiController@store,api|api.session,Y,n/a (route-level auth),Y
resultapi.php,DELETE,/api/result/grade-master/{id},GradeMasterApiController@destroy,api|api.session,Y,n/a (route-level auth),Y
resultapi.php,GET,/api/result/standard-grade-mapping/create,StdGradeMappingApiController@create,api|api.session,Y,n/a (route-level auth),N
resultapi.php,GET,/api/result/standard-grade-mapping/dropdown,StdGradeMappingApiController@dropdown,api|api.session,Y,n/a (route-level auth),N
resultapi.php,DELETE,/api/result/standard-grade-mapping/bulk,StdGradeMappingApiController@bulkDestroy,api|api.session,Y,n/a (route-level auth),N
resultapi.php,GET,/api/result/standard-grade-mapping,StdGradeMappingApiController@index,api|api.session,Y,n/a (route-level auth),Y
resultapi.php,POST,/api/result/standard-grade-mapping,StdGradeMappingApiController@store,api|api.session,Y,n/a (route-level auth),Y
resultapi.php,GET,/api/result/standard-grade-mapping/{id},StdGradeMappingApiController@show,api|api.session,Y,n/a (route-level auth),Y
resultapi.php,PUT,/api/result/standard-grade-mapping/{id},StdGradeMappingApiController@update,api|api.session,Y,n/a (route-level auth),Y
resultapi.php,DELETE,/api/result/standard-grade-mapping/{id},StdGradeMappingApiController@destroy,api|api.session,Y,n/a (route-level auth),Y
resultapi.php,DELETE,/api/result/working-day-master/bulk,WorkingDayMasterApiController@bulkDestroy,api|api.session,Y,n/a (route-level auth),N
resultapi.php,GET,/api/result/working-day-master,WorkingDayMasterApiController@index,api|api.session,Y,n/a (route-level auth),Y
resultapi.php,POST,/api/result/working-day-master,WorkingDayMasterApiController@store,api|api.session,Y,n/a (route-level auth),Y
resultapi.php,GET,/api/result/working-day-master/{id},WorkingDayMasterApiController@show,api|api.session,Y,n/a (route-level auth),Y
resultapi.php,PUT,/api/result/working-day-master/{id},WorkingDayMasterApiController@update,api|api.session,Y,n/a (route-level auth),Y
resultapi.php,DELETE,/api/result/working-day-master/{id},WorkingDayMasterApiController@destroy,api|api.session,Y,n/a (route-level auth),Y
resultapi.php,GET,/api/result/result-remark-master/dropdown,ResultRemarkMasterApiController@dropdown,api|api.session,Y,n/a (route-level auth),Y
resultapi.php,DELETE,/api/result/result-remark-master/bulk,ResultRemarkMasterApiController@bulkDestroy,api|api.session,Y,n/a (route-level auth),N
resultapi.php,GET,/api/result/result-remark-master,ResultRemarkMasterApiController@index,api|api.session,Y,n/a (route-level auth),Y
resultapi.php,POST,/api/result/result-remark-master,ResultRemarkMasterApiController@store,api|api.session,Y,n/a (route-level auth),Y
resultapi.php,GET,/api/result/result-remark-master/{id},ResultRemarkMasterApiController@show,api|api.session,Y,n/a (route-level auth),Y
resultapi.php,PUT,/api/result/result-remark-master/{id},ResultRemarkMasterApiController@update,api|api.session,Y,n/a (route-level auth),Y
resultapi.php,DELETE,/api/result/result-remark-master/{id},ResultRemarkMasterApiController@destroy,api|api.session,Y,n/a (route-level auth),Y
resultapi.php,GET,/api/result/result-master/dropdown,ResultMasterApiController@dropdownList,api|api.session,Y,n/a (route-level auth),N
resultapi.php,DELETE,/api/result/result-master/bulk,ResultMasterApiController@bulkDestroy,api|api.session,Y,n/a (route-level auth),N
resultapi.php,GET,/api/result/result-master,ResultMasterApiController@index,api|api.session,Y,n/a (route-level auth),Y
resultapi.php,POST,/api/result/result-master,ResultMasterApiController@store,api|api.session,Y,n/a (route-level auth),Y
resultapi.php,GET,/api/result/result-master/{id},ResultMasterApiController@show,api|api.session,Y,n/a (route-level auth),Y
resultapi.php,PUT,/api/result/result-master/{id},ResultMasterApiController@update,api|api.session,Y,n/a (route-level auth),Y
resultapi.php,DELETE,/api/result/result-master/{id},ResultMasterApiController@destroy,api|api.session,Y,n/a (route-level auth),Y
resultapi.php,GET,/api/result/exam-creation/create,ExamCreationApiController@create,api|api.session,Y,n/a (route-level auth),N
resultapi.php,GET,/api/result/exam-creation/dropdown,ExamCreationApiController@dropdownList,api|api.session,Y,n/a (route-level auth),N
resultapi.php,DELETE,/api/result/exam-creation/bulk,ExamCreationApiController@bulkDestroy,api|api.session,Y,n/a (route-level auth),N
resultapi.php,GET,/api/result/exam-creation,ExamCreationApiController@index,api|api.session,Y,n/a (route-level auth),Y
resultapi.php,POST,/api/result/exam-creation,ExamCreationApiController@store,api|api.session,Y,n/a (route-level auth),Y
resultapi.php,GET,/api/result/exam-creation/{id},ExamCreationApiController@show,api|api.session,Y,n/a (route-level auth),Y
resultapi.php,PUT,/api/result/exam-creation/{id},ExamCreationApiController@update,api|api.session,Y,n/a (route-level auth),Y
resultapi.php,DELETE,/api/result/exam-creation/{id},ExamCreationApiController@destroy,api|api.session,Y,n/a (route-level auth),Y
resultapi.php,GET,/api/result/result-book-master/dropdown,ResultBookMasterApiController@dropdownList,api|api.session,Y,n/a (route-level auth),N
resultapi.php,DELETE,/api/result/result-book-master/bulk,ResultBookMasterApiController@bulkDestroy,api|api.session,Y,n/a (route-level auth),N
resultapi.php,GET,/api/result/result-book-master,ResultBookMasterApiController@index,api|api.session,Y,n/a (route-level auth),Y
resultapi.php,POST,/api/result/result-book-master,ResultBookMasterApiController@store,api|api.session,Y,n/a (route-level auth),Y
resultapi.php,GET,/api/result/result-book-master/{id},ResultBookMasterApiController@show,api|api.session,Y,n/a (route-level auth),Y
resultapi.php,PUT,/api/result/result-book-master/{id},ResultBookMasterApiController@update,api|api.session,Y,n/a (route-level auth),Y
resultapi.php,DELETE,/api/result/result-book-master/{id},ResultBookMasterApiController@destroy,api|api.session,Y,n/a (route-level auth),Y
resultapi.php,GET,/api/result/student-attendance-master/create,StudentAttendanceMasterApiController@create,api|api.session,Y,n/a (route-level auth),Y
resultapi.php,POST,/api/result/student-attendance-master,StudentAttendanceMasterApiController@store,api|api.session,Y,n/a (route-level auth),Y
resultapi.php,GET,/api/result/consolidate-report,ConsolidateReportApiController@index,api|api.session,Y,n/a (route-level auth),Y
resultapi.php,GET,/api/result/co-scholastic-master/create,CoScholasticMasterApiController@create,api|api.session,Y,n/a (route-level auth),N
resultapi.php,GET,/api/result/co-scholastic-master/dropdown,CoScholasticMasterApiController@dropdown,api|api.session,Y,n/a (route-level auth),N
resultapi.php,DELETE,/api/result/co-scholastic-master/bulk,CoScholasticMasterApiController@bulkDestroy,api|api.session,Y,n/a (route-level auth),N
resultapi.php,GET,/api/result/co-scholastic-master,CoScholasticMasterApiController@index,api|api.session,Y,n/a (route-level auth),Y
resultapi.php,POST,/api/result/co-scholastic-master,CoScholasticMasterApiController@store,api|api.session,Y,n/a (route-level auth),Y
resultapi.php,GET,/api/result/co-scholastic-master/{id},CoScholasticMasterApiController@show,api|api.session,Y,n/a (route-level auth),Y
resultapi.php,PUT,/api/result/co-scholastic-master/{id},CoScholasticMasterApiController@update,api|api.session,Y,n/a (route-level auth),Y
resultapi.php,DELETE,/api/result/co-scholastic-master/{id},CoScholasticMasterApiController@destroy,api|api.session,Y,n/a (route-level auth),Y
resultapi.php,GET,/api/result/co-scholastic/create,CoScholasticApiController@create,api|api.session,Y,n/a (route-level auth),N
resultapi.php,GET,/api/result/co-scholastic/dropdown,CoScholasticApiController@dropdown,api|api.session,Y,n/a (route-level auth),N
resultapi.php,DELETE,/api/result/co-scholastic/bulk,CoScholasticApiController@bulkDestroy,api|api.session,Y,n/a (route-level auth),N
resultapi.php,GET,/api/result/co-scholastic,CoScholasticApiController@index,api|api.session,Y,n/a (route-level auth),Y
resultapi.php,POST,/api/result/co-scholastic,CoScholasticApiController@store,api|api.session,Y,n/a (route-level auth),Y
resultapi.php,GET,/api/result/co-scholastic/{id},CoScholasticApiController@show,api|api.session,Y,n/a (route-level auth),Y
resultapi.php,PUT,/api/result/co-scholastic/{id},CoScholasticApiController@update,api|api.session,Y,n/a (route-level auth),Y
resultapi.php,DELETE,/api/result/co-scholastic/{id},CoScholasticApiController@destroy,api|api.session,Y,n/a (route-level auth),Y
resultapi.php,GET,/api/result/hpc-skillset/create,ResultSkillsetApiController@create,api|api.session,Y,n/a (route-level auth),N
resultapi.php,GET,/api/result/hpc-skillset/dropdown,ResultSkillsetApiController@dropdown,api|api.session,Y,n/a (route-level auth),N
resultapi.php,DELETE,/api/result/hpc-skillset/bulk,ResultSkillsetApiController@bulkDestroy,api|api.session,Y,n/a (route-level auth),N
resultapi.php,GET,/api/result/hpc-skillset,ResultSkillsetApiController@index,api|api.session,Y,n/a (route-level auth),Y
resultapi.php,POST,/api/result/hpc-skillset,ResultSkillsetApiController@store,api|api.session,Y,n/a (route-level auth),Y
resultapi.php,GET,/api/result/hpc-skillset/{id},ResultSkillsetApiController@show,api|api.session,Y,n/a (route-level auth),Y
resultapi.php,PUT,/api/result/hpc-skillset/{id},ResultSkillsetApiController@update,api|api.session,Y,n/a (route-level auth),Y
resultapi.php,DELETE,/api/result/hpc-skillset/{id},ResultSkillsetApiController@destroy,api|api.session,Y,n/a (route-level auth),Y
resultapi.php,GET,/api/result/hpc-activity-master/create,ResultActivityMasterApiController@create,api|api.session,Y,n/a (route-level auth),Y
resultapi.php,GET,/api/result/hpc-activity-master/activity-lists,ResultActivityMasterApiController@activityLists,api|api.session,Y,n/a (route-level auth),Y
resultapi.php,DELETE,/api/result/hpc-activity-master/sub-activity/{id},ResultActivityMasterApiController@subActivityDestroy,api|api.session,Y,n/a (route-level auth),N
resultapi.php,DELETE,/api/result/hpc-activity-master/bulk,ResultActivityMasterApiController@bulkDestroy,api|api.session,Y,n/a (route-level auth),N
resultapi.php,GET,/api/result/hpc-activity-master,ResultActivityMasterApiController@index,api|api.session,Y,n/a (route-level auth),Y
resultapi.php,POST,/api/result/hpc-activity-master,ResultActivityMasterApiController@store,api|api.session,Y,n/a (route-level auth),Y
resultapi.php,GET,/api/result/hpc-activity-master/{id},ResultActivityMasterApiController@show,api|api.session,Y,n/a (route-level auth),Y
resultapi.php,PUT,/api/result/hpc-activity-master/{id},ResultActivityMasterApiController@update,api|api.session,Y,n/a (route-level auth),Y
resultapi.php,DELETE,/api/result/hpc-activity-master/{id},ResultActivityMasterApiController@destroy,api|api.session,Y,n/a (route-level auth),Y
resultapi.php,GET,/api/result/marks-entry/create,MarksEntryApiController@create,api|api.session,Y,n/a (route-level auth),Y
resultapi.php,POST,/api/result/marks-entry/approve,MarksEntryApiController@approve,api|api.session,Y,n/a (route-level auth),Y
resultapi.php,POST,/api/result/marks-entry/marks-approval,MarksEntryApiController@marksApproval,api|api.session,Y,n/a (route-level auth),N
resultapi.php,POST,/api/result/marks-entry/marks-dd,MarksEntryApiController@marksDd,api|api.session,Y,n/a (route-level auth),N
resultapi.php,POST,/api/result/marks-entry/co-scholastic-marks-dd,MarksEntryApiController@coScholasticMarksDd,api|api.session,Y,n/a (route-level auth),N
resultapi.php,POST,/api/result/marks-entry/get-result,MarksEntryApiController@getResult,api|api.session,Y,n/a (route-level auth),N
resultapi.php,GET,/api/result/marks-entry,MarksEntryApiController@index,api|api.session,Y,n/a (route-level auth),Y
resultapi.php,POST,/api/result/marks-entry,MarksEntryApiController@store,api|api.session,Y,n/a (route-level auth),Y
resultapi.php,GET,/api/result/co-scholastic-marks-entry/create,CoScholasticMarksEntryApiController@create,api|api.session,Y,n/a (route-level auth),Y
resultapi.php,POST,/api/result/co-scholastic-marks-entry/approve,CoScholasticMarksEntryApiController@approve,api|api.session,Y,n/a (route-level auth),Y
resultapi.php,GET,/api/result/co-scholastic-marks-entry,CoScholasticMarksEntryApiController@index,api|api.session,Y,n/a (route-level auth),Y
resultapi.php,POST,/api/result/co-scholastic-marks-entry,CoScholasticMarksEntryApiController@store,api|api.session,Y,n/a (route-level auth),Y
resultapi.php,GET,/api/result/hpc-activity-entry/create,ResultActivityMarksApiController@create,api|api.session,Y,n/a (route-level auth),Y
resultapi.php,GET,/api/result/hpc-activity-entry,ResultActivityMarksApiController@index,api|api.session,Y,n/a (route-level auth),Y
resultapi.php,POST,/api/result/hpc-activity-entry,ResultActivityMarksApiController@store,api|api.session,Y,n/a (route-level auth),Y
resultapi.php,GET,/api/result/hpc-entry-v1/create,ResultActivityMarksV1ApiController@create,api|api.session,Y,n/a (route-level auth),Y
resultapi.php,GET,/api/result/hpc-entry-v1,ResultActivityMarksV1ApiController@index,api|api.session,Y,n/a (route-level auth),Y
resultapi.php,POST,/api/result/hpc-entry-v1,ResultActivityMarksV1ApiController@store,api|api.session,Y,n/a (route-level auth),Y
resultapi.php,GET,/api/result/result-template/tags,ResultTemplateApiController@tags,api|api.session,Y,n/a (route-level auth),Y
resultapi.php,GET,/api/result/result-template/dropdown,ResultTemplateApiController@dropdown,api|api.session,Y,n/a (route-level auth),N
resultapi.php,DELETE,/api/result/result-template/bulk,ResultTemplateApiController@bulkDestroy,api|api.session,Y,n/a (route-level auth),N
resultapi.php,GET,/api/result/result-template,ResultTemplateApiController@index,api|api.session,Y,n/a (route-level auth),Y
resultapi.php,POST,/api/result/result-template,ResultTemplateApiController@store,api|api.session,Y,n/a (route-level auth),Y
resultapi.php,GET,/api/result/result-template/{id},ResultTemplateApiController@show,api|api.session,Y,n/a (route-level auth),Y
resultapi.php,PUT,/api/result/result-template/{id},ResultTemplateApiController@update,api|api.session,Y,n/a (route-level auth),Y
resultapi.php,DELETE,/api/result/result-template/{id},ResultTemplateApiController@destroy,api|api.session,Y,n/a (route-level auth),Y
resultapi.php,GET,/api/result/student-result-remarks/students,StudentResultRemarksApiController@students,api|api.session,Y,n/a (route-level auth),Y
resultapi.php,GET,/api/result/student-result-remarks,StudentResultRemarksApiController@index,api|api.session,Y,n/a (route-level auth),Y
resultapi.php,POST,/api/result/student-result-remarks,StudentResultRemarksApiController@store,api|api.session,Y,n/a (route-level auth),Y
resultapi.php,GET,/api/result/approve-mobile-result/create,ApproveMobileResultApiController@create,api|api.session,Y,n/a (route-level auth),Y
resultapi.php,GET,/api/result/approve-mobile-result,ApproveMobileResultApiController@index,api|api.session,Y,n/a (route-level auth),Y
resultapi.php,POST,/api/result/approve-mobile-result,ApproveMobileResultApiController@store,api|api.session,Y,n/a (route-level auth),Y
resultapi.php,GET,/api/result/upload-result/create,UploadResultApiController@create,api|api.session,Y,n/a (route-level auth),Y
resultapi.php,GET,/api/result/upload-result,UploadResultApiController@index,api|api.session,Y,n/a (route-level auth),Y
resultapi.php,POST,/api/result/upload-result,UploadResultApiController@store,api|api.session,Y,n/a (route-level auth),Y
resultapi.php,GET,/api/result/all-results,AllResultsApiController@index,api|api.session,Y,n/a (route-level auth),Y
resultapi.php,GET,/api/result/all-results/{id},AllResultsApiController@show,api|api.session,Y,n/a (route-level auth),Y
resultapi.php,GET,/api/result/personalize-marks,ResultLookupApiController@personalizeMarks,api|api.session,Y,n/a (route-level auth),N
resultapi.php,GET,/api/result/pal-marks,ResultLookupApiController@palMarks,api|api.session,Y,n/a (route-level auth),N
resultapi.php,GET,/api/result/map-value,ResultLookupApiController@mapValue,api|api.session,Y,n/a (route-level auth),N
resultapi.php,GET,/api/result/current-result,ResultLookupApiController@currentResult,api|api.session,Y,n/a (route-level auth),N
resultapi.php,GET,/api/result/result-report,ResultReportApiController@index,api|api.session,Y,n/a (route-level auth),Y
resultapi.php,POST,/api/result/result-report/show,ResultReportApiController@show,api|api.session,Y,n/a (route-level auth),Y
resultapi.php,GET,/api/result/result-report/standardwise-subjects,ResultReportApiController@standardwiseSubjects,api|api.session,Y,n/a (route-level auth),Y
resultapi.php,GET,/api/result/result-report/download-overall-excel,ResultReportApiController@downloadOverallExcel,api|api.session,Y,n/a (route-level auth),Y
resultapi.php,GET,/api/result/student-result/create,StudentResultApiController@create,api|api.session,Y,n/a (route-level auth),Y
resultapi.php,POST,/api/result/student-result/save-html,StudentResultApiController@saveHtml,api|api.session,Y,n/a (route-level auth),Y
resultapi.php,GET,/api/result/student-result,StudentResultApiController@index,api|api.session,Y,n/a (route-level auth),Y
resultapi.php,POST,/api/result/student-result,StudentResultApiController@store,api|api.session,Y,n/a (route-level auth),Y
resultapi.php,GET,/api/result/classwise-grade-report/create,ClasswiseGradeReportApiController@create,api|api.session,Y,n/a (route-level auth),Y
resultapi.php,GET,/api/result/classwise-grade-report/exam-create-names,ClasswiseGradeReportApiController@examCreateNames,api|api.session,Y,n/a (route-level auth),Y
resultapi.php,GET,/api/result/classwise-grade-report,ClasswiseGradeReportApiController@index,api|api.session,Y,n/a (route-level auth),Y
resultapi.php,GET,/api/result/cbse-1t5-result,Cbse1t5ResultApiController@index,api|api.session,Y,n/a (route-level auth),N
resultapi.php,POST,/api/result/cbse-1t5-result/show,Cbse1t5ResultApiController@show,api|api.session,Y,n/a (route-level auth),N
resultapi.php,POST,/api/result/cbse-1t5-result/save-html,Cbse1t5ResultApiController@saveHtml,api|api.session,Y,n/a (route-level auth),N
resultapi.php,POST,/api/result/cbse-1t5-result/pdf,Cbse1t5ResultApiController@pdf,api|api.session,Y,n/a (route-level auth),N
resultapi.php,GET,/api/result/cbse-1t5-t2-result,Cbse1t5T2ResultApiController@index,api|api.session,Y,n/a (route-level auth),N
resultapi.php,POST,/api/result/cbse-1t5-t2-result/show,Cbse1t5T2ResultApiController@show,api|api.session,Y,n/a (route-level auth),N
resultapi.php,GET,/api/result/cbse-11-t2-result,Cbse11T2ResultApiController@index,api|api.session,Y,n/a (route-level auth),N
resultapi.php,POST,/api/result/cbse-11-t2-result/show,Cbse11T2ResultApiController@show,api|api.session,Y,n/a (route-level auth),N
resultapi.php,GET,/api/result/wrt-report,WrtReportApiController@index,api|api.session,Y,n/a (route-level auth),N
resultapi.php,POST,/api/result/wrt-report/show,WrtReportApiController@show,api|api.session,Y,n/a (route-level auth),N
resultapi.php,GET,/api/result/wrt-progress-report,WrtProgressReportApiController@index,api|api.session,Y,n/a (route-level auth),N
resultapi.php,POST,/api/result/wrt-progress-report/show,WrtProgressReportApiController@show,api|api.session,Y,n/a (route-level auth),N
resultapi.php,GET,/api/result/overall-mark-report,OverallMarkReportApiController@index,api|api.session,Y,n/a (route-level auth),N
resultapi.php,POST,/api/result/overall-mark-report/show,OverallMarkReportApiController@show,api|api.session,Y,n/a (route-level auth),N
resultapi.php,GET,/api/result/dropdowns/standards,DropdownApiController@standards,api|api.session,Y,n/a (route-level auth),N
resultapi.php,GET,/api/result/dropdowns/divisions,DropdownApiController@divisions,api|api.session,Y,n/a (route-level auth),N
resultapi.php,GET,/api/result/dropdowns/subjects,DropdownApiController@subjects,api|api.session,Y,n/a (route-level auth),N
resultapi.php,GET,/api/result/dropdowns/all-subjects,DropdownApiController@allSubjects,api|api.session,Y,n/a (route-level auth),N
resultapi.php,GET,/api/result/dropdowns/exam-names,DropdownApiController@examNames,api|api.session,Y,n/a (route-level auth),N
resultapi.php,GET,/api/result/dropdowns/exam-masters,DropdownApiController@examMasters,api|api.session,Y,n/a (route-level auth),N
resultapi.php,GET,/api/result/dropdowns/subjects-by-create-exam,DropdownApiController@subjectsByCreateExam,api|api.session,Y,n/a (route-level auth),N
resultapi.php,GET,/api/result/dropdowns/exams-by-create-exam,DropdownApiController@examsByCreateExam,api|api.session,Y,n/a (route-level auth),N
resultapi.php,GET,/api/result/dropdowns/chapters,DropdownApiController@chapters,api|api.session,Y,n/a (route-level auth),N
resultapi.php,GET,/api/result/dropdowns/topics,DropdownApiController@topics,api|api.session,Y,n/a (route-level auth),N
resultapi.php,GET,/api/result/dropdowns/exams,DropdownApiController@exams,api|api.session,Y,n/a (route-level auth),N
resultapi.php,GET,/api/result/dropdowns/co-scholastic-parents,DropdownApiController@coScholasticParents,api|api.session,Y,n/a (route-level auth),N
resultapi.php,GET,/api/result/dropdowns/co-scholastics,DropdownApiController@coScholastics,api|api.session,Y,n/a (route-level auth),N
resultapi.php,GET,/api/result/dropdowns/activity-masters,DropdownApiController@activityMasters,api|api.session,Y,n/a (route-level auth),N
settings.php,RESOURCE,/settings/smtp_setting,App\Http\Controllers\settings\smtpController,web|session|menu|logRoute|check_permissions,Y,n/a (route-level auth),Y
settings.php,RESOURCE,/settings/biomatrix,App\Http\Controllers\settings\biomatrixController,web|session|menu|logRoute|check_permissions,Y,n/a (route-level auth),Y
settings.php,GET,/settings/setsession,tblcustomfieldsController@setsession,web|session|menu|logRoute|check_permissions,Y,n/a (route-level auth),N
settings.php,GET,/settings/setinstitute,tblcustomfieldsController@setinstitute,web|session|menu|logRoute|check_permissions,Y,n/a (route-level auth),N
settings.php,POST,/settings/check-email,smtpController@CheckEmail,web|session|menu|logRoute|check_permissions,Y,n/a (route-level auth),N
settings.php,RESOURCE,/settings/templatemaster,App\Http\Controllers\settings\templateMasterController,web|session|menu|logRoute|check_permissions,Y,n/a (route-level auth),N
settings.php,GET,/settings/view_all_tag,templateMasterController@viewAllTag,web|session|menu|logRoute|check_permissions,Y,n/a (route-level auth),N
settings.php,RESOURCE,/settings/institute_detail,App\Http\Controllers\settings\instituteDetailController,web|session|menu|logRoute|check_permissions,Y,n/a (route-level auth),Y
settings.php,RESOURCE,/settings/manage_institute,App\Http\Controllers\settings\manageInstituteController,web|session|menu|logRoute|check_permissions,Y,n/a (route-level auth),N
settings.php,RESOURCE,/settings/announcements,App\Http\Controllers\settings\announcementController,web|session|menu|logRoute|check_permissions,Y,n/a (route-level auth),N
settings.php,GET,/settings/announcement_dashboard,announcementController@dashboardData,web|session|menu|logRoute|check_permissions,Y,n/a (route-level auth),N
settings.php,RESOURCE,/settings/master_setup,App\Http\Controllers\settings\masterSetupSelectController,web|session|menu|logRoute|check_permissions,Y,n/a (route-level auth),N
settings.php,GET,/settings/triz_skills,TrizSkillsController@triz_skills,web|session|menu|logRoute|check_permissions,Y,n/a (route-level auth),N
settings.php,RESOURCE,/settings/configurations,App\Http\Controllers\settings\configurationController,web|session|menu|logRoute|check_permissions,Y,n/a (route-level auth),N
settings.php,POST,/settings/update-rights-order,configurationController@updateMenuSortOrder,web|session|menu|logRoute|check_permissions,Y,n/a (route-level auth),N
settings.php,GET,/settings/getFeildLists,configurationController@getFeildLists,web|session|menu|logRoute|check_permissions,Y,n/a (route-level auth),N
settings.php,POST,/settings/restoreData,configurationController@restoreData,web|session|menu|logRoute|check_permissions,Y,n/a (route-level auth),N
settings.php,RESOURCE,/settings/organization_data,App\Http\Controllers\settings\organizationDetailsController,web|session|menu|logRoute|check_permissions,Y,n/a (route-level auth),Y
settings.php,GET,/settings/email_template/import_legacy,emailTemplateController@importLegacy,web|session|menu|logRoute|check_permissions,Y,n/a (route-level auth),N
settings.php,GET,/settings/email_template/preview_legacy,emailTemplateController@previewLegacy,web|session|menu|logRoute|check_permissions,Y,n/a (route-level auth),N
settings.php,GET,/settings/email_template/{id}/preview_pdf,emailTemplateController@previewPdf,web|session|menu|logRoute|check_permissions,Y,n/a (route-level auth),N
settings.php,POST,/settings/email_template/preview,emailTemplateController@preview,web|session|menu|logRoute|check_permissions,Y,n/a (route-level auth),N
settings.php,POST,/settings/email_template/send_test,emailTemplateController@sendTest,web|session|menu|logRoute|check_permissions,Y,n/a (route-level auth),N
settings.php,RESOURCE,/settings/email_template,App\Http\Controllers\communication\emailTemplateController,web|session|menu|logRoute|check_permissions,Y,n/a (route-level auth),N
settings.php,RESOURCE,/settings/add_fields,App\Http\Controllers\settings\tblcustomfieldsController,web|session|menu|logRoute,Y,n/a (route-level auth),N
settings.php,POST,/settings/add_fields/update_sort,tblcustomfieldsController@updateSortOrder,web|session|menu|logRoute,Y,n/a (route-level auth),N
skill.php,GET,/skill/matrix,SkillMatrixController@index,web|session|menu|logRoute|check_permissions,Y,n/a (route-level auth),N
skill.php,POST,/skill/matrix/save,SkillMatrixController@store,web|session|menu|logRoute|check_permissions,Y,n/a (route-level auth),N
skill.php,GET,/skill/jobrole,SkillMatrixController@JobRole,web|session|menu|logRoute|check_permissions,Y,n/a (route-level auth),N
skill.php,GET,/skill/jobdescription,SkillMatrixController@JobDescription,web|session|menu|logRoute|check_permissions,Y,n/a (route-level auth),N
skill.php,GET,/skill/assessment_library,SkillMatrixController@AssessmentLibrary,web|session|menu|logRoute|check_permissions,Y,n/a (route-level auth),N
skill.php,VIEW,/skill/gap_analysis,skill.assessment.gap_analysis,web|session|menu|logRoute|check_permissions,Y,n/a (route-level auth),N
skill.php,RESOURCE,/skill/jobroleOccupation,App\Http\Controllers\lms\library\jobOccupationController,web|session|menu|logRoute|check_permissions,Y,n/a (route-level auth),N
skill.php,RESOURCE,/skill/jobroleSkill,App\Http\Controllers\lms\library\jobroleSkillController,web|session|menu|logRoute|check_permissions,Y,n/a (route-level auth),N
skill.php,RESOURCE,/skill/jobroleTask,App\Http\Controllers\lms\library\jobroleTaskController,web|session|menu|logRoute|check_permissions,Y,n/a (route-level auth),N
student.php,RESOURCE,/student/add_student,App\Http\Controllers\student\tblstudentController,web|session|menu|logRoute|check_permissions,Y,n/a (route-level auth),Y
student.php,RESOURCE,/student/add_house,App\Http\Controllers\student\houseController,web|session|menu|logRoute|check_permissions,Y,n/a (route-level auth),Y
student.php,RESOURCE,/student/past_education,App\Http\Controllers\student\tblstudentPastEducationController,web|session|menu|logRoute|check_permissions,Y,n/a (route-level auth),N
student.php,RESOURCE,/student/student_document,App\Http\Controllers\student\tblstudentDocumentController,web|session|menu|logRoute|check_permissions,Y,n/a (route-level auth),N
student.php,RESOURCE,/student/student_infirmary,App\Http\Controllers\student\studentInfirmaryController,web|session|menu|logRoute|check_permissions,Y,n/a (route-level auth),Y
student.php,RESOURCE,/student/student_vaccination,App\Http\Controllers\student\studentVaccinationController,web|session|menu|logRoute|check_permissions,Y,n/a (route-level auth),Y
student.php,RESOURCE,/student/student_hw,App\Http\Controllers\student\studentHWController,web|session|menu|logRoute|check_permissions,Y,n/a (route-level auth),Y
student.php,RESOURCE,/student/student_health,App\Http\Controllers\student\studentHealthController,web|session|menu|logRoute|check_permissions,Y,n/a (route-level auth),Y
student.php,RESOURCE,/student/family_history,App\Http\Controllers\student\tblstudentFamilyHistoryController,web|session|menu|logRoute|check_permissions,Y,n/a (route-level auth),N
student.php,RESOURCE,/student/parent_feedback,App\Http\Controllers\student\tblstudentParentFeedbackController,web|session|menu|logRoute|check_permissions,Y,n/a (route-level auth),N
student.php,RESOURCE,/student/search_student,App\Http\Controllers\student\studentSearchController,web|session|menu|logRoute|check_permissions,Y,n/a (route-level auth),N
student.php,RESOURCE,/student/student_report,App\Http\Controllers\student\studentReportController,web|session|menu|logRoute|check_permissions,Y,n/a (route-level auth),Y
student.php,RESOURCE,/student/bulk_student_update,App\Http\Controllers\student\bulkStudentController,web|session|menu|logRoute|check_permissions,Y,n/a (route-level auth),Y
student.php,RESOURCE,/student/transfer_student,App\Http\Controllers\student\transferStudentController,web|session|menu|logRoute|check_permissions,Y,n/a (route-level auth),Y
student.php,RESOURCE,/student/student_quota,App\Http\Controllers\student\studentQuotaController,web|session|menu|logRoute|check_permissions,Y,n/a (route-level auth),Y
student.php,RESOURCE,/student/student_icard,App\Http\Controllers\student\studentIcardController,web|session|menu|logRoute|check_permissions,Y,n/a (route-level auth),Y
student.php,RESOURCE,/student/teacher_icard,App\Http\Controllers\student\teacherIcardController,web|session|menu|logRoute|check_permissions,Y,n/a (route-level auth),Y
student.php,RESOURCE,/student/student_certificate,App\Http\Controllers\student\studentCertificateController,web|session|menu|logRoute|check_permissions,Y,n/a (route-level auth),Y
student.php,RESOURCE,/student/student_certificate_report,App\Http\Controllers\student\student_certificate_reportController,web|session|menu|logRoute|check_permissions,Y,n/a (route-level auth),Y
student.php,RESOURCE,/student/student_request,App\Http\Controllers\student\studentRequestController,web|session|menu|logRoute|check_permissions,Y,n/a (route-level auth),Y
student.php,POST,/student/student_request/{id}/status,studentRequestController@updateStatus,web|session|menu|logRoute|check_permissions,Y,n/a (route-level auth),Y
student.php,GET,/student/student_request_fixed,studentRequestController@indexFixed,web|session|menu|logRoute|check_permissions,Y,n/a (route-level auth),Y
student.php,RESOURCE,/student/student_strength_report,App\Http\Controllers\student\studentStrengthReportController,web|session|menu|logRoute|check_permissions,Y,n/a (route-level auth),Y
student.php,RESOURCE,/student/student_request_report,App\Http\Controllers\student\studentRequestReportController,web|session|menu|logRoute|check_permissions,Y,n/a (route-level auth),Y
student.php,GET,/student/student_request_report_fixed/create,studentRequestReportController@createFixed,web|session|menu|logRoute|check_permissions,Y,n/a (route-level auth),Y
student.php,RESOURCE,/student/student_attendance,App\Http\Controllers\student\studentAttendanceController,web|session|menu|logRoute|check_permissions,Y,n/a (route-level auth),Y
student.php,RESOURCE,/student/student_graph_attendance,App\Http\Controllers\student\graph_attendance\student_graph_attendanceController,web|session|menu|logRoute|check_permissions,Y,n/a (route-level auth),N
student.php,RESOURCE,/student/student_fees_graph,App\Http\Controllers\student\fees_graph\student_fees_graphController,web|session|menu|logRoute|check_permissions,Y,n/a (route-level auth),N
student.php,RESOURCE,/student/student_homework,App\Http\Controllers\student\studentHomeworkController,web|session|menu|logRoute|check_permissions,Y,n/a (route-level auth),N
student.php,RESOURCE,/student/student_homework_submission,App\Http\Controllers\student\studentHomeworkSubmissionController,web|session|menu|logRoute|check_permissions,Y,n/a (route-level auth),N
student.php,RESOURCE,/student/student_fees_detail,App\Http\Controllers\student\tblstudentFeesDetailController,web|session|menu|logRoute|check_permissions,Y,n/a (route-level auth),N
student.php,RESOURCE,/student/student_tc_detail,App\Http\Controllers\student\tblstudentTcController,web|session|menu|logRoute|check_permissions,Y,n/a (route-level auth),N
student.php,RESOURCE,/student/Transport,TransportController,web|session|menu|logRoute|check_permissions,Y,n/a (route-level auth),N
student.php,RESOURCE,/student/student_transfer,App\Http\Controllers\student\studentTransferController,web|session|menu|logRoute|check_permissions,Y,n/a (route-level auth),Y
student.php,RESOURCE,/student/rollover,App\Http\Controllers\student\rollOverController,web|session|menu|logRoute|check_permissions,Y,n/a (route-level auth),Y
student.php,RESOURCE,/student/house_automation,App\Http\Controllers\student\houseAutomationController,web|session|menu|logRoute|check_permissions,Y,n/a (route-level auth),N
student.php,RESOURCE,/student/student_bulk_update,App\Http\Controllers\student\studentBulkUpdateController,web|session|menu|logRoute|check_permissions,Y,n/a (route-level auth),Y
student.php,RESOURCE,/student/student_optional_subject,App\Http\Controllers\student\studentOptionalSubjectController,web|session|menu|logRoute|check_permissions,Y,n/a (route-level auth),Y
student.php,RESOURCE,/student/anacdotal,App\Http\Controllers\student\studentAnacdotalController,web|session|menu|logRoute|check_permissions,Y,n/a (route-level auth),N
student.php,GET,/student/selected_student_view,rollOverController@selected_student_view,web|session|menu|logRoute|check_permissions,Y,n/a (route-level auth),N
student.php,POST,/student/ajax_toAcademicSections,studentTransferController@ajax_toAcademicSections,web|session|menu|logRoute|check_permissions,Y,n/a (route-level auth),N
student.php,POST,/student/ajax_toStandards,studentTransferController@ajax_toStandards,web|session|menu|logRoute|check_permissions,Y,n/a (route-level auth),N
student.php,POST,/student/ajax_toDivisions,studentTransferController@ajax_toDivisions,web|session|menu|logRoute|check_permissions,Y,n/a (route-level auth),N
student.php,GET,/student/student_homework_report_index,studentHomeworkController@studentHomeworkReportIndex,web|session|menu|logRoute|check_permissions,Y,n/a (route-level auth),N
student.php,POST,/student/delete-selected-students,studentHomeworkController@multipleDelete,web|session|menu|logRoute|check_permissions,Y,n/a (route-level auth),N
student.php,POST,/student/student_homework_report,studentHomeworkController@studentHomeworkReport,web|session|menu|logRoute|check_permissions,Y,n/a (route-level auth),Y
student.php,GET,/student/student_homework_submission_report_index,studentHomeworkSubmissionController@studentHomeworkSubmissionReportIndex,web|session|menu|logRoute|check_permissions,Y,n/a (route-level auth),N
student.php,POST,/student/student_homework_submission_report,studentHomeworkSubmissionController@studentHomeworkSubmissionReport,web|session|menu|logRoute|check_permissions,Y,n/a (route-level auth),Y
student.php,RESOURCE,/student/student_change_request_type,App\Http\Controllers\student\studentChangeRequestTypeController,web|session|menu|logRoute|check_permissions,Y,n/a (route-level auth),N
student.php,POST,/student/show_search_student,studentSearchController@searchStudent,web|session|menu|logRoute|check_permissions,Y,n/a (route-level auth),N
student.php,POST,/student/show_search_student_optional_subject,studentOptionalSubjectController@searchStudentOptionalSubject,web|session|menu|logRoute|check_permissions,Y,n/a (route-level auth),N
student.php,POST,/student/show_student_report,studentReportController@searchStudent,web|session|menu|logRoute|check_permissions,Y,n/a (route-level auth),Y
student.php,GET,/student/missing_document_report/download-bulk,FileController@downloadBulkDocuments,web|session|menu|logRoute|check_permissions,Y,n/a (route-level auth),N
student.php,RESOURCE,/student/missing_document_report,App\Http\Controllers\student\missingDocumentReportController,web|session|menu|logRoute|check_permissions,Y,n/a (route-level auth),Y
student.php,RESOURCE,/student/inactive_student_report,App\Http\Controllers\student\InactiveStudentReportController,web|session|menu|logRoute|check_permissions,Y,n/a (route-level auth),Y
student.php,GET|POST,/student/show_bulk_student,bulkStudentController@searchStudent,web|session|menu|logRoute|check_permissions,Y,n/a (route-level auth),N
student.php,POST,/student/show_student,transferStudentController@searchStudent,web|session|menu|logRoute|check_permissions,Y,n/a (route-level auth),Y
student.php,GET|POST,/student/bulk_update,bulkStudentController@bulkUpdate,web|session|menu|logRoute|check_permissions,Y,n/a (route-level auth),N
student.php,POST,/student/transfer_student,transferStudentController@transferStudent,web|session|menu|logRoute|check_permissions,Y,n/a (route-level auth),Y
student.php,POST,/student/show_student_attendance,studentAttendanceController@showStudent,web|session|menu|logRoute|check_permissions,Y,n/a (route-level auth),Y
student.php,POST,/student/save_student_attendance,studentAttendanceController@saveStudentAttendance,web|session|menu|logRoute|check_permissions,Y,n/a (route-level auth),Y
student.php,GET,/student/daywise_student_attendance,studentAttendanceController@daywiseStudentAttendance,web|session|menu|logRoute|check_permissions,Y,n/a (route-level auth),Y
student.php,POST,/student/show_daywise_student_attendance,studentAttendanceController@showDaywiseStudentAttendance,web|session|menu|logRoute|check_permissions,Y,n/a (route-level auth),Y
student.php,GET,/student/studentAttendanceChatAPI,studentAttendanceController@studentAttendanceChatAPI,web|session|menu|logRoute|check_permissions,Y,n/a (route-level auth),N
student.php,GET,/student/student_health_report,studentInfirmaryController@studentHealthReport,web|session|menu|logRoute|check_permissions,Y,n/a (route-level auth),Y
student.php,POST,/student/show_student_health_report,studentInfirmaryController@showStudentHealthReport,web|session|menu|logRoute|check_permissions,Y,n/a (route-level auth),Y
student.php,GET,/student/monthwise_student_attendance,studentAttendanceController@monthwiseStudentAttendance,web|session|menu|logRoute|check_permissions,Y,n/a (route-level auth),Y
student.php,POST,/student/show_monthwise_student_attendance,studentAttendanceController@showMonthwiseStudentAttendance,web|session|menu|logRoute|check_permissions,Y,n/a (route-level auth),Y
student.php,GET,/student/yearly_student_attendance,yearly_attendance_controller@index,web|session|menu|logRoute|check_permissions,Y,n/a (route-level auth),Y
student.php,POST,/student/yearly_student_attendance,yearly_attendance_controller@showYearlyStudentAttendance,web|session|menu|logRoute|check_permissions,Y,n/a (route-level auth),Y
student.php,POST,/student/search_student_by_lastname,studentSearchController@searchStudentLastName,web|session|menu|logRoute|check_permissions,Y,n/a (route-level auth),N
student.php,POST,/student/search_student_by_firstname,studentSearchController@searchStudentFirstName,web|session|menu|logRoute|check_permissions,Y,n/a (route-level auth),N
student.php,POST,/student/search_student_name,studentSearchController@searchStudentName,web|session|menu|logRoute|check_permissions,Y,n/a (route-level auth),N
student.php,POST,/student/search_student_id,studentSearchController@searchStudentId,web|session|menu|logRoute|check_permissions,Y,n/a (route-level auth),N
student.php,POST,/student/add_student_siblings,studentSearchController@addStudentSiblings,web|session|menu|logRoute|check_permissions,Y,n/a (route-level auth),N
student.php,POST,/student/student_icard/show_student,@,web|session|menu|logRoute|check_permissions,Y,n/a (route-level auth),N
student.php,POST,/student/teacher_icard/show_teacher,@,web|session|menu|logRoute|check_permissions,Y,n/a (route-level auth),N
student.php,GET,/student/view_samples,studentIcardController@viewSamples,web|session|menu|logRoute|check_permissions,Y,n/a (route-level auth),N
student.php,GET,/student/view_samples_user,teacherIcardController@viewSamples,web|session|menu|logRoute|check_permissions,Y,n/a (route-level auth),N
student.php,POST,/student/student_icard/show_student_icard,studentIcardController@showStudentIcard,web|session|menu|logRoute|check_permissions,Y,n/a (route-level auth),N
student.php,POST,/student/teacher_icard/show_teacher_icard,teacherIcardController@showTeacherIcard,web|session|menu|logRoute|check_permissions,Y,n/a (route-level auth),N
student.php,POST,/student/student_certificate/show_student,@,web|session|menu|logRoute|check_permissions,Y,n/a (route-level auth),N
student.php,POST,/student/student_certificate/show_student_certificate,studentCertificateController@showStudentCertificate,web|session|menu|logRoute|check_permissions,Y,n/a (route-level auth),N
student.php,GET,/student/ajax_getHomeworkSubjects,studentHomeworkController@ajax_getHomeworkSubjects,web|session|menu|logRoute|check_permissions,Y,n/a (route-level auth),N
student.php,POST,/student/destroyImage,tblstudentController@destroyImage,web|session|menu|logRoute|check_permissions,Y,n/a (route-level auth),N
student.php,POST,/student/deleteData,tblstudentController@deleteData,web|session|menu|logRoute|check_permissions,Y,n/a (route-level auth),N
student.php,GET,/student/agewise,AgeWiseReportController@index,web|session|menu|logRoute|check_permissions,Y,n/a (route-level auth),Y
student.php,GET,/ajax_getBatch,tblstudentController@ajax_getBatch,web,N,"B-jwt-valid,client-tenant",N
student.php,GET,/ajax_getOptionalSubject,tblstudentController@ajax_getOptionalSubject,web,N,"B-jwt-valid,client-tenant",N
student.php,GET,/ajax_saveData,studentCertificateController@ajax_saveData,web,N,"B-jwt-valid,client-tenant",N
student.php,POST,/studentAttendanceAPI,studentAttendanceController@studentAttendanceAPI,web,N,"B-jwt-valid,client-tenant",N
student.php,POST,/studentTeacherListAPI,studentAttendanceController@studentTeacherListAPI,web,N,"B-jwt-valid,client-tenant",N
student.php,POST,/studentHealthAPI,studentHealthController@studentHealthAPI,web,N,"B-jwt-valid,client-tenant",N
student.php,POST,/studentExamScheduleAPI,exam_scheduleController@studentExamScheduleAPI,web,N,"B-jwt-valid,client-tenant",N
student.php,POST,/studentDisciplineAPI,diciplineController@studentDisciplineAPI,web,N,"B-jwt-valid,client-tenant",N
student.php,POST,/schoolDetailAPI,schooldetailController@schoolDetailAPI,web,N,"B-jwt-valid,client-tenant",N
student.php,POST,/studentPhotoVideoGalleryAPI,photo_video_gallaryController@studentPhotoVideoGalleryAPI,web,N,"B-jwt-valid,client-tenant",N
student.php,POST,/studentLeaveApplicationAPI,leaveApplicationController@studentLeaveApplicationAPI,web,N,"B-jwt-valid,client-tenant",N
student.php,POST,/studentHostelAllocationAPI,tblhostelRoomAllocationController@studentHostelAllocationAPI,web,N,"B2-jwt-valid,session?",N
student.php,POST,/studentCertificateAPI,studentCertificateController@studentCertificateAPI,web,N,"B-jwt-valid,client-tenant",N
student.php,POST,/teacherSendSmsParentsAPI,send_sms_parents_controller@teacherSendSmsParentsAPI,web,N,"B-jwt-valid,client-tenant",N
student.php,POST,/teacherSendEmailParentsAPI,send_email_parents_controller@sendEmail,web,N,"B-jwt-valid,client-tenant",N
student.php,POST,/teacherLeaveApplicationListAPI,leaveApplicationController@teacherLeaveApplicationListAPI,web,N,"B-jwt-valid,client-tenant",N
student.php,POST,/teacherLeaveApplicationSaveAPI,leaveApplicationController@teacherLeaveApplicationSaveAPI,web,N,"B-jwt-valid,client-tenant",N
student.php,POST,/studentInfirmaryAPI,studentInfirmaryController@studentInfirmaryAPI,web,N,"B-jwt-valid,client-tenant",N
student.php,POST,/studentVaccinationAPI,studentVaccinationController@studentVaccinationAPI,web,N,"B-jwt-valid,client-tenant",N
student.php,POST,/studentHWAPI,studentHWController@studentHWAPI,web,N,"B-jwt-valid,client-tenant",N
student.php,POST,/under_development,studentReportController@underDevelopment,web|session|menu|logRoute,Y,n/a (route-level auth),N
student.php,POST,/under_development_master,studentReportController@underDevelopment,web|session|mastersetup_menu|logRoute,Y,n/a (route-level auth),N
student.php,POST,/firstpage_school,studentReportController@firstpage_school,web|session|menu|logRoute,Y,n/a (route-level auth),N
student.php,POST,/firstpage_student,studentReportController@firstpage_student,web|session|menu|logRoute,Y,n/a (route-level auth),N
student.php,POST,/firstpage_teacher,studentReportController@firstpage_teacher,web|session|menu|logRoute,Y,n/a (route-level auth),N
student.php,RESOURCE,/front_desk/parent_communication,App\Http\Controllers\front_desk\parentCommunication\parentCommunicationController,web|api.session|session|menu|logRoute,Y,n/a (route-level auth),Y
student.php,RESOURCE,/front_desk/leave_application,App\Http\Controllers\front_desk\leave_application\leaveApplicationController,web|api.session|session|menu|logRoute,Y,n/a (route-level auth),Y
student.php,RESOURCE,/front_desk/circular,App\Http\Controllers\front_desk\circular\circularController,web|api.session|session|menu|logRoute,Y,n/a (route-level auth),Y
student.php,RESOURCE,/front_desk/dicipline,App\Http\Controllers\front_desk\dicipline\diciplineController,web|api.session|session|menu|logRoute,Y,n/a (route-level auth),N
student.php,RESOURCE,/front_desk/dicipline_report,App\Http\Controllers\front_desk\dicipline_report\dicipline_reportController,web|api.session|session|menu|logRoute,Y,n/a (route-level auth),Y
student.php,RESOURCE,/front_desk/photo_video_gallary,App\Http\Controllers\front_desk\photo_video_gallary\photo_video_gallaryController,web|api.session|session|menu|logRoute,Y,n/a (route-level auth),Y
student.php,RESOURCE,/front_desk/exam_schedule,App\Http\Controllers\front_desk\exam_schedule\exam_scheduleController,web|api.session|session|menu|logRoute,Y,n/a (route-level auth),Y
student.php,RESOURCE,/front_desk/send_attachment,App\Http\Controllers\front_desk\classworkAttachmentController,web|api.session|session|menu|logRoute,Y,n/a (route-level auth),N
student.php,GET,/front_desk/circular/report,CircularReportController@index,web|api.session|session|menu|logRoute,Y,n/a (route-level auth),Y
student.php,POST,/front_desk/search_by_circular_title,circularController@searchCircularTitle,web|api.session|session|menu|logRoute,Y,n/a (route-level auth),N
student.php,POST,/front_desk/leave_application/add_leave_application,leaveApplicationController@add_leave,web,N,"B-jwt-valid,client-tenant",N
student.php,POST,/circular/fetchData,circularController@fetchData,web,N,"B-jwt-valid,client-tenant",N
student.php,POST,/circular/TeacherFetchData,circularController@TeacherFetchData,web,N,"B-jwt-valid,client-tenant",N
student.php,GET,/circular/circular-types,circularTypeApiController@index,web,N,C-NO-AUTH,Y
student.php,POST,/homework/fetchData,studentHomeworkController@fetchData,web,N,"B-jwt-valid,client-tenant",N
student.php,POST,/photo_video_gallary/fetchData,photo_video_gallaryController@fetchData,web,N,"B-jwt-valid,client-tenant",N
student.php,POST,/photo_video_gallary/TeacherFetchData,photo_video_gallaryController@TeacherFetchData,web,N,"B-jwt-valid,client-tenant",N
student.php,POST,/notificationHubAPI,tblstudentController@notificationHubAPI,web,N,"B-jwt-valid,client-tenant",N
student.php,POST,/teacherAnnoucementAPI,tblstudentController@teacherAnnoucementAPI,web,N,"B-jwt-valid,client-tenant",N
student.php,POST,/teacherHomeworkAssignmentAPI,studentHomeworkController@teacherHomeworkAssignmentAPI,web,N,"B-jwt-valid,client-tenant",N
student.php,POST,/studentHomeworkAssignmentAPI,studentHomeworkController@studentHomeworkAssignmentAPI,web,N,"B-jwt-valid,client-tenant",N
student.php,POST,/add_communicationAPI,parentCommunicationController@add_communicationAPI,web,N,"B-jwt-valid,client-tenant",N
student.php,POST,/studentSubjectAPI,studentHomeworkController@studentSubjectAPI,web,N,"B-jwt-valid,client-tenant",N
student.php,POST,/teacherStudentListAPI,tblstudentController@teacherStudentListAPI,web,N,"B-jwt-valid,client-tenant",N
student.php,POST,/allStudentListAPI,tblstudentController@allStudentListAPI,web,N,"B-jwt-valid,client-tenant",N
student.php,POST,/teacherParentcommunicationListAPI,parentCommunicationController@teacherParentcommunicationListAPI,web,N,"B-jwt-valid,client-tenant",N
student.php,POST,/teacherParentcommunicationSaveAPI,parentCommunicationController@teacherParentcommunicationSaveAPI,web,N,"B-jwt-valid,client-tenant",N
student.php,POST,/studentParentcommunicationListAPI,parentCommunicationController@studentParentcommunicationListAPI,web,N,"B-jwt-valid,client-tenant",N
student.php,GET,/ajax_checkEmailExist,tblstudentController@ajax_checkEmailExist,web,N,"B-jwt-valid,client-tenant",N
student.php,GET,/ajax_checkDivisionCapacity,tblstudentController@ajax_checkDivisionCapacity,web,N,"B-jwt-valid,client-tenant",N
student.php,GET,/ajax_StatewiseCity,tblstudentController@ajax_StatewiseCity,web,N,"B-jwt-valid,client-tenant",N
student.php,GET,/get_batch,studentAttendanceController@get_batch,web,N,"B-jwt-valid,client-tenant",Y
student.php,GET,/document_details,studentTransferController@DocumentTypeDetails,web,N,C-NO-AUTH,N
student.php,GET,/add_students,tblstudentController@index,web,N,"B-jwt-valid,client-tenant",N
student.php,POST,/add_students/store,tblstudentController@store,web,N,"B-jwt-valid,client-tenant",N
student.php,GET,/checkExists,tblstudentController@checkExists,web,N,"B-jwt-valid,client-tenant",N
student.php,GET,/dicipline_alone,diciplineController@index,web,N,"B-jwt-valid,client-tenant",N
student.php,GET,/dicipline_alone/create,diciplineController@create,web,N,"B-jwt-valid,client-tenant",N
student.php,POST,/dicipline_alone/store,diciplineController@store,web,N,"B-jwt-valid,client-tenant",N
student.php,GET,/search_students,studentSearchController@searchBydata,web,N,C-NO-AUTH,N
student.php,GET,/student/api/student_certificate/templates,StudentCertificateApiController@templates,web,N,C-NO-AUTH,Y
student.php,POST,/student/api/student_certificate/search,StudentCertificateApiController@search,web,N,C-NO-AUTH,Y
student.php,POST,/student/api/student_certificate/preview,StudentCertificateApiController@preview,web,N,C-NO-AUTH,Y
student.php,POST,/student/api/student_certificate/save,StudentCertificateApiController@save,web,N,C-NO-AUTH,Y
student.php,GET,/student/api/student_certificate/history,StudentCertificateApiController@history,web,N,C-NO-AUTH,Y
student.php,GET,/student/api/student_icard/metadata,StudentIcardApiController@metadata,web,N,C-NO-AUTH,Y
student.php,POST,/student/api/student_icard/search,StudentIcardApiController@search,web,N,C-NO-AUTH,Y
student.php,POST,/student/api/student_icard/preview,StudentIcardApiController@preview,web,N,C-NO-AUTH,Y
student.php,GET,/student/api/teacher_icard/metadata,TeacherIcardApiController@metadata,web,N,C-NO-AUTH,Y
student.php,POST,/student/api/teacher_icard/search,TeacherIcardApiController@search,web,N,C-NO-AUTH,Y
student.php,POST,/student/api/teacher_icard/preview,TeacherIcardApiController@preview,web,N,C-NO-AUTH,Y
talent_management.php,GET,/api/talent/dashboard,TalentDashboardController@index,api|api.session|staff.only,Y,n/a (route-level auth),Y
talent_management.php,GET,/api/talent/dashboard/filters,TalentDashboardController@filters,api|api.session|staff.only,Y,n/a (route-level auth),N
talent_management.php,GET,/api/job-postings,JobPostingController@index,api|api.session|staff.only,Y,n/a (route-level auth),Y
talent_management.php,POST,/api/job-postings,JobPostingController@store,api|api.session|staff.only,Y,n/a (route-level auth),Y
talent_management.php,PUT,/api/job-postings/{id},JobPostingController@update,api|api.session|staff.only,Y,n/a (route-level auth),Y
talent_management.php,DELETE,/api/job-postings/{id},JobPostingController@destroy,api|api.session|staff.only,Y,n/a (route-level auth),Y
talent_management.php,GET,/api/talent/team-overview,JobPostingController@getHiringStatus,api|api.session|staff.only,Y,n/a (route-level auth),Y
talent_management.php,POST,/api/gemini/analyze-jd,AnalyzeJDController@analyze,api|api.session|staff.only,Y,n/a (route-level auth),Y
talent_management.php,GET,/api/job-applications,JobApplicationController@index,api|api.session|staff.only,Y,n/a (route-level auth),Y
talent_management.php,GET,/api/job-applications/shortlisted,JobApplicationController@getShortlistedCandidates,api|api.session|staff.only,Y,n/a (route-level auth),N
talent_management.php,GET,/api/job-applications/candidate/{candidate_id},JobApplicationController@getCandidateApplications,api|api.session|staff.only,Y,n/a (route-level auth),N
talent_management.php,GET,/api/job-applications/{id},JobApplicationController@show,api|api.session|staff.only,Y,n/a (route-level auth),Y
talent_management.php,POST,/api/job-applications,JobApplicationController@store,api|api.session|staff.only,Y,n/a (route-level auth),Y
talent_management.php,PUT,/api/job-applications/{id},JobApplicationController@update,api|api.session|staff.only,Y,n/a (route-level auth),Y
talent_management.php,POST,/api/job-applications/{id}/status,JobApplicationController@updateStatus,api|api.session|staff.only,Y,n/a (route-level auth),Y
talent_management.php,GET,/api/candidate,CandidateController@getCandidate,api|api.session|staff.only,Y,n/a (route-level auth),Y
talent_management.php,GET,/api/candidate-pipeline,InterviewScheduleController@candidatepipeline,api|api.session|staff.only,Y,n/a (route-level auth),N
talent_management.php,GET,/api/interview-details,InterviewScheduleController@index,api|api.session|staff.only,Y,n/a (route-level auth),Y
talent_management.php,POST,/api/interview-schedules,InterviewScheduleController@store,api|api.session|staff.only,Y,n/a (route-level auth),Y
talent_management.php,PUT,/api/interview-schedules,InterviewScheduleController@customUpdate,api|api.session|staff.only,Y,n/a (route-level auth),Y
talent_management.php,PUT,/api/interview-schedules/{id},InterviewScheduleController@update,api|api.session|staff.only,Y,n/a (route-level auth),Y
talent_management.php,GET,/api/positions,InterviewController@getPositions,api|api.session|staff.only,Y,n/a (route-level auth),N
talent_management.php,GET,/api/interviewers,InterviewController@getInterviewers,api|api.session|staff.only,Y,n/a (route-level auth),N
talent_management.php,POST,/api/interviews/{id}/decision,InterviewController@recordDecision,api|api.session|staff.only,Y,n/a (route-level auth),Y
talent_management.php,GET,/api/interview-panel/list,InterviewPanelController@getInterviewPanel,api|api.session|staff.only,Y,n/a (route-level auth),Y
talent_management.php,GET,/api/interview-panel/users,InterviewPanelController@getInterviewers,api|api.session|staff.only,Y,n/a (route-level auth),Y
talent_management.php,POST,/api/interview-panel/store,InterviewPanelController@storeinterviewer,api|api.session|staff.only,Y,n/a (route-level auth),Y
talent_management.php,PUT,/api/interview-panel/update/{id},InterviewPanelController@update,api|api.session|staff.only,Y,n/a (route-level auth),Y
talent_management.php,DELETE,/api/interview-panel/delete/{id},InterviewPanelController@destroy,api|api.session|staff.only,Y,n/a (route-level auth),Y
talent_management.php,POST,/api/evaluation,FeedbackController@storeFeedback,api|api.session|staff.only,Y,n/a (route-level auth),Y
talent_management.php,GET,/api/feedback,FeedbackController@getAllFeedback,api|api.session|staff.only,Y,n/a (route-level auth),Y
talent_management.php,GET,/api/pending-feedback,FeedbackController@getPendingFeedback,api|api.session|staff.only,Y,n/a (route-level auth),Y
talent_management.php,GET,/api/feedback/{id},FeedbackController@getFeedback,api|api.session|staff.only,Y,n/a (route-level auth),Y
talent_management.php,PUT,/api/feedback/{id},FeedbackController@updateFeedback,api|api.session|staff.only,Y,n/a (route-level auth),Y
talent_management.php,DELETE,/api/feedback/{id},FeedbackController@destroy,api|api.session|staff.only,Y,n/a (route-level auth),Y
talent_management.php,POST,/api/talent-screening-results,ScreeningResultController@store,api|api.session|staff.only,Y,n/a (route-level auth),Y
talent_management.php,GET,/api/talent-screening-results/candidate/{candidate_id},ScreeningResultController@show,api|api.session|staff.only,Y,n/a (route-level auth),Y
talent_management.php,GET,/api/offers,OfferController@index,api|api.session|staff.only,Y,n/a (route-level auth),Y
talent_management.php,POST,/api/talent-offers,OfferController@store,api|api.session|staff.only,Y,n/a (route-level auth),Y
talent_management.php,POST,/api/talent-offers/{id}/reject,OfferController@reject,api|api.session|staff.only,Y,n/a (route-level auth),Y
talent_management.php,GET,/api/talent-offer-letter/{offerId},OfferController@getOfferLetter,api|api.session|staff.only,Y,n/a (route-level auth),Y
talent_management.php,GET,/api/talent-templates,OfferController@getTemplates,api|api.session|staff.only,Y,n/a (route-level auth),Y
talent_management.php,POST,/api/talent-acquisition/kpis,AcquisitionController@getKpis,api|api.session|staff.only,Y,n/a (route-level auth),N
talent_management.php,POST,/api/talent-acquisition/dropoff,AcquisitionController@getDropoff,api|api.session|staff.only,Y,n/a (route-level auth),N
talent_management.php,POST,/api/talent-acquisition/funnel,AcquisitionController@getFunnelData,api|api.session|staff.only,Y,n/a (route-level auth),Y
talent_management.php,POST,/api/talent-acquisition/requisitions,AcquisitionController@getRequisitions,api|api.session|staff.only,Y,n/a (route-level auth),Y
talent_management.php,GET,/api/onboarding/overview,OnboardingOverviewController@index,api|api.session|staff.only,Y,n/a (route-level auth),Y
talent_management.php,GET,/api/onboarding/filters,OnboardingOverviewController@filters,api|api.session|staff.only,Y,n/a (route-level auth),Y
talent_management.php,GET,/api/onboarding/journeys,OnboardingJourneyController@index,api|api.session|staff.only,Y,n/a (route-level auth),Y
talent_management.php,POST,/api/onboarding/journeys,OnboardingJourneyController@store,api|api.session|staff.only,Y,n/a (route-level auth),Y
talent_management.php,POST,/api/onboarding/journeys/from-offer/{offerId},OnboardingJourneyController@storeFromOffer,api|api.session|staff.only,Y,n/a (route-level auth),Y
talent_management.php,GET,/api/onboarding/journeys/{id},OnboardingJourneyController@show,api|api.session|staff.only,Y,n/a (route-level auth),Y
talent_management.php,PUT,/api/onboarding/journeys/{id},OnboardingJourneyController@update,api|api.session|staff.only,Y,n/a (route-level auth),Y
talent_management.php,DELETE,/api/onboarding/journeys/{id},OnboardingJourneyController@destroy,api|api.session|staff.only,Y,n/a (route-level auth),Y
talent_management.php,GET,/api/onboarding/journeys/{journeyId}/stages,OnboardingJourneyController@stages,api|api.session|staff.only,Y,n/a (route-level auth),Y
talent_management.php,PUT,/api/onboarding/stages/{id},OnboardingJourneyController@updateStage,api|api.session|staff.only,Y,n/a (route-level auth),Y
talent_management.php,POST,/api/onboarding/stages/{id}/complete,OnboardingJourneyController@completeStage,api|api.session|staff.only,Y,n/a (route-level auth),Y
talent_management.php,GET,/api/onboarding/journeys/{journeyId}/contacts,OnboardingJourneyController@contacts,api|api.session|staff.only,Y,n/a (route-level auth),Y
talent_management.php,GET,/api/onboarding/journeys/{journeyId}/timeline,OnboardingJourneyController@timeline,api|api.session|staff.only,Y,n/a (route-level auth),Y
talent_management.php,GET,/api/onboarding/workstreams,OnboardingTaskController@workstreams,api|api.session|staff.only,Y,n/a (route-level auth),Y
talent_management.php,POST,/api/onboarding/tasks/bulk,OnboardingTaskController@bulk,api|api.session|staff.only,Y,n/a (route-level auth),Y
talent_management.php,GET,/api/onboarding/tasks,OnboardingTaskController@index,api|api.session|staff.only,Y,n/a (route-level auth),Y
talent_management.php,POST,/api/onboarding/tasks,OnboardingTaskController@store,api|api.session|staff.only,Y,n/a (route-level auth),Y
talent_management.php,PUT,/api/onboarding/tasks/{id},OnboardingTaskController@update,api|api.session|staff.only,Y,n/a (route-level auth),Y
talent_management.php,POST,/api/onboarding/tasks/{id}/complete,OnboardingTaskController@complete,api|api.session|staff.only,Y,n/a (route-level auth),Y
talent_management.php,DELETE,/api/onboarding/tasks/{id},OnboardingTaskController@destroy,api|api.session|staff.only,Y,n/a (route-level auth),Y
talent_management.php,GET,/api/onboarding/journeys/{journeyId}/documents,OnboardingDocumentController@index,api|api.session|staff.only,Y,n/a (route-level auth),Y
talent_management.php,POST,/api/onboarding/journeys/{journeyId}/documents,OnboardingDocumentController@store,api|api.session|staff.only,Y,n/a (route-level auth),Y
talent_management.php,PUT|POST,/api/onboarding/documents/{id},OnboardingDocumentController@update,api|api.session|staff.only,Y,n/a (route-level auth),Y
talent_management.php,DELETE,/api/onboarding/documents/{id},OnboardingDocumentController@destroy,api|api.session|staff.only,Y,n/a (route-level auth),Y
talent_management.php,GET,/api/onboarding/journeys/{journeyId}/notes,OnboardingNoteController@index,api|api.session|staff.only,Y,n/a (route-level auth),Y
talent_management.php,POST,/api/onboarding/journeys/{journeyId}/notes,OnboardingNoteController@store,api|api.session|staff.only,Y,n/a (route-level auth),Y
talent_management.php,PUT,/api/onboarding/notes/{id},OnboardingNoteController@update,api|api.session|staff.only,Y,n/a (route-level auth),Y
talent_management.php,DELETE,/api/onboarding/notes/{id},OnboardingNoteController@destroy,api|api.session|staff.only,Y,n/a (route-level auth),Y
talent_management.php,GET,/api/onboarding/probation,OnboardingProbationController@index,api|api.session|staff.only,Y,n/a (route-level auth),Y
talent_management.php,PUT,/api/onboarding/probation/{journeyId},OnboardingProbationController@update,api|api.session|staff.only,Y,n/a (route-level auth),Y
talent_management.php,POST,/api/onboarding/probation/{journeyId}/confirm,OnboardingProbationController@confirm,api|api.session|staff.only,Y,n/a (route-level auth),Y
talent_management.php,POST,/api/onboarding/probation/{journeyId}/extend,OnboardingProbationController@extend,api|api.session|staff.only,Y,n/a (route-level auth),Y
talent_management.php,POST,/api/onboarding/probation/{journeyId}/terminate,OnboardingProbationController@terminate,api|api.session|staff.only,Y,n/a (route-level auth),Y
talent_management.php,GET,/api/performance/overview,PerformanceOverviewController@index,api|api.session|staff.only,Y,n/a (route-level auth),Y
talent_management.php,GET,/api/performance/filters,PerformanceOverviewController@filters,api|api.session|staff.only,Y,n/a (route-level auth),Y
talent_management.php,GET,/api/performance/team-comparison,PerformanceOverviewController@teamComparison,api|api.session|staff.only,Y,n/a (route-level auth),Y
talent_management.php,GET,/api/performance/timeline,PerformanceOverviewController@timeline,api|api.session|staff.only,Y,n/a (route-level auth),Y
talent_management.php,GET,/api/performance/cycles,PerformanceCycleController@index,api|api.session|staff.only,Y,n/a (route-level auth),Y
talent_management.php,POST,/api/performance/cycles,PerformanceCycleController@store,api|api.session|staff.only,Y,n/a (route-level auth),Y
talent_management.php,GET,/api/performance/cycles/{id},PerformanceCycleController@show,api|api.session|staff.only,Y,n/a (route-level auth),Y
talent_management.php,PUT,/api/performance/cycles/{id},PerformanceCycleController@update,api|api.session|staff.only,Y,n/a (route-level auth),Y
talent_management.php,DELETE,/api/performance/cycles/{id},PerformanceCycleController@destroy,api|api.session|staff.only,Y,n/a (route-level auth),Y
talent_management.php,POST,/api/performance/cycles/{id}/launch,PerformanceCycleController@launch,api|api.session|staff.only,Y,n/a (route-level auth),Y
talent_management.php,POST,/api/performance/cycles/{id}/close,PerformanceCycleController@close,api|api.session|staff.only,Y,n/a (route-level auth),Y
talent_management.php,GET,/api/performance/reviews/board,PerformanceReviewController@board,api|api.session|staff.only,Y,n/a (route-level auth),Y
talent_management.php,POST,/api/performance/reviews/bulk,PerformanceReviewController@bulk,api|api.session|staff.only,Y,n/a (route-level auth),Y
talent_management.php,GET,/api/performance/reviews,PerformanceReviewController@index,api|api.session|staff.only,Y,n/a (route-level auth),Y
talent_management.php,GET,/api/performance/reviews/{id},PerformanceReviewController@show,api|api.session|staff.only,Y,n/a (route-level auth),Y
talent_management.php,PUT,/api/performance/reviews/{id},PerformanceReviewController@update,api|api.session|staff.only,Y,n/a (route-level auth),Y
talent_management.php,DELETE,/api/performance/reviews/{id},PerformanceReviewController@destroy,api|api.session|staff.only,Y,n/a (route-level auth),Y
talent_management.php,POST,/api/performance/reviews/{id}/advance,PerformanceReviewController@advance,api|api.session|staff.only,Y,n/a (route-level auth),Y
talent_management.php,POST,/api/performance/reviews/{id}/reminder,PerformanceReviewController@sendReminder,api|api.session|staff.only,Y,n/a (route-level auth),Y
talent_management.php,GET,/api/performance/reviews/{reviewId}/notes,PerformanceActivityController@notes,api|api.session|staff.only,Y,n/a (route-level auth),Y
talent_management.php,POST,/api/performance/reviews/{reviewId}/notes,PerformanceActivityController@storeNote,api|api.session|staff.only,Y,n/a (route-level auth),Y
talent_management.php,PUT,/api/performance/notes/{id},PerformanceActivityController@updateNote,api|api.session|staff.only,Y,n/a (route-level auth),Y
talent_management.php,DELETE,/api/performance/notes/{id},PerformanceActivityController@destroyNote,api|api.session|staff.only,Y,n/a (route-level auth),Y
talent_management.php,GET,/api/performance/reviews/{reviewId}/attachments,PerformanceActivityController@attachments,api|api.session|staff.only,Y,n/a (route-level auth),Y
talent_management.php,POST,/api/performance/reviews/{reviewId}/attachments,PerformanceActivityController@storeAttachment,api|api.session|staff.only,Y,n/a (route-level auth),Y
talent_management.php,DELETE,/api/performance/attachments/{id},PerformanceActivityController@destroyAttachment,api|api.session|staff.only,Y,n/a (route-level auth),Y
talent_management.php,GET,/api/performance/activity/filters,PerformanceActivityController@filters,api|api.session|staff.only,Y,n/a (route-level auth),Y
talent_management.php,GET,/api/performance/activity,PerformanceActivityController@index,api|api.session|staff.only,Y,n/a (route-level auth),Y
talent_management.php,GET,/api/performance/goals,PerformanceGoalController@index,api|api.session|staff.only,Y,n/a (route-level auth),Y
talent_management.php,POST,/api/performance/goals,PerformanceGoalController@store,api|api.session|staff.only,Y,n/a (route-level auth),Y
talent_management.php,PUT,/api/performance/goals/{id},PerformanceGoalController@update,api|api.session|staff.only,Y,n/a (route-level auth),Y
talent_management.php,DELETE,/api/performance/goals/{id},PerformanceGoalController@destroy,api|api.session|staff.only,Y,n/a (route-level auth),Y
talent_management.php,POST,/api/performance/appraisals/bulk,PerformanceAppraisalController@bulk,api|api.session|staff.only,Y,n/a (route-level auth),Y
talent_management.php,GET,/api/performance/appraisals,PerformanceAppraisalController@index,api|api.session|staff.only,Y,n/a (route-level auth),Y
talent_management.php,POST,/api/performance/appraisals,PerformanceAppraisalController@store,api|api.session|staff.only,Y,n/a (route-level auth),Y
talent_management.php,PUT,/api/performance/appraisals/{id},PerformanceAppraisalController@update,api|api.session|staff.only,Y,n/a (route-level auth),Y
talent_management.php,PUT,/api/performance/appraisals/{id}/decision,PerformanceAppraisalController@decision,api|api.session|staff.only,Y,n/a (route-level auth),Y
talent_management.php,DELETE,/api/performance/appraisals/{id},PerformanceAppraisalController@destroy,api|api.session|staff.only,Y,n/a (route-level auth),Y
talent_management.php,POST,/api/performance/compensation/bulk,PerformanceCompensationController@bulk,api|api.session|staff.only,Y,n/a (route-level auth),Y
talent_management.php,GET,/api/performance/compensation,PerformanceCompensationController@index,api|api.session|staff.only,Y,n/a (route-level auth),Y
talent_management.php,POST,/api/performance/compensation,PerformanceCompensationController@store,api|api.session|staff.only,Y,n/a (route-level auth),Y
talent_management.php,PUT,/api/performance/compensation/{id},PerformanceCompensationController@update,api|api.session|staff.only,Y,n/a (route-level auth),Y
talent_management.php,PUT,/api/performance/compensation/{id}/decision,PerformanceCompensationController@decision,api|api.session|staff.only,Y,n/a (route-level auth),Y
talent_management.php,DELETE,/api/performance/compensation/{id},PerformanceCompensationController@destroy,api|api.session|staff.only,Y,n/a (route-level auth),Y
talent_management.php,POST,/api/performance/bonus/bulk,PerformanceBonusController@bulk,api|api.session|staff.only,Y,n/a (route-level auth),Y
talent_management.php,GET,/api/performance/bonus,PerformanceBonusController@index,api|api.session|staff.only,Y,n/a (route-level auth),Y
talent_management.php,POST,/api/performance/bonus,PerformanceBonusController@store,api|api.session|staff.only,Y,n/a (route-level auth),Y
talent_management.php,PUT,/api/performance/bonus/{id},PerformanceBonusController@update,api|api.session|staff.only,Y,n/a (route-level auth),Y
talent_management.php,PUT,/api/performance/bonus/{id}/decision,PerformanceBonusController@decision,api|api.session|staff.only,Y,n/a (route-level auth),Y
talent_management.php,DELETE,/api/performance/bonus/{id},PerformanceBonusController@destroy,api|api.session|staff.only,Y,n/a (route-level auth),Y
talent_management.php,GET,/api/performance/calibration-sessions,PerformanceCalibrationController@index,api|api.session|staff.only,Y,n/a (route-level auth),Y
talent_management.php,POST,/api/performance/calibration-sessions,PerformanceCalibrationController@store,api|api.session|staff.only,Y,n/a (route-level auth),Y
talent_management.php,PUT,/api/performance/calibration-sessions/{id},PerformanceCalibrationController@update,api|api.session|staff.only,Y,n/a (route-level auth),Y
talent_management.php,DELETE,/api/performance/calibration-sessions/{id},PerformanceCalibrationController@destroy,api|api.session|staff.only,Y,n/a (route-level auth),Y
talent_management.php,GET,/api/performance/calibration-sessions/{id}/grid,PerformanceCalibrationController@grid,api|api.session|staff.only,Y,n/a (route-level auth),Y
talent_management.php,PUT,/api/performance/calibration-sessions/{id}/calibrate,PerformanceCalibrationController@calibrate,api|api.session|staff.only,Y,n/a (route-level auth),Y
talent_management.php,POST,/api/performance/calibration-sessions/{id}/lock,PerformanceCalibrationController@lock,api|api.session|staff.only,Y,n/a (route-level auth),Y
talent_management.php,GET,/api/performance/saved-views,PerformanceSavedViewController@index,api|api.session|staff.only,Y,n/a (route-level auth),Y
talent_management.php,POST,/api/performance/saved-views,PerformanceSavedViewController@store,api|api.session|staff.only,Y,n/a (route-level auth),Y
talent_management.php,PUT,/api/performance/saved-views/{id},PerformanceSavedViewController@update,api|api.session|staff.only,Y,n/a (route-level auth),Y
talent_management.php,DELETE,/api/performance/saved-views/{id},PerformanceSavedViewController@destroy,api|api.session|staff.only,Y,n/a (route-level auth),Y
talent_management.php,GET,/api/mobility/overview,MobilityOverviewController@index,api|api.session|staff.only,Y,n/a (route-level auth),Y
talent_management.php,GET,/api/mobility/filters,MobilityOverviewController@filters,api|api.session|staff.only,Y,n/a (route-level auth),Y
talent_management.php,GET,/api/mobility/jobs,MobilityJobController@index,api|api.session|staff.only,Y,n/a (route-level auth),Y
talent_management.php,POST,/api/mobility/jobs,MobilityJobController@store,api|api.session|staff.only,Y,n/a (route-level auth),Y
talent_management.php,GET,/api/mobility/jobs/{id},MobilityJobController@show,api|api.session|staff.only,Y,n/a (route-level auth),Y
talent_management.php,PUT,/api/mobility/jobs/{id},MobilityJobController@update,api|api.session|staff.only,Y,n/a (route-level auth),Y
talent_management.php,DELETE,/api/mobility/jobs/{id},MobilityJobController@destroy,api|api.session|staff.only,Y,n/a (route-level auth),Y
talent_management.php,GET,/api/mobility/applications,MobilityApplicationController@index,api|api.session|staff.only,Y,n/a (route-level auth),Y
talent_management.php,POST,/api/mobility/applications,MobilityApplicationController@store,api|api.session|staff.only,Y,n/a (route-level auth),Y
talent_management.php,PUT,/api/mobility/applications/{id},MobilityApplicationController@update,api|api.session|staff.only,Y,n/a (route-level auth),Y
talent_management.php,GET,/api/mobility/transfers,MobilityTransferController@index,api|api.session|staff.only,Y,n/a (route-level auth),Y
talent_management.php,POST,/api/mobility/transfers,MobilityTransferController@store,api|api.session|staff.only,Y,n/a (route-level auth),Y
talent_management.php,PUT,/api/mobility/transfers/{id},MobilityTransferController@update,api|api.session|staff.only,Y,n/a (route-level auth),Y
talent_management.php,GET,/api/mobility/promotions,MobilityPromotionController@index,api|api.session|staff.only,Y,n/a (route-level auth),Y
talent_management.php,POST,/api/mobility/promotions,MobilityPromotionController@store,api|api.session|staff.only,Y,n/a (route-level auth),Y
talent_management.php,PUT,/api/mobility/promotions/{id},MobilityPromotionController@update,api|api.session|staff.only,Y,n/a (route-level auth),Y
talent_management.php,GET,/api/mobility/successions,MobilitySuccessionController@index,api|api.session|staff.only,Y,n/a (route-level auth),Y
talent_management.php,POST,/api/mobility/successions,MobilitySuccessionController@store,api|api.session|staff.only,Y,n/a (route-level auth),Y
talent_management.php,PUT,/api/mobility/successions/{id},MobilitySuccessionController@update,api|api.session|staff.only,Y,n/a (route-level auth),Y
talent_management.php,DELETE,/api/mobility/successions/{id},MobilitySuccessionController@destroy,api|api.session|staff.only,Y,n/a (route-level auth),Y
talent_management.php,GET,/api/mobility/pools,MobilityTalentPoolController@index,api|api.session|staff.only,Y,n/a (route-level auth),Y
talent_management.php,POST,/api/mobility/pools,MobilityTalentPoolController@store,api|api.session|staff.only,Y,n/a (route-level auth),Y
talent_management.php,GET,/api/mobility/pools/{id}/members,MobilityTalentPoolController@members,api|api.session|staff.only,Y,n/a (route-level auth),Y
talent_management.php,POST,/api/mobility/pools/{id}/members,MobilityTalentPoolController@addMember,api|api.session|staff.only,Y,n/a (route-level auth),Y
talent_management.php,DELETE,/api/mobility/pools/{id}/members/{userId},MobilityTalentPoolController@removeMember,api|api.session|staff.only,Y,n/a (route-level auth),Y
talent_management.php,GET,/api/offboarding/overview,OffboardingController@overview,api|api.session|staff.only,Y,n/a (route-level auth),Y
talent_management.php,GET,/api/offboarding/filters,OffboardingController@filters,api|api.session|staff.only,Y,n/a (route-level auth),Y
talent_management.php,GET,/api/offboarding/cases,OffboardingController@index,api|api.session|staff.only,Y,n/a (route-level auth),Y
talent_management.php,POST,/api/offboarding/cases,OffboardingController@store,api|api.session|staff.only,Y,n/a (route-level auth),Y
talent_management.php,GET,/api/offboarding/cases/{id},OffboardingController@show,api|api.session|staff.only,Y,n/a (route-level auth),Y
talent_management.php,PUT,/api/offboarding/cases/{id},OffboardingController@update,api|api.session|staff.only,Y,n/a (route-level auth),Y
talent_management.php,POST,/api/offboarding/cases/{id}/status,OffboardingController@updateStatus,api|api.session|staff.only,Y,n/a (route-level auth),Y
talent_management.php,POST,/api/offboarding/cases/{id}/clearance,OffboardingController@updateClearance,api|api.session|staff.only,Y,n/a (route-level auth),Y
talent_management.php,POST,/api/offboarding/cases/{id}/documents,OffboardingController@updateDocuments,api|api.session|staff.only,Y,n/a (route-level auth),Y
talent_management.php,POST,/api/offboarding/cases/{id}/comments,OffboardingController@addComment,api|api.session|staff.only,Y,n/a (route-level auth),Y
talent_management.php,POST,/api/offboarding/cases/{id}/exit-interview,OffboardingController@updateExitInterview,api|api.session|staff.only,Y,n/a (route-level auth),Y
talent_management.php,DELETE,/api/offboarding/cases/{id},OffboardingController@destroy,api|api.session|staff.only,Y,n/a (route-level auth),Y
talent_management.php,GET,/api/talent/admin/workflows,AdminWorkflowController@index,api|api.session|staff.only,Y,n/a (route-level auth),Y
task_management.php,POST,/api/deadline-extension,DeadlineExtensionController@store,api|api.session|staff.only,Y,n/a (route-level auth),N
task_management.php,POST,/api/bulk-task/import,BulkTaskController@import,api|api.session|staff.only,Y,n/a (route-level auth),Y
task_management.php,GET,/api/user-skills/{userId},UserSkillController@index,api|api.session|staff.only,Y,n/a (route-level auth),Y
task_management.php,POST,/api/competency/library/jobrole-tasks,JobRoleTaskLibraryController@store,api|api.session|staff.only,Y,n/a (route-level auth),Y
task_management.php,GET,/api/competency/task-map/for-task,JobroleTaskCompetencyMapController@forTask,api|api.session|staff.only,Y,n/a (route-level auth),Y
task_management.php,POST,/api/competency/task-map,JobroleTaskCompetencyMapController@store,api|api.session|staff.only,Y,n/a (route-level auth),Y
task_management.php,GET,/api/task-management/session,SessionController@show,api|api.session|staff.only,Y,n/a (route-level auth),N
task_management.php,GET,/api/task-management/permissions,SessionController@permissions,api|api.session|staff.only|task.permission:report.view,Y,n/a (route-level auth),Y
task_management.php,POST,/api/task-management/bulk-tasks/import,BulkTaskController@import,api|api.session|staff.only,Y,n/a (route-level auth),N
task_management.php,GET,/api/task-management/statuses,TaskOptionController@statuses,api|api.session|staff.only,Y,n/a (route-level auth),Y
task_management.php,POST,/api/task-management/statuses,TaskOptionController@storeStatus,api|api.session|staff.only,Y,n/a (route-level auth),Y
task_management.php,PUT,/api/task-management/statuses/{id},TaskOptionController@updateStatus,api|api.session|staff.only,Y,n/a (route-level auth),Y
task_management.php,DELETE,/api/task-management/statuses/{id},TaskOptionController@destroyStatus,api|api.session|staff.only,Y,n/a (route-level auth),Y
task_management.php,GET,/api/task-management/priorities,TaskOptionController@priorities,api|api.session|staff.only,Y,n/a (route-level auth),Y
task_management.php,POST,/api/task-management/priorities,TaskOptionController@storePriority,api|api.session|staff.only,Y,n/a (route-level auth),Y
task_management.php,PUT,/api/task-management/priorities/{id},TaskOptionController@updatePriority,api|api.session|staff.only,Y,n/a (route-level auth),Y
task_management.php,DELETE,/api/task-management/priorities/{id},TaskOptionController@destroyPriority,api|api.session|staff.only,Y,n/a (route-level auth),Y
task_management.php,GET,/api/task-management/integrations,SessionController@integrations,api|api.session|staff.only|task.permission:report.view,Y,n/a (route-level auth),Y
task_management.php,DELETE,/api/task-management/session,SessionController@destroy,api|api.session|staff.only,Y,n/a (route-level auth),N
task_management.php,POST,/api/task-management/assignment-capacity,CapacityController@check,api|api.session|staff.only,Y,n/a (route-level auth),N
task_management.php,POST,/api/task-management/legacy-tasks,LegacyTaskController@store,api|api.session|staff.only,Y,n/a (route-level auth),N
task_management.php,POST,/api/task-management/legacy-tasks/idempotent,IdempotentTaskController@store,api|api.session|staff.only,Y,n/a (route-level auth),N
task_management.php,PUT,/api/task-management/legacy-tasks/{id},LegacyTaskController@update,api|api.session|staff.only,Y,n/a (route-level auth),N
task_management.php,PUT,/api/task-management/legacy-tasks/{id}/versioned,VersionedLegacyTaskController@update,api|api.session|staff.only,Y,n/a (route-level auth),N
task_management.php,DELETE,/api/task-management/legacy-tasks/{id},LegacyTaskController@destroy,api|api.session|staff.only,Y,n/a (route-level auth),N
task_management.php,GET,/api/task-management/notifications,NotificationController@index,api|api.session|staff.only,Y,n/a (route-level auth),N
task_management.php,PATCH,/api/task-management/notifications/read-all,NotificationController@markAllRead,api|api.session|staff.only,Y,n/a (route-level auth),N
task_management.php,PATCH,/api/task-management/notifications/{id}/read,NotificationController@markRead,api|api.session|staff.only,Y,n/a (route-level auth),N
task_management.php,GET,/api/task-management/tasks,TaskListController@index,api|api.session|staff.only,Y,n/a (route-level auth),N
task_management.php,GET,/api/task-management/search,GlobalSearchController@index,api|api.session|staff.only,Y,n/a (route-level auth),N
task_management.php,GET,/api/task-management/templates,TaskTemplateController@index,api|api.session|staff.only,Y,n/a (route-level auth),N
task_management.php,POST,/api/task-management/templates,TaskTemplateController@store,api|api.session|staff.only,Y,n/a (route-level auth),N
task_management.php,DELETE,/api/task-management/templates/{id},TaskTemplateController@destroy,api|api.session|staff.only,Y,n/a (route-level auth),N
task_management.php,GET,/api/task-management/reports/productivity,ReportController@productivity,api|api.session|staff.only|task.permission:report.view,Y,n/a (route-level auth),Y
task_management.php,GET,/api/task-management/reports/delays,ReportController@delays,api|api.session|staff.only|task.permission:report.view,Y,n/a (route-level auth),Y
task_management.php,GET,/api/task-management/audit-logs,AuditLogController@index,api|api.session|staff.only,Y,n/a (route-level auth),Y
task_management.php,GET,/api/task-management/audit-logs/export,AuditLogController@export,api|api.session|staff.only,Y,n/a (route-level auth),Y
task_management.php,GET,/api/task-management/workspace,WorkspaceController@index,api|api.session|staff.only,Y,n/a (route-level auth),Y
task_management.php,GET,/api/task-management/workspace/workload,WorkspaceController@workload,api|api.session|staff.only,Y,n/a (route-level auth),N
task_management.php,GET,/api/task-management/workspace/{id},WorkspaceController@show,api|api.session|staff.only,Y,n/a (route-level auth),Y
task_management.php,GET,/api/task-management/workspace/{id}/activity,ActivityController@index,api|api.session|staff.only,Y,n/a (route-level auth),Y
task_management.php,PUT,/api/task-management/workspace/{id},WorkspaceController@update,api|api.session|staff.only,Y,n/a (route-level auth),Y
task_management.php,DELETE,/api/task-management/workspace/{id},WorkspaceController@destroy,api|api.session|staff.only,Y,n/a (route-level auth),Y
task_management.php,PATCH,/api/task-management/workspace/{id}/approval,WorkspaceController@approve,api|api.session|staff.only,Y,n/a (route-level auth),Y
task_management.php,POST,/api/task-management/workspace/{id}/comments,WorkspaceController@comment,api|api.session|staff.only,Y,n/a (route-level auth),Y
task_management.php,GET,/api/task-management/workspace/{id}/time-entries,TaskTimeTrackingController@index,api|api.session|staff.only,Y,n/a (route-level auth),Y
task_management.php,POST,/api/task-management/workspace/{id}/time-entries/start,TaskTimeTrackingController@start,api|api.session|staff.only,Y,n/a (route-level auth),Y
task_management.php,POST,/api/task-management/workspace/{id}/time-entries/stop,TaskTimeTrackingController@stop,api|api.session|staff.only,Y,n/a (route-level auth),Y
task_management.php,GET,/api/task-management/workspace/{id}/subtasks,TaskSubtaskController@index,api|api.session|staff.only,Y,n/a (route-level auth),Y
task_management.php,POST,/api/task-management/workspace/{id}/subtasks,TaskSubtaskController@store,api|api.session|staff.only,Y,n/a (route-level auth),Y
task_management.php,PATCH,/api/task-management/workspace/{id}/subtasks/{subtask},TaskSubtaskController@toggle,api|api.session|staff.only,Y,n/a (route-level auth),Y
task_management.php,DELETE,/api/task-management/workspace/{id}/subtasks/{subtask},TaskSubtaskController@destroy,api|api.session|staff.only,Y,n/a (route-level auth),Y
task_management.php,GET,/api/task-management/workspace/{id}/recurrence,TaskRecurrenceController@show,api|api.session|staff.only,Y,n/a (route-level auth),Y
task_management.php,PUT,/api/task-management/workspace/{id}/recurrence,TaskRecurrenceController@upsert,api|api.session|staff.only,Y,n/a (route-level auth),Y
task_management.php,DELETE,/api/task-management/workspace/{id}/recurrence,TaskRecurrenceController@destroy,api|api.session|staff.only,Y,n/a (route-level auth),Y
task_management.php,GET,/api/task-management/workspace/{id}/schedule,TaskScheduleController@show,api|api.session|staff.only,Y,n/a (route-level auth),Y
task_management.php,PUT,/api/task-management/workspace/{id}/schedule,TaskScheduleController@update,api|api.session|staff.only,Y,n/a (route-level auth),Y
task_management.php,GET,/api/task-management/workspace/{id}/attachments,TaskAttachmentVersionController@index,api|api.session|staff.only,Y,n/a (route-level auth),Y
task_management.php,POST,/api/task-management/workspace/{id}/attachments,TaskAttachmentVersionController@store,api|api.session|staff.only,Y,n/a (route-level auth),Y
task_management.php,GET,/api/task-management/workspace/{id}/attachments/{version},TaskAttachmentVersionController@download,api|api.session|staff.only,Y,n/a (route-level auth),Y
task_management.php,POST,/api/task-management/workspace/{id}/attachments/{version}/restore,TaskAttachmentVersionController@restore,api|api.session|staff.only,Y,n/a (route-level auth),Y
task_management.php,GET,/api/task-management/deadline-extensions,DeadlineExtensionController@index,api|api.session|staff.only,Y,n/a (route-level auth),Y
task_management.php,POST,/api/task-management/deadline-extensions,DeadlineExtensionController@store,api|api.session|staff.only,Y,n/a (route-level auth),Y
task_management.php,PATCH,/api/task-management/deadline-extensions/{id}/decision,DeadlineExtensionController@decide,api|api.session|staff.only,Y,n/a (route-level auth),Y
task_management.php,GET,/api/task-management/dependencies,DependencyController@index,api|api.session|staff.only,Y,n/a (route-level auth),Y
task_management.php,POST,/api/task-management/dependencies,DependencyController@store,api|api.session|staff.only,Y,n/a (route-level auth),Y
task_management.php,PUT,/api/task-management/dependencies/{id},DependencyController@update,api|api.session|staff.only,Y,n/a (route-level auth),Y
task_management.php,DELETE,/api/task-management/dependencies/{id},DependencyController@destroy,api|api.session|staff.only,Y,n/a (route-level auth),Y
task_management.php,GET,/api/task-management/milestones,DependencyController@indexMilestones,api|api.session|staff.only,Y,n/a (route-level auth),N
task_management.php,POST,/api/task-management/milestones,DependencyController@storeMilestone,api|api.session|staff.only,Y,n/a (route-level auth),N
task_management.php,PUT,/api/task-management/milestones/{id},DependencyController@updateMilestone,api|api.session|staff.only,Y,n/a (route-level auth),N
task_management.php,DELETE,/api/task-management/milestones/{id},DependencyController@destroyMilestone,api|api.session|staff.only,Y,n/a (route-level auth),N
task_management.php,GET,/api/task-management/my-tasks,MyTasksController@index,api|api.session|staff.only,Y,n/a (route-level auth),Y
task_management.php,GET,/api/task-management/my-tasks/{id},MyTasksController@show,api|api.session|staff.only,Y,n/a (route-level auth),Y
task_management.php,PATCH,/api/task-management/my-tasks/{id}/status,MyTasksController@updateStatus,api|api.session|staff.only,Y,n/a (route-level auth),Y
task_management.php,GET,/api/task-management/projects/options,ProjectController@options,api|api.session|staff.only,Y,n/a (route-level auth),Y
task_management.php,GET,/api/task-management/projects,ProjectController@index,api|api.session|staff.only,Y,n/a (route-level auth),Y
task_management.php,POST,/api/task-management/projects,ProjectController@store,api|api.session|staff.only,Y,n/a (route-level auth),Y
task_management.php,GET,/api/task-management/projects/{id},ProjectController@show,api|api.session|staff.only,Y,n/a (route-level auth),Y
task_management.php,PUT,/api/task-management/projects/{id},ProjectController@update,api|api.session|staff.only,Y,n/a (route-level auth),Y
task_management.php,PATCH,/api/task-management/projects/{id}/archive,ProjectController@archive,api|api.session|staff.only,Y,n/a (route-level auth),Y
task_management.php,PUT,/api/task-management/projects/{id}/members,ProjectController@syncProjectMembers,api|api.session|staff.only,Y,n/a (route-level auth),Y
task_management.php,PUT,/api/task-management/projects/{id}/tasks,ProjectController@syncTasks,api|api.session|staff.only,Y,n/a (route-level auth),Y
task_management.php,POST,/api/task-management/projects/{id}/tasks,ProjectController@attachTask,api|api.session|staff.only,Y,n/a (route-level auth),Y
task_management.php,POST,/api/task-management/projects/{id}/workstreams,ProjectController@storeWorkstream,api|api.session|staff.only,Y,n/a (route-level auth),Y
task_management.php,PUT,/api/task-management/projects/{projectId}/workstreams/{workstreamId},ProjectController@updateWorkstream,api|api.session|staff.only,Y,n/a (route-level auth),Y
task_management.php,DELETE,/api/task-management/projects/{projectId}/workstreams/{workstreamId},ProjectController@destroyWorkstream,api|api.session|staff.only,Y,n/a (route-level auth),Y
teacherapi.php,POST,/teacher_homescreen,teacherapiController@teacher_homescreen,,N,"A2-token-bound,no-rights",N
teacherapi.php,POST,/teacherSocialCollabrativeAPI,teacherapiController@teacherSocialCollabrativeAPI,,N,"A2-token-bound,no-rights",N
teacherapi.php,POST,/add_teacherSocialCollabrativeAPI,teacherapiController@add_teacherSocialCollabrativeAPI,,N,"A2-token-bound,no-rights",N
teacherapi.php,POST,/add_teacherContentAPI,teacherapiController@add_teacherContentAPI,,N,"A2-token-bound,no-rights",N
teacherapi.php,POST,/get_teacherVirtualClassroomAPI,teacherapiController@get_teacherVirtualClassroomAPI,,N,"A2-token-bound,no-rights",N
teacherapi.php,POST,/add_teacherVirtualClassroomAPI,teacherapiController@add_teacherVirtualClassroomAPI,,N,"A2-token-bound,no-rights",N
teacherapi.php,POST,/get_teacherResourceFieldAPI,teacherapiController@get_teacherResourceFieldAPI,,N,"A2-token-bound,no-rights",N
teacherapi.php,POST,/get_teacherResourceAPI,teacherapiController@get_teacherResourceAPI,,N,"A2-token-bound,no-rights",N
teacherapi.php,POST,/add_teacherResourceAPI,teacherapiController@add_teacherResourceAPI,,N,"A2-token-bound,no-rights",N
teacherapi.php,POST,/add_teacherQuestionAnswerAPI,teacherapiController@add_teacherQuestionAnswerAPI,,N,"A2-token-bound,no-rights",N
teacherapi.php,POST,/add_teacherStudentDisciplineAPI,teacherapiController@add_teacherStudentDisciplineAPI,,N,"A2-token-bound,no-rights",N
teacherapi.php,POST,/get_teacherSubjectAPI,teacherapiController@get_teacherSubjectAPI,,N,"A2-token-bound,no-rights",N
teacherapi.php,POST,/get_teacherContentAPI,teacherapiController@get_teacherContentAPI,,N,"A2-token-bound,no-rights",N
teacherapi.php,POST,/get_teacher_timetablewiseStandard,teacherapiController@get_teacher_timetablewiseStandard,,N,"A2-token-bound,no-rights",N
teacherapi.php,POST,/get_teacher_timetablewiseSubject,teacherapiController@get_teacher_timetablewiseSubject,,N,"A2-token-bound,no-rights",N
teacherapi.php,POST,/get_teacher_timetablewiseDivision,teacherapiController@get_teacher_timetablewiseDivision,,N,"A2-token-bound,no-rights",N
teacherapi.php,POST,/add_teacherLessonPlanning,teacherapiController@add_teacherLessonPlanning,,N,"A2-token-bound,no-rights",N
teacherapi.php,POST,/add_teacherLessonPlanningExecution,teacherapiController@add_teacherLessonPlanningExecution,,N,"A2-token-bound,no-rights",N
teacherapi.php,POST,/get_teacherPTMBookingList,teacherapiController@get_teacherPTMBookingList,,N,"A2-token-bound,no-rights",N
teacherapi.php,POST,/add_teacherPTMStatus,teacherapiController@add_teacherPTMStatus,,N,"A2-token-bound,no-rights",N
teacherapi.php,POST,/get_teacherResultExamList,teacherapiController@get_teacherResultExamList,,N,"A2-token-bound,no-rights",N
teacherapi.php,POST,/get_teacherResultCoscholasticParentList,teacherapiController@get_teacherResultCoscholasticParentList,,N,"A2-token-bound,no-rights",N
teacherapi.php,POST,/get_teacherResultCoscholasticList,teacherapiController@get_teacherResultCoscholasticList,,N,"A2-token-bound,no-rights",N
teacherapi.php,POST,/add_teacherExamSchedule,teacherapiController@add_teacherExamSchedule,,N,"A2-token-bound,no-rights",N
teacherapi.php,POST,/get_teachertaskAPI,teacherapiController@get_teachertaskAPI,,N,"A2-token-bound,no-rights",N
teacherapi.php,POST,/add_teachertaskAPI,teacherapiController@add_teachertaskAPI,,N,"A2-token-bound,no-rights",N
teacherapi.php,POST,/get_teacherRequisitionAPI,teacherapiController@get_teacherRequisitionAPI,,N,"A2-token-bound,no-rights",N
teacherapi.php,POST,/add_teacherRequisitionAPI,teacherapiController@add_teacherRequisitionAPI,,N,"A2-token-bound,no-rights",N
teacherapi.php,POST,/get_teachercomplaintAPI,teacherapiController@get_teachercomplaintAPI,,N,"A2-token-bound,no-rights",N
teacherapi.php,POST,/add_teachercomplaintAPI,teacherapiController@add_teachercomplaintAPI,,N,"A2-token-bound,no-rights",N
teacherapi.php,POST,/get_teacherExamSchedule,teacherapiController@get_teacherExamSchedule,,N,"A2-token-bound,no-rights",N
teacherapi.php,POST,/get_visitorAPI,visitor_masterController@get_visitorAPI,,N,"B-jwt-valid,client-tenant",N
teacherapi.php,POST,/add_visitorAPI,visitor_masterController@store,,N,"B-jwt-valid,client-tenant",N
teacherapi.php,POST,/get_visitorTypeAPI,visitor_masterController@get_visitorTypeAPI,,N,"B-jwt-valid,client-tenant",N
tranceport.php,RESOURCE,/transportation/add_driver,App\Http\Controllers\transportation\add_driver\add_driver_controller,web|session|menu|logRoute|check_permissions,Y,n/a (route-level auth),Y
tranceport.php,RESOURCE,/transportation/add_vehicle,App\Http\Controllers\transportation\add_vehicle\add_vehicle_controller,web|session|menu|logRoute|check_permissions,Y,n/a (route-level auth),Y
tranceport.php,RESOURCE,/transportation/add_route,App\Http\Controllers\transportation\add_route\add_route_controller,web|session|menu|logRoute|check_permissions,Y,n/a (route-level auth),Y
tranceport.php,RESOURCE,/transportation/add_stop,App\Http\Controllers\transportation\add_stop\add_stop_controller,web|session|menu|logRoute|check_permissions,Y,n/a (route-level auth),Y
tranceport.php,RESOURCE,/transportation/map_route_bus,App\Http\Controllers\transportation\map_route_bus\map_route_bus_controller,web|session|menu|logRoute|check_permissions,Y,n/a (route-level auth),Y
tranceport.php,RESOURCE,/transportation/map_route_stop,App\Http\Controllers\transportation\map_route_stop\map_route_stop_controller,web|session|menu|logRoute|check_permissions,Y,n/a (route-level auth),Y
tranceport.php,RESOURCE,/transportation/map_student,App\Http\Controllers\transportation\map_student\map_student_controller,web|session|menu|logRoute|check_permissions,Y,n/a (route-level auth),Y
tranceport.php,RESOURCE,/transportation/send_late_sms,App\Http\Controllers\transportation\send_late_sms\send_late_sms_controller,web|session|menu|logRoute|check_permissions,Y,n/a (route-level auth),N
tranceport.php,RESOURCE,/transportation/van_wise_report,App\Http\Controllers\transportation\van_wise_report\van_wise_report_controller,web|session|menu|logRoute|check_permissions,Y,n/a (route-level auth),Y
tranceport.php,RESOURCE,/transportation/transport_rate,App\Http\Controllers\transportation\transport_rate\transportRateController,web|session|menu|logRoute|check_permissions,Y,n/a (route-level auth),Y
tranceport.php,RESOURCE,/transportation/transport_shift,App\Http\Controllers\transportation\add_shift\shiftController,web|session|menu|logRoute|check_permissions,Y,n/a (route-level auth),Y
tranceport.php,RESOURCE,/transportation/van_wise_students_detail_report,App\Http\Controllers\transportation\van_wise_students_detail\van_wise_students_detail_report_controller,web|session|menu|logRoute|check_permissions,Y,n/a (route-level auth),Y
tranceport.php,POST,/transportation/show_van_wise_report,van_wise_report_controller@showVanWiseReport,web|session|menu|logRoute|check_permissions,Y,n/a (route-level auth),N
tranceport.php,GET,/api/get-bus-list,AJAXController@getBusList,web,N,C-NO-AUTH,N
tranceport.php,GET,/api/get-stop-list,AJAXController@getStopList,web,N,C-NO-AUTH,N
tranceport.php,GET,/map_student/fetchData,map_student_controller@fetchData,web,N,C-NO-AUTH,N
tranceport.php,GET,/ajaxCheckRemainCapacity,map_student_controller@ajaxChackRemainCapacity,web,N,C-NO-AUTH,N
tranceport.php,DELETE,/map_student/bulk-delete,map_student_controller@destroy,web,N,C-NO-AUTH,N
tranceport.php,GET,/transportation/transportationLists/studentLists/{t_id}/{t_s_id},van_wise_students_detail_report_controller@retrieveDataByUserId,web,N,C-NO-AUTH,N
user.php,RESOURCE,/user/add_groupwise_rights,App\Http\Controllers\user\tblgroupwise_rightsController,web|session|menu|logRoute|check_permissions,Y,n/a (route-level auth),N
user.php,RESOURCE,/user/add_mobileapp_menu_rights,App\Http\Controllers\user\mobileapp_menu_rightsController,web|session|menu|logRoute|check_permissions,Y,n/a (route-level auth),N
user.php,RESOURCE,/user/add_user_past_education,App\Http\Controllers\user\tbluserPastEducationController,web|session|menu|logRoute|check_permissions,Y,n/a (route-level auth),N
user.php,RESOURCE,/user/user_profile_wise_menu_rights,App\Http\Controllers\user\tbluserProfileWiseMenuController,web|session|menu|logRoute|check_permissions,Y,n/a (route-level auth),N
user.php,RESOURCE,/user/user_contact_details,App\Http\Controllers\user\tbluserContactDetails,web|session|menu|logRoute|check_permissions,Y,n/a (route-level auth),N
user.php,GET,/user/mobile_app_menu_rights,tblmobileAppMenuRightsController@create,web|session|menu|logRoute|check_permissions,Y,n/a (route-level auth),N
user.php,POST,/user/mobile_app_menu_rights/store,tblmobileAppMenuRightsController@store,web|session|menu|logRoute|check_permissions,Y,n/a (route-level auth),N
user.php,POST,/user/mobile_app_menu_rights/update,tblmobileAppMenuRightsController@store,web|session|menu|logRoute|check_permissions,Y,n/a (route-level auth),N
user.php,GET,/user/ajax_groupwiserights,tblgroupwise_rightsController@displayGroupwiseRights,web|session|menu|logRoute|check_permissions,Y,n/a (route-level auth),N
user.php,GET,/user/ajax_pasteducation,tbluserPastEducationController@addUpdateUserPastEducation,web|session|menu|logRoute|check_permissions,Y,n/a (route-level auth),N
user.php,RESOURCE,/user/add_individual_rights,App\Http\Controllers\user\tblindividual_rightsController,web|session|menu|logRoute|check_permissions,Y,n/a (route-level auth),N
user.php,GET,/user/ajax_profileWiseUsers,tblindividual_rightsController@profileWiseUsers,web|session|menu|logRoute|check_permissions,Y,n/a (route-level auth),N
user.php,GET,/user/ajax_individualrights,tblindividual_rightsController@displayIndividualRights,web|session|menu|logRoute|check_permissions,Y,n/a (route-level auth),N
user.php,GET,/user/ajax_user_profile_wise_rights,tbluserProfileWiseMenuController@displayUserProfileWiseRights,web|session|menu|logRoute|check_permissions,Y,n/a (route-level auth),N
user.php,GET,/user/ajax_mobile_app_menu_rights,tblmobileAppMenuRightsController@displayMobileAppMenuRights,web|session|menu|logRoute|check_permissions,Y,n/a (route-level auth),N
user.php,POST,/user/add_experience/store,tbluserController@add_experience,web|session|menu|logRoute|check_permissions,Y,n/a (route-level auth),N
user.php,POST,/user/experience-detail/{id},tbluserController@experience_destroy,web|session|menu|logRoute|check_permissions,Y,n/a (route-level auth),N
user.php,RESOURCE,/user/add_user_profile,App\Http\Controllers\user\tbluserprofilemasterController,web|session|menu|logRoute|check_permissions,Y,n/a (route-level auth),Y
user.php,POST,/user/ajax_userProfile_Data_Create,tblgroupwise_rightsController@ajax_userProfile_Data_Create,web|session|menu|logRoute|check_permissions,Y,n/a (route-level auth),N
user.php,RESOURCE,/user/add_user,App\Http\Controllers\user\tbluserController,web|session|menu|logRoute|check_permissions,Y,n/a (route-level auth),Y
user.php,POST,/user/show_user_report,userReportController@searchUser,web|session|menu|logRoute|check_permissions,Y,n/a (route-level auth),N
user.php,RESOURCE,/user/user_report,App\Http\Controllers\user\userReportController,web|session|menu|logRoute|check_permissions,Y,n/a (route-level auth),Y
user.php,POST,/user/user_document/{id},tbluserController@addUserDocument,web|session|menu|logRoute|check_permissions,Y,n/a (route-level auth),Y
user.php,POST,/teacherListAPI,tbluserController@teacherListAPI,web,N,"B-jwt-valid,client-tenant",N
visitor_management.php,RESOURCE,/visitor_management/add_visitor_master,App\Http\Controllers\visitor_management\visitor_masterController,web|session|menu|logRoute|check_permissions,Y,n/a (route-level auth),Y
visitor_management.php,GET,/visitor_management/show_visitor_report,visitor_masterController@show_visitor_report,web|session|menu|logRoute|check_permissions,Y,n/a (route-level auth),Y
visitor_management.php,POST,/visitor_management/show_visitor_report_data,visitor_masterController@show_visitor_report_data,web|session|menu|logRoute|check_permissions,Y,n/a (route-level auth),N
visitor_management.php,GET,/visitor_management/get_student,visitor_masterController@getStudent,web|session|menu|logRoute|check_permissions,Y,n/a (route-level auth),N
visitor_management.php,GET,/visitor_management/sendOtpVisitor,visitor_masterController@sendOTPVisitor,web|session|menu|logRoute|check_permissions,Y,n/a (route-level auth),N
visitor_management.php,POST,/visitor_management/confirmOtp,visitor_masterController@confirmOTP,web|session|menu|logRoute|check_permissions,Y,n/a (route-level auth),N
visitor_management.php,GET,/visitor_management/add_visitor_master/create,visitor_masterController@create,web,N,"B-jwt-valid,client-tenant",Y
visitor_management.php,POST,/visitor_management/add_visitor_master,visitor_masterController@store,web,N,"B-jwt-valid,client-tenant",Y
web.php,GET,/lms/student-profile,pedagogyEngineController@buildStudentProfile,web,N,MISSING-CLASS,N
web.php,GET,/lms/forgetting-curve,pedagogyEngineController@getForgettingCurve,web,N,MISSING-CLASS,N
web.php,POST,/lms/update-forgetting-curve,pedagogyEngineController@updateForgettingCurve,web,N,MISSING-CLASS,N
web.php,GET,/lms/class-insights,pedagogyEngineController@generateClassInsights,web,N,MISSING-CLASS,N
web.php,GET,/lms/teacher-dashboard,pedagogyEngineController@teacherDashboard,web,N,MISSING-CLASS,Y
web.php,GET,/lms/knowledge-graph,pedagogyEngineController@buildKnowledgeGraph,web,N,MISSING-CLASS,N
web.php,GET,/lms/concept-prerequisites,pedagogyEngineController@getConceptPrerequisites,web,N,MISSING-CLASS,N
web.php,GET,/lms/recommend-content,pedagogyEngineController@recommendContent,web,N,MISSING-CLASS,N
web.php,POST,/lms/track-content-view,pedagogyEngineController@trackContentView,web,N,MISSING-CLASS,N
web.php,GET,/lms/pedagogy-recommendations,pedagogyEngineController@getPedagogyRecommendations,web,N,MISSING-CLASS,N
web.php,GET,/lms/adaptive-practice,assessmentQuestionController@generateAdaptivePractice,web,N,C-NO-AUTH,Y
web.php,POST,/lms/submit-practice,assessmentQuestionController@submitPractice,web,N,C-NO-AUTH,Y
web.php,GET,/lms/diagnostic-assessment,assessmentQuestionController@generateDiagnosticAssessment,web,N,C-NO-AUTH,Y
web.php,POST,/lms/submit-diagnostic-assessment,assessmentQuestionController@submitDiagnosticAssessment,web,N,C-NO-AUTH,Y
web.php,GET,/lms/chapter-gate,assessmentQuestionController@getChapterGate,web,N,C-NO-AUTH,Y
web.php,GET,/lms/practice-history,assessmentQuestionController@getPracticeHistory,web,N,C-NO-AUTH,Y
web.php,GET,/lms/spaced-repetition,assessmentQuestionController@getSpacedRepetition,web,N,C-NO-AUTH,Y
web.php,GET,/lms/pedagogy-suggested-content,PedagogyEngineController@getPedagogySuggestedContent,web,N,C-NO-AUTH,Y
web.php,POST,/lms/store-suggested-content,PedagogyEngineController@storeSuggestedContent,web,N,C-NO-AUTH,N
web.php,GET,/neo4j-test,Closure,web,N,C-NO-AUTH (closure/view),N
web.php,GET,/student-results/{stuId},Closure,web,N,C-NO-AUTH (closure/view),N
web.php,GET,/avionics-graph,GraphController@showAvionicsGraph,web,N,C-NO-AUTH,N
web.php,GET,/graph-view,Closure,web,N,C-NO-AUTH (closure/view),N
web.php,GET,/,Closure,web,N,C-NO-AUTH (closure/view),N
web.php,GET,/mobile-bridge/enter,MobileWebBridgeController@enter,web,N,C-NO-AUTH,N
web.php,GET,/whatsapp-user-details,WhatsappController@whatsapp_user_details,web|session|menu|logRoute|check_permissions,Y,n/a (route-level auth),Y
web.php,GET,/whatsapp-user-details/create,WhatsappController@whatsappUserDetailsCreate,web|session|menu|logRoute|check_permissions,Y,n/a (route-level auth),N
web.php,GET,/whatsapp-user-details/create/{id},WhatsappController@whatsappUserDetailsCreate,web|session|menu|logRoute|check_permissions,Y,n/a (route-level auth),N
web.php,POST,/whatsapp-user-details/store,WhatsappController@whatsappUserDetailsStore,web|session|menu|logRoute|check_permissions,Y,n/a (route-level auth),N
web.php,DELETE,/whatsapp-user-details/destroy/{id},WhatsappController@whatsappUserDetailsDestroy,web|session|menu|logRoute|check_permissions,Y,n/a (route-level auth),N
web.php,GET,/whatsapp-send-messages,WhatsappController@whatsapp_send_messages,web|session|menu|logRoute|check_permissions,Y,n/a (route-level auth),Y
web.php,GET,/whatsapp-send-messages/create,WhatsappController@index,web|session|menu|logRoute|check_permissions,Y,n/a (route-level auth),Y
web.php,GET,/whatsapp-send-messages/add,WhatsappController@create,web|session|menu|logRoute|check_permissions,Y,n/a (route-level auth),N
web.php,GET,/whatsapp-send-messages/create/{id},WhatsappController@whatsappSendMessageCreate,web|session|menu|logRoute|check_permissions,Y,n/a (route-level auth),Y
web.php,POST,/whatsapp-send-messages/store,WhatsappController@whatsappSendMessageStore,web|session|menu|logRoute|check_permissions,Y,n/a (route-level auth),N
web.php,POST,/whatsapp-send-reply-messages/store,WhatsappController@whatsappSendReplyMessageStore,web|session|menu|logRoute|check_permissions,Y,n/a (route-level auth),N
web.php,DELETE,/whatsapp-send-messages/destroy/{id},WhatsappController@whatsappSendMessageDestroy,web|session|menu|logRoute|check_permissions,Y,n/a (route-level auth),N
web.php,GET,/whatsapp-sent-generate-report,WhatsappController@whatsappSentGenerateReport,web|session|menu|logRoute|check_permissions,Y,n/a (route-level auth),Y
web.php,POST,/whatsapp-sent-generate-show-report,WhatsappController@whatsappSentGenerateReportDetails,web|session|menu|logRoute|check_permissions,Y,n/a (route-level auth),N
web.php,GET,/whatsapp-show-reply/{wid},WhatsappController@whatsappShowReply,web|session|menu|logRoute|check_permissions,Y,n/a (route-level auth),N
web.php,RESOURCE,/sqaa_master,App\Http\Controllers\sqaa\sqaa_controller,web|session|menu|logRoute|check_permissions,Y,n/a (route-level auth),Y
web.php,RESOURCE,/sqaa_score_report,App\Http\Controllers\sqaa\sqaaScoreReportController,web|session|menu|logRoute|check_permissions,Y,n/a (route-level auth),N
web.php,RESOURCE,/sqaa_report_master,App\Http\Controllers\sqaa\sqaaReportController,web|session|menu|logRoute|check_permissions,Y,n/a (route-level auth),N
web.php,GET,/sqaa_document_report,sqaaReportController@sqaaDocReport,web|session|menu|logRoute|check_permissions,Y,n/a (route-level auth),Y
web.php,GET,/sqaa_report_master/{id}/edit,sqaaReportController@edit,web|session|menu|logRoute|check_permissions,Y,n/a (route-level auth),N
web.php,PUT,/sqaa_report_master/{id},sqaaReportController@update,web|session|menu|logRoute|check_permissions,Y,n/a (route-level auth),N
web.php,GET,/setup-institute-details,dashboardController@setup_details,web|session|menu|logRoute|check_permissions,Y,n/a (route-level auth),Y
web.php,GET,/get-level,sqaa_controller@get_level,web|session|menu|logRoute|check_permissions,Y,n/a (route-level auth),N
web.php,GET,/gen-pdf,sqaa_controller@edit_gen_pdf,web|session|menu|logRoute|check_permissions,Y,n/a (route-level auth),N
web.php,POST,/gen-pdf-down,sqaa_controller@edit_gen_pdf,web|session|menu|logRoute|check_permissions,Y,n/a (route-level auth),N
web.php,POST,/unlink-file,sqaa_controller@unlink_file,web|session|menu|logRoute|check_permissions,Y,n/a (route-level auth),N
web.php,RESOURCE,/questionExcelDownload,App\Http\Controllers\Import\questionExcelDownloadController,web|session|menu|logRoute|check_permissions,Y,n/a (route-level auth),N
web.php,GET,/check_multilogin,loginController@check_multilogins,web|session|menu|logRoute|check_permissions,Y,n/a (route-level auth),N
web.php,GET,/import-data,ImportController@getImport,web,N,C-NO-AUTH,Y
web.php,GET,/marks-import,ImportController@Import,web,N,C-NO-AUTH,N
web.php,POST,/custom_import_parse,ImportController@customParseImport,web,N,C-NO-AUTH,N
web.php,POST,/import_parse,ImportController@parseImport,web,N,C-NO-AUTH,N
web.php,POST,/import_parse_fields,ImportController@matchFields,web,N,C-NO-AUTH,N
web.php,POST,/import_process,ImportController@processImport,web,N,C-NO-AUTH,N
web.php,ANY,/knowledge-base,dashboardController@knowledge_base,web|session,Y,n/a (route-level auth),Y
web.php,ANY,/knowledge-base-detail/{id}/{title},dashboardController@knowledge_base_detail,web|session,Y,n/a (route-level auth),N
web.php,GET,/dashboard,dashboardController@index,web|session,Y,n/a (route-level auth),Y
web.php,GET,/dashboard/communication-details,dashboardController@getCommunicationDetails,web|session,Y,n/a (route-level auth),N
web.php,RESOURCE,/norm-clature,App\Http\Controllers\normClatureController,web,N,C-NO-AUTH,N
web.php,RESOURCE,/add-institute-details,App\Http\Controllers\institute_detail,web,N,C-NO-AUTH,N
web.php,GET,/formbuilder/list,UserFormbuilderController@index,web|session,Y,n/a (route-level auth),N
web.php,GET,/formbuilder/create,UserFormbuilderController@formbuilder,web|session,Y,n/a (route-level auth),N
web.php,POST,/saveformbuild/{id?},UserFormbuilderController@saveformbuilder,web|session,Y,n/a (route-level auth),N
web.php,GET,/formbuilder/edit/{id?},UserFormbuilderController@editformbuilder,web|session,Y,n/a (route-level auth),N
web.php,GET,/formbuilder/delete/{id?},UserFormbuilderController@deleteformbuilder,web|session,Y,n/a (route-level auth),N
web.php,GET,/getformbuilder/{name?},UserFormbuilderController@getformbuilder,web,N,C-NO-AUTH,N
web.php,GET,/apiGetformbuilder/{name?},UserFormbuilderController@Apigetformbuilder,web,N,C-NO-AUTH,N
web.php,POST,/submit_form_data,UserFormbuilderController@submitFrom,web,N,C-NO-AUTH,N
web.php,GET,/view_form/{id}/{chapter_id?},UserFormbuilderController@viewForm,web,N,C-NO-AUTH,N
web.php,GET,/displayForm,UserFormbuilderController@displayFormDataRecord,web,N,C-NO-AUTH,N
web.php,GET,/chart_dashboard,dashboardController@chart,web|session,Y,n/a (route-level auth),N
web.php,GET,/schoolList,dashboardController@schoolList,web,N,C-NO-AUTH,N
web.php,GET,/siteMap,dashboardController@siteMap,web|session,Y,n/a (route-level auth),N
web.php,ANY,/login,loginController@index,web,N,C-NO-AUTH,Y
web.php,ANY,/signup,signupController@index,web,N,C-NO-AUTH,N
web.php,ANY,/superAdmin,superAdminController@index,web,N,C-NO-AUTH,N
web.php,POST,/superAdmin-store,superAdminController@store,web,N,C-NO-AUTH,N
web.php,ANY,/ajaxMenuSession,loginController@ajaxMenuSession,web,N,C-NO-AUTH,N
web.php,ANY,/logout,loginController@logout,web,N,C-NO-AUTH,N
web.php,ANY,/profileAPI,loginController@profileAPI,web,N,C-NO-AUTH,N
web.php,ANY,/tourUpdate,tourController@index,web,N,C-NO-AUTH,N
web.php,GET,/implementation,tourController@implementation,web|session,Y,n/a (route-level auth),N
web.php,GET,/Onboarding,tourController@Onboarding,web|session,Y,n/a (route-level auth),N
web.php,GET,/implementation_1,tourController@implementation_1,web|session,Y,n/a (route-level auth),N
web.php,GET,/implementation_2,tourController@implementation_2,web|session,Y,n/a (route-level auth),N
web.php,GET,/skip_implementation,tourController@skipImplementation,web|session,Y,n/a (route-level auth),N
web.php,GET,/ajax_SaveDynamicDashboardMenu,dashboardSettingController@ajax_SaveDynamicDashboardMenu,web,N,C-NO-AUTH,N
web.php,GET,/student/studentresult,TemplateResult@index,web|session|menu|logRoute|check_permissions,Y,n/a (route-level auth),N
web.php,POST,/student/studentresult_show,TemplateResult@show_result,web|session|menu|logRoute|check_permissions,Y,n/a (route-level auth),N
web.php,GET,/student/result_show/{arr?},TemplateResult@result_show,web|session|menu|logRoute|check_permissions,Y,n/a (route-level auth),N
web.php,RESOURCE,/school_setup/add_school,App\Http\Controllers\school_setup\schoolController,web|session|menu|logRoute|check_permissions,Y,n/a (route-level auth),N
web.php,RESOURCE,/school_setup/std_div_map,App\Http\Controllers\school_setup\std_divController,web|session|menu|logRoute|check_permissions,Y,n/a (route-level auth),Y
web.php,RESOURCE,/school_setup/division_capacity_master,App\Http\Controllers\school_setup\divisionCapacityMasterController,web|session|menu|logRoute|check_permissions,Y,n/a (route-level auth),Y
web.php,RESOURCE,/school_setup/subject_master,App\Http\Controllers\school_setup\subject1Controller,web|session|menu|logRoute|check_permissions,Y,n/a (route-level auth),Y
web.php,RESOURCE,/school_setup/chapter_master,App\Http\Controllers\school_setup\chapterController,web|session|menu|logRoute|check_permissions,Y,n/a (route-level auth),N
web.php,GET,/school_setup/ajax_StandardwiseSubject,chapterController@StandardwiseSubject,web|session|menu|logRoute|check_permissions,Y,n/a (route-level auth),N
web.php,RESOURCE,/school_setup/topic_master,App\Http\Controllers\school_setup\topicController,web|session|menu|logRoute|check_permissions,Y,n/a (route-level auth),N
web.php,RESOURCE,/school_setup/sub_std_map,App\Http\Controllers\school_setup\sub_std_mapController,web|session|menu|logRoute|check_permissions,Y,n/a (route-level auth),Y
web.php,RESOURCE,/school_setup/period_master,App\Http\Controllers\school_setup\periodController,web|session|menu|logRoute|check_permissions,Y,n/a (route-level auth),Y
web.php,RESOURCE,/school_setup/map_teacher,App\Http\Controllers\school_setup\mapTeacherController,web|session|menu|logRoute|check_permissions,Y,n/a (route-level auth),N
web.php,GET,/school_setup/ajax_wk_modulewise_fields,workflowController@wk_modulewise_fields,web|session|menu|logRoute|check_permissions,Y,n/a (route-level auth),N
web.php,POST,/school_setup/ajax_wk_savemail,workflowController@wk_savemail,web|session|menu|logRoute|check_permissions,Y,n/a (route-level auth),N
web.php,POST,/school_setup/ajax_wk_saveupdatequery,workflowController@wk_saveupdatequery,web|session|menu|logRoute|check_permissions,Y,n/a (route-level auth),N
web.php,POST,/school_setup/ajax_wk_savesms,workflowController@wk_savesms,web|session|menu|logRoute|check_permissions,Y,n/a (route-level auth),N
web.php,RESOURCE,/school_setup/batch_master,App\Http\Controllers\school_setup\batchController,web|session|menu|logRoute|check_permissions,Y,n/a (route-level auth),Y
web.php,POST,/school_setup/ajaxdestroybatch_master,batchController@ajaxdestroy,web|session|menu|logRoute|check_permissions,Y,n/a (route-level auth),N
web.php,GET,/school_setup/ajax_StandardwiseDivision,batchController@StandardwiseDivision,web|session|menu|logRoute|check_permissions,Y,n/a (route-level auth),N
web.php,RESOURCE,/school_setup/timetable,App\Http\Controllers\school_setup\timetableController,web|session|menu|logRoute|check_permissions,Y,n/a (route-level auth),N
web.php,GET,/school_setup/ajax_AcademicwiseStandard,timetableController@AcademicwiseStandard,web|session|menu|logRoute|check_permissions,Y,n/a (route-level auth),N
web.php,POST,/school_setup/ajax_getTimetable,timetableController@getTimetable,web|session|menu|logRoute|check_permissions,Y,n/a (route-level auth),Y
web.php,POST,/school_setup/insert_data,subject1Controller@insert_data,web|session|menu|logRoute|check_permissions,Y,n/a (route-level auth),N
web.php,RESOURCE,/school_setup/classwisetimetable,App\Http\Controllers\school_setup\classwisetimetableController,web|session|menu|logRoute|check_permissions,Y,n/a (route-level auth),Y
web.php,POST,/school_setup/ajax_getClasswiseTimetable,classwisetimetableController@getClasswiseTimetable,web|session|menu|logRoute|check_permissions|api.session,Y,n/a (route-level auth),Y
web.php,POST,/school_setup/ajax_getClasswiseTimetableApi,classwisetimetableController@getClasswiseTimetableApi,web|session|menu|logRoute|check_permissions|api.session,Y,n/a (route-level auth),Y
web.php,GET,/school_setup/ajax_Batch_Timetable,timetableController@getBatchTimetable,web|session|menu|logRoute|check_permissions,Y,n/a (route-level auth),N
web.php,GET,/school_setup/ajax_New_Standard_Div,timetableController@getNewStandardDiv,web|session|menu|logRoute|check_permissions,Y,n/a (route-level auth),N
web.php,GET,/school_setup/ajax_Delete_Timetable,timetableController@deleteTimetable,web|session|menu|logRoute|check_permissions,Y,n/a (route-level auth),N
web.php,GET,/school_setup/ajax_Mapping_Teachers,timetableController@getMappingTeachers,web|session|menu|logRoute|check_permissions,Y,n/a (route-level auth),N
web.php,POST,/school_setup/ajax_getTimetableSections,timetableController@getSectionsApi,web|session|menu|logRoute|check_permissions|api.session,Y,n/a (route-level auth),Y
web.php,POST,/school_setup/ajax_getTimetableStandards,timetableController@getStandardsApi,web|session|menu|logRoute|check_permissions|api.session,Y,n/a (route-level auth),Y
web.php,POST,/school_setup/ajax_getTimetableDivisions,timetableController@getDivisionsApi,web|session|menu|logRoute|check_permissions|api.session,Y,n/a (route-level auth),Y
web.php,POST,/school_setup/ajax_getTimetableGrid,timetableController@getTimetableGridApi,web|session|menu|logRoute|check_permissions|api.session,Y,n/a (route-level auth),Y
web.php,POST,/school_setup/ajax_saveTimetableEntry,timetableController@saveTimetableEntryApi,web|session|menu|logRoute|check_permissions|api.session,Y,n/a (route-level auth),Y
web.php,POST,/school_setup/ajax_deleteTimetableEntry,timetableController@deleteTimetableEntryApi,web|session|menu|logRoute|check_permissions|api.session,Y,n/a (route-level auth),Y
web.php,RESOURCE,/school_setup/proxy_master,App\Http\Controllers\school_setup\proxyController,web|session|menu|logRoute|check_permissions,Y,n/a (route-level auth),Y
web.php,POST,/school_setup/ajax_getproxyperiod,proxyController@getproxyperiod,web|session|menu|logRoute|check_permissions,Y,n/a (route-level auth),N
web.php,RESOURCE,/school_setup/facultywisetimetable,App\Http\Controllers\school_setup\facultywisetimetableController,web|session|menu|logRoute|check_permissions,Y,n/a (route-level auth),Y
web.php,POST,/school_setup/ajax_getFacultywiseTimetable,facultywisetimetableController@getFacultywiseTimetable,web|session|menu|logRoute|check_permissions|api.session,Y,n/a (route-level auth),N
web.php,POST,/school_setup/ajax_getFacultywiseTimetableApi,facultywisetimetableController@getFacultywiseTimetableApi,web|session|menu|logRoute|check_permissions|api.session,Y,n/a (route-level auth),Y
web.php,RESOURCE,/school_setup/proxy_report,App\Http\Controllers\school_setup\proxyReportController,web|session|menu|logRoute|check_permissions,Y,n/a (route-level auth),N
web.php,POST,/school_setup/ajax_getproxyreport,proxyReportController@getproxyreport,web|session|menu|logRoute|check_permissions,Y,n/a (route-level auth),N
web.php,RESOURCE,/school_setup/todays_proxy_report,App\Http\Controllers\school_setup\todaysproxyReportController,web|session|menu|logRoute|check_permissions,Y,n/a (route-level auth),N
web.php,RESOURCE,/school_setup/classteacher,App\Http\Controllers\school_setup\classteacherController,web|session|menu|logRoute|check_permissions,Y,n/a (route-level auth),N
web.php,RESOURCE,/school_setup/classteacherReport,App\Http\Controllers\school_setup\classteacherReportController,web|session|menu|logRoute|check_permissions,Y,n/a (route-level auth),N
web.php,RESOURCE,/school_setup/teachertransfer,App\Http\Controllers\school_setup\teachertransferController,web|session|menu|logRoute|check_permissions,Y,n/a (route-level auth),N
web.php,RESOURCE,/school_setup/teacher_daily_report,App\Http\Controllers\school_setup\teacherdailyReportController,web|session|menu|logRoute|check_permissions,Y,n/a (route-level auth),N
web.php,POST,/school_setup/ajax_getTeacherDailyReport,teacherdailyReportController@getTeacherDailyReport,web|session|menu|logRoute|check_permissions,Y,n/a (route-level auth),N
web.php,RESOURCE,/school_setup/lessonplanning,App\Http\Controllers\school_setup\lessonplanningController,web|session|menu|logRoute|check_permissions,Y,n/a (route-level auth),N
web.php,GET,/school_setup/ajax_getlp_subject,lessonplanningController@getSubjectData,web|session|menu|logRoute|check_permissions,Y,n/a (route-level auth),N
web.php,GET,/school_setup/ajax_getlp_division,lessonplanningController@getDivisionData,web|session|menu|logRoute|check_permissions,Y,n/a (route-level auth),N
web.php,RESOURCE,/school_setup/lessonplanningReport,App\Http\Controllers\school_setup\lessonplanningReportController,web|session|menu|logRoute|check_permissions,Y,n/a (route-level auth),Y
web.php,GET,/school_setup/google-analytics-summary,@,web|session|menu|logRoute|check_permissions,Y,n/a (route-level auth),N
web.php,GET,/school_setup/optional_subject,subjectElectiveController@getOptionalSubject,web|session|menu|logRoute|check_permissions,Y,n/a (route-level auth),N
web.php,RESOURCE,/school_setup/document_standard_mapping,App\Http\Controllers\school_setup\docStdMappingController,web|session|menu|logRoute|check_permissions,Y,n/a (route-level auth),N
web.php,POST,/get_proxy_master,proxyController@getproxydata,web,N,"B-jwt-valid,client-tenant",N
web.php,GET,/school_setup/ajax_getTeacherDailyDetailsReport,teacherdailyReportController@getTeacherDailyDetailsReport,web,N,C-NO-AUTH,N
web.php,POST,/teacherTimetableAPI,facultywisetimetableController@teacherTimetableAPI,web,N,"B-jwt-valid,client-tenant",N
web.php,POST,/studentTimetableAPI,classwisetimetableController@studentTimetableAPI,web,N,"B-jwt-valid,client-tenant",N
web.php,GET,/ajax_load_rightSideMenu,AJAXController@ajax_load_rightSideMenu,web,N,C-NO-AUTH,N
web.php,GET,/ajax_load_helpguide,AJAXController@ajax_load_helpguide,web,N,C-NO-AUTH,N
web.php,POST,/ajax_sendmail,AJAXController@ajax_sendmail,web,N,C-NO-AUTH,N
web.php,POST,/collectsct,AJAXController@collectsct,web,N,C-NO-AUTH,N
web.php,GET,/studentLists,AJAXController@studentLists,web,N,C-NO-AUTH,N
web.php,GET,/ckeditor/create,CkeditorFileUploadController@create,web,N,C-NO-AUTH,N
web.php,POST,/ckeditor,CkeditorFileUploadController@store,web,N,C-NO-AUTH,N
web.php,GET,/forget-password,ForgotPasswordController@showForgetPasswordForm,web,N,C-NO-AUTH,Y
web.php,POST,/forget-password,ForgotPasswordController@submitForgetPasswordForm,web,N,C-NO-AUTH,Y
web.php,GET,/reset-password/{token}/{email},ForgotPasswordController@showResetPasswordForm,web,N,C-NO-AUTH,N
web.php,POST,/reset-password,ForgotPasswordController@submitResetPasswordForm,web,N,C-NO-AUTH,N
web.php,POST,/NewLMS_temp_signup,NewLMS_ApiController@NewLMS_temp_signup,web,N,C-NO-AUTH,N
web.php,POST,/NewLMS_signup,NewLMS_ApiController@NewLMS_signup,web,N,C-NO-AUTH,N
web.php,GET,/Resend_otp,NewLMS_ApiController@Resend_otp,web,N,C-NO-AUTH,N
web.php,POST,/preload-institute,NewLMS_ApiController@Preload_institute,web,N,C-NO-AUTH,N
web.php,POST,/add-institute,NewLMS_ApiController@add_institute,web,N,C-NO-AUTH,N
web.php,POST,/NewLMS_temp_signup_student,NewLMS_StudentApiController@NewLMS_temp_signup_student,web,N,C-NO-AUTH,N
web.php,POST,/NewLMS_signup_student,NewLMS_StudentApiController@NewLMS_signup_student,web,N,C-NO-AUTH,N
web.php,GET,/get_trizStandard,signupController@get_trizStandard,web,N,C-NO-AUTH,N
web.php,POST,/searching_menu,AJAXController@searchMenu,web,N,C-NO-AUTH,N
web.php,POST,/get_search_url,AJAXController@get_search_url,web,N,C-NO-AUTH,N
web.php,GET,/send_birthday_notification,send_birthday_notification_controller@send_birthday_notification,web,N,C-NO-AUTH,N
web.php,GET,/questionReport,questionWiseReportController@index,web,N,C-NO-AUTH,N
web.php,POST,/show_question_wise_report,questionWiseReportController@show_question_wise_report,web,N,C-NO-AUTH,Y
web.php,GET,/download_create_result,MarkUploadController@index,web,N,MISSING-CLASS,N
web.php,POST,/generate_create_result_excel,MarkUploadController@create,web,N,MISSING-CLASS,N
web.php,GET,/upload_create_result,MarkUploadController@store,web,N,MISSING-CLASS,N
web.php,GET,/fetch_payment_status,online_fees_collect_controller@razorpay_fetch_payment_status,web|session|check_permissions,Y,n/a (route-level auth),N
web.php,GET,/icici_fetch_payment_status,online_fees_collect_controller@icici_fetch_payment_status,web|session|check_permissions,Y,n/a (route-level auth),N
web.php,GET,/hdfc_fetch_payment_status,online_fees_collect_controller@hdfc_fetch_payment_status,web|session|check_permissions,Y,n/a (route-level auth),N
web.php,GET,/payphi_fetch_payment_status,online_fees_collect_controller@payphi_fetch_payment_status,web|session|check_permissions,Y,n/a (route-level auth),N
web.php,GET,/orange_pg_fetch_payment_status,online_fees_collect_controller@orange_pg_fetch_payment_status,web|session|check_permissions,Y,n/a (route-level auth),N
web.php,RESOURCE,/leave-type,App\Http\Controllers\leave\LeaveTypeController,web|session|menu|logRoute|check_permissions,Y,n/a (route-level auth),Y
web.php,RESOURCE,/holiday,App\Http\Controllers\leave\HolidayController,web|session|menu|logRoute|check_permissions,Y,n/a (route-level auth),Y
web.php,RESOURCE,/leave-apply,App\Http\Controllers\leave\ApplyLeaveController,web|session|menu|logRoute|check_permissions,Y,n/a (route-level auth),Y
web.php,POST,/get-employees,ApplyLeaveController@getEmployees,web|session|menu|logRoute|check_permissions,Y,n/a (route-level auth),N
web.php,GET,/my-leave,ApplyLeaveController@myLeave,web|session|menu|logRoute|check_permissions,Y,n/a (route-level auth),Y
web.php,POST,/my-leave-update,ApplyLeaveController@updateLeave,web|session|menu|logRoute|check_permissions,Y,n/a (route-level auth),N
web.php,GET,/get-leave,ApplyLeaveController@getYearwiseleave,web|session|menu|logRoute|check_permissions,Y,n/a (route-level auth),N
web.php,GET,/import-leave,ApplyLeaveController@importLeave,web|session|menu|logRoute|check_permissions,Y,n/a (route-level auth),N
web.php,POST,/import-leave,ApplyLeaveController@importOldLeave,web|session|menu|logRoute|check_permissions,Y,n/a (route-level auth),N
web.php,GET,/holiday.weekdays,HolidayController@getWeekdays,web|session|menu|logRoute|check_permissions,Y,n/a (route-level auth),N
web.php,POST,/holiday.weekdays,HolidayController@storeWeekdays,web|session|menu|logRoute|check_permissions,Y,n/a (route-level auth),N
web.php,GET,/getHolidays,ApplyLeaveController@getHolidays,web|session|menu|logRoute|check_permissions,Y,n/a (route-level auth),N
web.php,RESOURCE,/leave-authorisation,App\Http\Controllers\leave\LeaveAuthorisationController,web|session|menu|logRoute|check_permissions,Y,n/a (route-level auth),Y
web.php,POST,/show-leave-authorisation,LeaveAuthorisationController@leaveAuthorisation,web|session|menu|logRoute|check_permissions,Y,n/a (route-level auth),N
web.php,POST,/leave-authorisation-store,LeaveAuthorisationController@leaveAuthorisationStore,web|session|menu|logRoute|check_permissions,Y,n/a (route-level auth),N
web.php,GET,/leave-report,LeaveReportController@leaveReport,web|session|menu|logRoute|check_permissions,Y,n/a (route-level auth),N
web.php,POST,/leave-report-show,LeaveReportController@leaveReportShow,web|session|menu|logRoute|check_permissions,Y,n/a (route-level auth),N
web.php,POST,/get-emp-list,LeaveReportController@getEmpLists,web|session|menu|logRoute|check_permissions,Y,n/a (route-level auth),N
web.php,GET,/leave-summary-report,LeaveSummaryReportController@leaveSummaryReport,web|session|menu|logRoute|check_permissions,Y,n/a (route-level auth),N
web.php,POST,/leave-summary-report-show,LeaveSummaryReportController@leaveSummaryReportShow,web|session|menu|logRoute|check_permissions,Y,n/a (route-level auth),N
web.php,POST,/emp-list,LeaveSummaryReportController@EmpLists,web|session|menu|logRoute|check_permissions,Y,n/a (route-level auth),N
web.php,GET,/leave-summary-report/create,LeaveSummaryReportController@leaveSummaryReportShow,web|session|menu|logRoute|check_permissions,Y,n/a (route-level auth),N
web.php,GET,/leave-list,LeaveSummaryReportController@leaveLists,web|session|menu|logRoute|check_permissions,Y,n/a (route-level auth),N
web.php,RESOURCE,/books,App\Http\Controllers\library\BookController,web|session|menu|logRoute|check_permissions,Y,n/a (route-level auth),Y
web.php,POST,/books/check-title,BookController@checkTitle,web|session|menu|logRoute|check_permissions,Y,n/a (route-level auth),Y
web.php,RESOURCE,/Lost_and_Damage,App\Http\Controllers\library\LostandDamage,web|session|menu|logRoute|check_permissions,Y,n/a (route-level auth),Y
web.php,RESOURCE,/item_verification_status,App\Http\Controllers\library\itemVerificationController,web|session|menu|logRoute|check_permissions,Y,n/a (route-level auth),N
web.php,RESOURCE,/scan_books,App\Http\Controllers\library\itemScanController,web|session|menu|logRoute|check_permissions,Y,n/a (route-level auth),Y
web.php,GET,/scan_books_remarks,itemScanController@remarksIndex,web|session|menu|logRoute|check_permissions,Y,n/a (route-level auth),Y
web.php,POST,/scan_books_remarks/store,itemScanController@remarksStore,web|session|menu|logRoute|check_permissions,Y,n/a (route-level auth),Y
web.php,GET,/verified_book_report,itemScanController@verifiedReport,web|session|menu|logRoute|check_permissions,Y,n/a (route-level auth),Y
web.php,GET,/verified_book_report_pending,itemScanController@verifyPendingReport,web|session|menu|logRoute|check_permissions,Y,n/a (route-level auth),Y
web.php,GET,/books/{id}/barcode,BookController@generateBarcode,web|session|menu|logRoute|check_permissions,Y,n/a (route-level auth),Y
web.php,GET,/books/{id}/reutrn,BookController@returnBook,web|session|menu|logRoute|check_permissions,Y,n/a (route-level auth),Y
web.php,POST,/books/issue,BookController@issueBook,web|session|menu|logRoute|check_permissions,Y,n/a (route-level auth),N
web.php,GET,/books.circulation,BookController@circulation,web|session|menu|logRoute|check_permissions,Y,n/a (route-level auth),N
web.php,GET,/books/{id}/item,BookController@item,web|session|menu|logRoute|check_permissions,Y,n/a (route-level auth),Y
web.php,DELETE,/books/{id}/item/delete,BookController@deleteItem,web|session|menu|logRoute|check_permissions,Y,n/a (route-level auth),Y
web.php,GET,/quick_return,BookController@QuickReturn,web|session|menu|logRoute|check_permissions,Y,n/a (route-level auth),Y
web.php,POST,/quick_return,BookController@QuickReturnSearch,web|session|menu|logRoute|check_permissions,Y,n/a (route-level auth),Y
web.php,GET,/check_issue,BookController@checkIssue,web|session|menu|logRoute|check_permissions,Y,n/a (route-level auth),N
web.php,GET,/check_item_availability,BookController@checkItemAvailability,web|session|menu|logRoute|check_permissions,Y,n/a (route-level auth),N
web.php,GET,/all_book_lists,BookController@allBookLists,web|session|menu|logRoute|check_permissions,Y,n/a (route-level auth),N
web.php,RESOURCE,/library_report,App\Http\Controllers\library\LibraryReportController,web|session|menu|logRoute|check_permissions,Y,n/a (route-level auth),Y
web.php,POST,/show_library_report,LibraryReportController@show_library_report,web|session|menu|logRoute|check_permissions,Y,n/a (route-level auth),Y
web.php,GET,/book_issue_report,LibraryReportController@bookIssueDueReport,web|session|menu|logRoute|check_permissions,Y,n/a (route-level auth),Y
web.php,POST,/book_issue_report,LibraryReportController@bookIssueDueReportCreate,web|session|menu|logRoute|check_permissions,Y,n/a (route-level auth),Y
web.php,GET,/print_barcode,LibraryReportController@PrintBarcode,web|session|menu|logRoute|check_permissions,Y,n/a (route-level auth),Y
web.php,POST,/print_barcode,LibraryReportController@PrintBarcodeCreate,web|session|menu|logRoute|check_permissions,Y,n/a (route-level auth),Y
web.php,POST,/generateBarcodePdf,LibraryReportController@generateBarcodePdf,web|session|menu|logRoute|check_permissions,Y,n/a (route-level auth),N
web.php,GET,/setup-institute-details,dashboardController@setup_details,web|session|menu|logRoute,Y,n/a (route-level auth),Y
web.php,RESOURCE,/school_setup/change_password,App\Http\Controllers\school_setup\changePasswordController,web|session|menu|logRoute,Y,n/a (route-level auth),N
web.php,RESOURCE,/school_setup/dashboard_setting,App\Http\Controllers\school_setup\dashboardSettingController,web|session|menu|logRoute,Y,n/a (route-level auth),N
web.php,GET,/school_setup/device_check,changePasswordController@device_check,web|session|menu|logRoute,Y,n/a (route-level auth),N
web.php,RESOURCE,/school_setup/erp_status,App\Http\Controllers\school_setup\erpstatusController,web|session|menu|logRoute,Y,n/a (route-level auth),N
web.php,RESOURCE,/school_setup/workflow,App\Http\Controllers\school_setup\workflowController,web|session|menu|logRoute,Y,n/a (route-level auth),N
web.php,GET,/privacyPolicy,dashboardController@privacyPolicy,web,N,C-NO-AUTH,N
web.php,GET,/termAndCondition,dashboardController@termAndCondition,web,N,C-NO-AUTH,N
web.php,GET,/otherPolicy,dashboardController@otherPolicy,web,N,C-NO-AUTH,N
web.php,ANY,/check_permissions,AJAXController@check_access,web,N,C-NO-AUTH,N
web.php,ANY,/check_access,AJAXController@check_access,web,N,C-NO-AUTH,N
web.php,ANY,/chat,AJAXController@chat,web,N,C-NO-AUTH,Y
web.php,POST,/lms_chat,assessmentQuestionController@chat,web,N,C-NO-AUTH,N
web.php,GET|POST,/preview_distribution,assessmentQuestionController@previewDistribution,web,N,C-NO-AUTH,N
web.php,GET,/assessment_question/concepts,assessmentQuestionController@concepts,web,N,C-NO-AUTH,N
web.php,POST,/assessment_question/store,assessmentQuestionController@store,web,N,C-NO-AUTH,N
web.php,ANY,/geminiAI,AJAXController@geminiAI,web,N,C-NO-AUTH,N
web.php,GET,/lms_data,AJAXController@lmsDataApi,web,N,C-NO-AUTH,N
web.php,GET,/table_data,AJAXController@lmsDataApi,web,N,C-NO-AUTH,Y
web.php,ANY,/python_timetable,AJAXController@pythonTimetable,web,N,C-NO-AUTH,N
web.php,GET,/getSupervisor,AJAXController@getSupervisor,web,N,C-NO-AUTH,Y
web.php,POST,/task,taskController@store,web,N,C-NO-AUTH,Y
web.php,POST,/transferDocs,oldDocumentTransfer@storeImagesToDigitalOcean,web,N,C-NO-AUTH,N
web.php,GET,/convertDoc,oldDocumentTransfer@ConvertBinaryData,web,N,C-NO-AUTH,N
web.php,GET,/transport_Onboarding,tourController@transportOnboarding,web,N,C-NO-AUTH,N
web.php,GET|POST,/chatbot,ChatbotController@handle,web,N,C-NO-AUTH,N
web.php,RESOURCE,/requirements,App\Http\Controllers\reuirementController,web,N,C-NO-AUTH,Y
web.php,GET,/customers_requirement,reuirementController@ReportData,web,N,C-NO-AUTH,N
web.php,POST,/paraphrase,chapterController@paraphraseContentAjax,web,N,C-NO-AUTH,N
web.php,POST,/paraphrase-file,chapterController@paraphraseFile,web,N,C-NO-AUTH,N
web.php,POST,/flush-session,Closure,web,N,C-NO-AUTH (closure/view),N
web.php,GET,/get-students,GraphControllerNew@getStudents,web,N,C-NO-AUTH,N
web.php,GET,/get-related-data/{nodeId},GraphControllerNew@getRelatedData,web,N,C-NO-AUTH,N
web.php,GET,/get-chapters-for-subject/{subjectId},GraphControllerNew@getChaptersForSubject,web,N,C-NO-AUTH,N
web.php,GET,/get-questions-for-chapter/{chapterId},GraphControllerNew@getQuestionsForChapter,web,N,C-NO-AUTH,N
web.php,GET,/get-personalized-learning-path/{studentId},GraphControllerNew@getPersonalizedLearningPath,web,N,C-NO-AUTH,N
web.php,GET,/recommendations,RecommendationController@getRecommendations,web,N,C-NO-AUTH,Y
web.php,GET,/graph-data,GraphController@getGraphData,web,N,C-NO-AUTH,N
web.php,GET,/graph-data-learning-path,GraphController@getLearningPath,web,N,C-NO-AUTH,N
web.php,GET,/welcome,Closure,web,N,C-NO-AUTH (closure/view),Y
web.php,GET,/dashboardnew,Closure,web,N,C-NO-AUTH (closure/view),N
web.php,GET,/new,Closure,web,N,C-NO-AUTH (closure/view),N
web.php,GET,/dashboard_new,Closure,web,N,C-NO-AUTH (closure/view),N
web.php,GET,/ChartDashboard,Closure,web,N,C-NO-AUTH (closure/view),N
web.php,VIEW,/bar-chart,reportsnew.charts.bar-chart,web,N,MISSING-CLASS,N
web.php,VIEW,/bubble-chart,reportsnew.charts.Bubble-Chart,web,N,MISSING-CLASS,N
web.php,VIEW,/doughnut-chart,reportsnew.charts.Doughnut-Chart,web,N,MISSING-CLASS,N
web.php,VIEW,/horizontal-bar-chart,reportsnew.charts.horizontalBar-Chart,web,N,MISSING-CLASS,N
web.php,VIEW,/polar-area-chart,reportsnew.charts.PolarArea-Chart,web,N,MISSING-CLASS,N
web.php,VIEW,/real-time-chart,reportsnew.charts.realTime-Chart,web,N,MISSING-CLASS,N
web.php,VIEW,/scatter-line-chart,reportsnew.charts.scatterLineChart,web,N,MISSING-CLASS,N
web.php,GET,/fees-report,FeesReportController@showReport,web|check_permissions,N,C-NO-AUTH,Y
web.php,GET,/fees-collect-data-hb,FeesReportController@gethorizontalBarChartData,web|check_permissions,N,C-NO-AUTH,N
web.php,GET,/fees-collect-data-b,FeesReportController@getBarChartData,web|check_permissions,N,C-NO-AUTH,N
web.php,GET,/fees-collect-vs-breackoff,FeesReportController@getBubbleChartData,web|check_permissions,N,C-NO-AUTH,N
web.php,GET,/doughnut-chart-data,FeesReportController@getDoughnutChartData,web|check_permissions,N,C-NO-AUTH,N
web.php,GET,/real-time-chart-data,FeesReportController@getRealTimeChartData,web|check_permissions,N,C-NO-AUTH,N
web.php,GET,/scatter-line-chart-data,FeesReportController@getScatterLineChartData,web|check_permissions,N,C-NO-AUTH,N
web.php,GET,/polar-area-chart-data,FeesReportController@getPolarAreaChartData,web|check_permissions,N,C-NO-AUTH,N
web.php,GET,/mis-summary,MisSummaryController@index,web|session|menu|logRoute|check_permissions,Y,n/a (route-level auth),N
web.php,GET,/daily-summary-report,DailySummaryReportController@index,web|session,Y,n/a (route-level auth),N
web.php,GET,/get-fields,Closure,web,N,C-NO-AUTH (closure/view),N
web.php,RESOURCE,/blogs,App\Http\Controllers\BlogController,web,N,C-NO-AUTH,N
web.php,POST,/getHillsHPCPDF,AJAXController@getHillsHPCPDF,web,N,C-NO-AUTH,N
web.php,RESOURCE,/agent/create_agent,App\Http\Controllers\agenticAI\createAgentController,web|session|menu|logRoute|check_permissions,Y,n/a (route-level auth),N
web.php,RESOURCE,/agent/agent_library,App\Http\Controllers\agenticAI\agentLibraryController,web|session|menu|logRoute|check_permissions,Y,n/a (route-level auth),N
web.php,RESOURCE,/agent/agent_run_log,App\Http\Controllers\agenticAI\agentRunLogController,web|session|menu|logRoute|check_permissions,Y,n/a (route-level auth),N
web.php,RESOURCE,/agent/agent_analytic,App\Http\Controllers\agenticAI\agentAnalyticController,web|session|menu|logRoute|check_permissions,Y,n/a (route-level auth),N
web.php,RESOURCE,/agent/agent_reflection,App\Http\Controllers\agenticAI\agentReflectionController,web|session|menu|logRoute|check_permissions,Y,n/a (route-level auth),N
web.php,RESOURCE,/agent/agent_dashboard,App\Http\Controllers\agenticAI\agentDashboardController,web|session|menu|logRoute|check_permissions,Y,n/a (route-level auth),N
web.php,RESOURCE,/agent/multi_agent,App\Http\Controllers\agenticAI\multiAgentController,web|session|menu|logRoute|check_permissions,Y,n/a (route-level auth),N
web.php,GET,/geminiChat,AJAXController@geminiChat,web,N,C-NO-AUTH,N
web.php,GET,/ajaxQuestionLists,AJAXController@ajaxQuestionListsFunction,web,N,C-NO-AUTH,N
web.php,GET,/suggested-content,palController@suggestedContent,web,N,"A2-token-bound,no-rights",N
web.php,POST,/lms/store-suggested-content,palController@storeSuggestedContent,web,N,"A2-token-bound,no-rights",N
web.php,GET,/lms/pedagogy-suggested-content,palController@getPedagogySuggestedContent,web,N,"A2-token-bound,no-rights",Y
web.php,GET,/lms/misconception,palController@misconception,web,N,"A2-token-bound,no-rights",Y
web.php,GET,/lms/coherence-map,CoherenceMapWebController@index,web|session|menu,Y,n/a (route-level auth),Y
web.php,POST,/lms/coherence-map/answer,CoherenceMapWebController@answer,web|session|menu,Y,n/a (route-level auth),N
web.php,GET,/lms/coherence-map/concept/{conceptId},CoherenceMapWebController@concept,web|session|menu,Y,n/a (route-level auth),Y
web.php,POST,/lms/misconception/generate-content,palController@generateMisconceptionContent,web,N,"A2-token-bound,no-rights",Y
web.php,POST,/lms/increment-content-visit,palController@incrementContentVisit,web,N,"A2-token-bound,no-rights",Y
web.php,GET,/suggested-content,palController@suggestedContent,web|session|menu|logRoute|check_permissions,Y,n/a (route-level auth),N
web.php,POST,/lms/store-suggested-content,palController@storeSuggestedContent,web|session|menu|logRoute|check_permissions,Y,n/a (route-level auth),N
web.php,GET,/lms/pedagogy-suggested-content,palController@getPedagogySuggestedContent,web|session|menu|logRoute|check_permissions,Y,n/a (route-level auth),Y
web.php,GET,/lms/misconception,palController@misconception,web|session|menu|logRoute|check_permissions,Y,n/a (route-level auth),Y
web.php,POST,/lms/misconception/generate-content,palController@generateMisconceptionContent,web|session|menu|logRoute|check_permissions,Y,n/a (route-level auth),Y
web.php,POST,/lms/increment-content-visit,palController@incrementContentVisit,web|session|menu|logRoute|check_permissions,Y,n/a (route-level auth),Y
web.php,GET,/download-folder,FileController@downloadFolder,web,N,C-NO-AUTH,N
