table,first_migration,create_ops,alter_migrations,n_columns,tenant_column,syear_col(type),n_indexes,n_unique,n_fk_effective,n_fk_in_broken_stub_migrations,index_on_tenant_col,index_on_syear,models,code_files_referencing,no_model,no_code_reference
academic_intervention_activities,2026_08_20_000008_create_academic_interventions_table.php,1,0,17,sub_institute_id,,3,0,0,0,Y,,,2,Y,
academic_interventions,2026_08_20_000008_create_academic_interventions_table.php,1,0,35,sub_institute_id,academic_year,19,1,0,0,Y,,,4,Y,
academic_section,2023_03_05_115658_create_academic_section_table.php,1,0,10,sub_institute_id,,1,0,0,0,Y,,academic_sectionModel,139,,
academic_year,2023_03_05_115658_create_academic_year_table.php,1,0,15,sub_institute_id,syear(integer),0,0,0,0,N,N,academic_yearModel,169,,
access_log,2023_03_05_115658_create_access_log_table.php,1,1,10,sub_institute_id,syear(integer),0,0,0,1,N,N,,3,Y,
access_log_route,2023_03_05_115658_create_access_log_route_table.php,1,1,9,sub_institute_id,,0,0,0,1,N,,Accesslog,5,,
activity_log,2023_03_05_115658_create_activity_log_table.php,1,0,10,NONE,,3,0,0,1,,,,3,Y,
admission_age_validation,2025_08_12_161202_create_admission_age_validation_table.php,1,0,9,sub_institute_id,syear(integer),0,0,0,0,N,N,,3,Y,
admission_category_master,2023_03_05_115658_create_admission_category_master_table.php,1,0,6,sub_institute_id,,0,0,0,0,N,,admission_category_masterModel,6,,
admission_enquiry,2023_03_05_115658_create_admission_enquiry_table.php,1,2,68,sub_institute_id,syear(integer),0,0,0,0,N,N,admissionEnquiryModel,31,,
admission_form,2023_03_05_115658_create_admission_form_table.php,1,0,28,sub_institute_id,,0,0,0,1,N,,admissionFormModel,11,,
admission_registration,2023_03_05_115658_create_admission_registration_table.php,1,0,31,sub_institute_id,,0,0,0,1,N,,admissionRegistrationModel,20,,
admission_registration_v1,2024_10_08_151046_create_admission_registration_v1.php,1,1,20,sub_institute_id,,0,0,0,0,N,,,9,Y,
ai_agent_runs,2026_08_20_000004_create_ai_agent_tables.php,1,0,30,sub_institute_id,academic_year,11,1,0,0,Y,,,8,Y,
ai_agent_tools,2026_08_20_000004_create_ai_agent_tables.php,1,0,10,NONE,,3,1,0,0,,,,0,Y,Y
ai_agents,2026_08_20_000004_create_ai_agent_tables.php,1,0,28,sub_institute_id,,6,1,0,0,Y,,,9,Y,
ai_api_keys,2026_04_28_145954_create_ai_api_keys_table.php,1,0,9,sub_institute_id,,0,0,0,0,N,,,30,Y,
ai_assistance_tickets,2026_09_29_100800_create_ai_assistance_tickets_table.php,1,0,17,sub_institute_id,,6,0,0,0,Y,,,1,Y,
ai_audit_logs,2026_08_20_000003_create_ai_intelligence_tables.php,1,1,19,sub_institute_id,,10,0,0,0,Y,,,9,Y,
ai_case_evidence,2026_08_20_000003_create_ai_intelligence_tables.php,1,0,7,NONE,,3,1,0,0,,,,5,Y,
ai_case_signals,2026_08_20_000003_create_ai_intelligence_tables.php,1,0,6,NONE,,3,1,0,0,,,,3,Y,
ai_cases,2026_08_20_000003_create_ai_intelligence_tables.php,1,0,23,sub_institute_id,academic_year,14,1,0,0,Y,,,9,Y,
ai_conversation_turns,2026_08_22_000001_create_ai_conversation_tables.php,1,1,24,sub_institute_id,,4,1,0,0,Y,,,8,Y,
ai_conversations,2026_08_22_000001_create_ai_conversation_tables.php,1,0,16,sub_institute_id,academic_year,3,1,0,0,Y,,,7,Y,
ai_course_outlines,2026_09_05_220300_create_ai_course_outlines_table.php,1,0,20,sub_institute_id,,6,0,0,0,Y,,AiCourseOutline,2,,
ai_daily_used_api,2026_02_21_145636_create_ai_daily_used_api_table.php,1,0,9,sub_institute_id,,4,0,0,0,Y,,,4,Y,
ai_decisions,2026_08_20_000003_create_ai_intelligence_tables.php,1,0,17,sub_institute_id,,8,0,0,0,Y,,,8,Y,
ai_evidence,2026_08_20_000003_create_ai_intelligence_tables.php,1,0,24,sub_institute_id,academic_year,10,0,0,0,Y,,,9,Y,
ai_explanations,2026_08_20_000003_create_ai_intelligence_tables.php,1,0,13,sub_institute_id,,3,0,0,0,Y,,,5,Y,
ai_generated_reports,2026_09_14_000004_create_ai_generated_reports_table.php,1,0,15,sub_institute_id,,4,0,0,0,Y,,,5,Y,
ai_generation_outputs,2026_08_20_000006_create_ai_generation_tables.php,1,0,22,sub_institute_id,,4,0,0,0,Y,,,4,Y,
ai_generation_requests,2026_08_20_000006_create_ai_generation_tables.php,1,0,25,sub_institute_id,,15,1,0,0,Y,,,6,Y,
ai_hypotheses,2026_08_20_000003_create_ai_intelligence_tables.php,1,0,11,sub_institute_id,,2,0,0,0,Y,,,5,Y,
ai_interaction_logs,2026_02_18_122332_create_ai_interaction_logs_table.php,1,0,14,sub_institute_id,syear(string),8,0,0,0,Y,Y,,8,Y,
ai_module_model_bindings,2026_09_27_100000_create_ai_module_model_bindings_table.php,1,0,13,sub_institute_id,,2,1,0,0,Y,,,4,Y,
ai_modules,2026_08_20_000011_create_ai_workspace_tables.php,1,0,18,sub_institute_id,,6,1,0,0,Y,,,24,Y,
ai_ontology_views,2026_08_20_000011_create_ai_workspace_tables.php,1,0,15,sub_institute_id,,6,1,0,0,Y,,,4,Y,
ai_outcomes,2026_08_20_000003_create_ai_intelligence_tables.php,1,0,21,sub_institute_id,academic_year,9,0,0,0,Y,,,12,Y,
ai_policies,2026_09_10_000004_add_ai_policies_tables.php,1,1,17,sub_institute_id,,2,0,0,0,Y,,,5,Y,
ai_policy_acknowledgements,2026_09_10_000004_add_ai_policies_tables.php,1,0,12,sub_institute_id,,6,0,0,0,Y,,,0,Y,Y
ai_policy_assignments,2026_09_10_000004_add_ai_policies_tables.php,1,0,9,sub_institute_id,,4,1,0,0,Y,,,4,Y,
ai_policy_rules,2026_09_10_000004_add_ai_policies_tables.php,1,0,6,NONE,,2,1,0,0,,,,2,Y,
ai_recommendations,2026_08_20_000003_create_ai_intelligence_tables.php,1,0,30,sub_institute_id,academic_year,14,1,0,0,Y,,,15,Y,
ai_signal_definitions,2026_08_20_000003_create_ai_intelligence_tables.php,1,0,16,sub_institute_id,,5,1,0,0,Y,,,11,Y,
ai_signals,2026_08_20_000003_create_ai_intelligence_tables.php,1,0,21,sub_institute_id,academic_year,13,0,0,0,Y,,,6,Y,
ai_sops,2026_07_17_000001_create_ai_sops_table.php,1,0,14,sub_institute_id,,2,0,0,0,Y,,AiSop,4,,
ai_suggestions,2026_08_20_000011_create_ai_workspace_tables.php,1,0,19,sub_institute_id,,6,0,0,0,Y,,,10,Y,
ai_templates,2026_08_20_000006_create_ai_generation_tables.php,1,2,30,sub_institute_id,,9,1,0,0,Y,,,12,Y,
announcement,2024_05_09_135148_create_announcement_table.php,1,0,11,sub_institute_id,syear(integer),0,0,0,0,N,N,,10,Y,
answer_master,2023_03_05_115658_create_answer_master_table.php,1,2,9,sub_institute_id,,1,0,0,1,N,,answermasterModel,41,,
api_details,2026_02_21_145542_create_api_details_table.php,1,0,9,sub_institute_id,,6,0,0,0,Y,,,1,Y,
app_language,2023_06_17_144701_create_app_language_table.php,1,0,10,sub_institute_id,,0,0,0,0,N,,normClature,3,,
app_notification,2023_03_05_115658_create_app_notification_table.php,1,0,13,sub_institute_id,syear(integer),0,0,0,1,N,N,appNotificationModel,12,,
app_notification_teacher,2023_03_05_115658_create_app_notification_teacher_table.php,1,0,13,sub_institute_id,syear(integer),0,0,0,1,N,N,,2,Y,
application_forms,2023_03_05_115658_create_application_forms_table.php,1,0,4,NONE,,0,0,0,0,,,,1,Y,
assessment_blueprint,2026_09_21_120000_create_assessment_blueprint_table.php,1,1,28,sub_institute_id,syear(integer),6,0,0,0,Y,Y,,10,Y,
attendance_json_result,2023_03_05_115658_create_attendance_json_result_table.php,1,0,5,sub_institute_id,syear(integer),0,0,0,0,N,N,attendanceJsonResultModel,2,,
attendance_student,2023_03_05_115658_create_attendance_student_table.php,1,0,13,sub_institute_id,syear(integer),2,0,0,1,N,N,,38,Y,
bank_master,2023_03_05_115658_create_bank_master_table.php,1,0,2,NONE,,0,0,0,0,,,bankmasterModel,14,,
batch,2023_03_05_115658_create_batch_table.php,1,1,10,sub_institute_id,syear(integer),2,0,0,2,N,N,batchModel,92,,
biomatrix,2023_03_05_115658_create_biomatrix_table.php,1,0,5,sub_institute_id,,0,0,0,0,N,,,4,Y,
blogs,2025_06_06_070606_create_blogs_table.php,1,0,13,NONE,,1,1,0,0,,,Blog,3,,
blood_group,2023_03_05_115658_create_blood_group_table.php,1,0,2,NONE,,0,0,0,0,,,bloodgroupModel,19,,
book_list,2023_03_05_115658_create_book_list_table.php,1,0,14,sub_institute_id,syear(integer),0,0,0,4,N,N,,5,Y,
calendar_events,2023_03_05_115658_create_calendar_events_table.php,1,0,10,sub_institute_id,syear(integer),0,0,0,0,N,N,calendar,16,,
cast,2023_03_05_115658_create_cast_table.php,1,0,4,sub_institute_id,,0,0,0,0,N,,,82,Y,
caste,2023_03_05_115658_create_caste_table.php,1,0,2,NONE,,0,0,0,0,,,castModel;casteModel,18,,
certificate_history,2023_03_05_115658_create_certificate_history_table.php,1,0,9,sub_institute_id,syear(integer),0,0,0,1,N,N,,6,Y,
chapter_master,2023_03_05_115658_create_chapter_master_table.php,1,3,18,sub_institute_id,syear(integer),0,0,1,3,N,N,chapterModel;chapterModel,122,,
chapter_topics,2026_05_30_103534_create_chapter_topics_table.php,1,0,11,sub_institute_id,,7,0,0,0,Y,,,0,Y,Y
circular,2023_03_05_115658_create_circular_table.php,1,0,12,sub_institute_id,syear(integer),0,0,0,2,N,N,circular,41,,
circular_type,2023_03_05_115658_create_circular_type_table.php,1,0,2,NONE,,0,0,0,0,,,,6,Y,
class_teacher,2023_03_05_115658_create_class_teacher_table.php,1,0,9,sub_institute_id,syear(integer),0,0,0,3,N,N,classteacherModel,38,,
classwork_attachment,2025_07_14_111129_create_classwork_attachment_table.php,1,0,12,sub_institute_id,syear(bigInteger),7,0,0,0,Y,Y,classWorkModel,4,,
college_timetable,2023_03_05_115658_create_college_timetable_table.php,1,0,15,sub_institute_id,syear(integer),6,0,0,6,N,N,,1,Y,
competency,2026_08_20_101000_create_competency_task_map_tables.php,1,2,18,sub_institute_id,,4,0,0,0,Y,,,114,Y,
competency_assessment_question,2026_09_06_100500_create_competency_assessment_ai_tables.php,1,0,13,sub_institute_id,,3,0,0,0,Y,,CompetencyAssessmentQuestion,2,,
competency_assessment_response,2026_09_06_100500_create_competency_assessment_ai_tables.php,1,0,12,sub_institute_id,,3,1,0,0,Y,,CompetencyAssessmentResponse,2,,
competency_assessment_test,2026_09_06_100500_create_competency_assessment_ai_tables.php,1,0,12,sub_institute_id,,2,0,0,0,Y,,CompetencyAssessmentTest,3,,
competency_kasba_item,2026_08_20_101000_create_competency_task_map_tables.php,1,2,9,sub_institute_id,,3,0,0,0,Y,,,10,Y,
competency_kasba_rating,2026_08_20_101000_create_competency_task_map_tables.php,1,1,11,sub_institute_id,,4,0,0,0,Y,,,4,Y,
complaint,2023_03_05_115658_create_complaint_table.php,1,0,17,sub_institute_id,syear(integer),2,0,0,0,Y,N,complaintModel,39,,
complaint_status,2023_03_05_115658_create_complaint_status_table.php,1,0,4,NONE,,0,0,0,0,,,,7,Y,
compliance_categories,2026_09_28_100000_create_compliance_categories_table.php,1,0,11,sub_institute_id,,4,1,0,0,Y,,ComplianceCategory,6,,
compliance_evidence,2026_09_28_100200_create_compliance_evidence_table.php,1,0,16,sub_institute_id,,3,0,1,0,Y,,ComplianceEvidence,2,,
compliance_templates,2026_09_28_150000_create_compliance_templates_table.php,1,0,15,sub_institute_id,,4,0,1,0,Y,,ComplianceTemplate,3,,
concept_prerequisite,2026_09_22_100000_create_concept_prerequisite_table.php,1,0,15,sub_institute_id,,4,1,0,0,Y,,ConceptPrerequisite,4,,
consent_master,2023_03_05_115658_create_consent_master_table.php,1,0,15,sub_institute_id,syear(integer),0,0,0,4,N,N,consent_masterModel,10,,
content_mapping_type,2023_03_05_115658_create_content_mapping_type_table.php,1,0,4,NONE,,0,0,0,0,,,contentmappingtypeModel,10,,
content_master,2023_03_05_115658_create_content_master_table.php,1,9,41,sub_institute_id,syear(integer),6,0,1,0,Y,N,contentModel,67,,
contents,2025_01_02_153747_create_contents_table.php,1,1,12,sub_institute_id,,0,0,0,0,N,,contentLibraryModel,36,,
counselling_answer_master,2023_03_05_115658_create_counselling_answer_master_table.php,1,0,7,sub_institute_id,,0,0,0,1,N,,counsellingAnswerModel,3,,
counselling_course,2023_03_05_115658_create_counselling_course_table.php,1,0,8,sub_institute_id,,0,0,0,0,N,,counsellingCourseModel,7,,
counselling_online_exam,2023_03_05_115658_create_counselling_online_exam_table.php,1,0,8,sub_institute_id,,0,0,0,1,N,,counsellingOnlineExamModel,4,,
counselling_online_exam_answer,2023_03_05_115658_create_counselling_online_exam_answer_table.php,1,0,8,NONE,,0,0,0,4,,,counsellingOnlineExamAnswerModel,3,,
counselling_question_mapping,2023_03_05_115658_create_counselling_question_mapping_table.php,1,0,4,NONE,,0,0,0,0,,,counsellingQuestionMappingModel,3,,
counselling_question_master,2023_03_05_115658_create_counselling_question_master_table.php,1,0,11,sub_institute_id,,0,0,0,0,N,,counsellingQuestionModel,6,,
course_competency_map,2026_09_07_130000_create_course_competency_map_table.php,1,0,8,sub_institute_id,,4,1,0,0,Y,,,1,Y,
course_jobrole_map,2026_09_07_120000_create_course_jobrole_map_table.php,1,0,6,sub_institute_id,,4,1,0,0,Y,,,3,Y,
create_timetable,2024_03_21_102237_create_create_timetable.php,1,0,15,sub_institute_id,syear(integer),6,0,0,0,N,N,create_timetable,5,,
csv_data,2023_05_04_075127_create_csv_data_table.php,1,0,9,NONE,,0,0,0,0,,,CsvData,4,,
custom_module_table_columns,2024_07_22_140116_create_custom_module_table_columns_table.php,1,1,12,NONE,,0,0,1,0,,,CustomModuleTableColumn,3,,
custom_module_tables,2024_07_22_140001_create_custom_module_tables_table.php,1,2,23,sub_institute_id,,0,0,0,0,N,,CustomModuleTable,4,,
dashboard_master,2023_03_05_115658_create_dashboard_master_table.php,1,0,7,sub_institute_id,,0,0,0,0,N,,,1,Y,
dicipline,2023_03_05_115658_create_dicipline_table.php,1,1,12,sub_institute_id,syear(integer),0,0,0,0,N,N,dicipline,18,,
dicipline_dd,2023_03_05_115658_create_dicipline_dd_table.php,1,1,9,sub_institute_id,,0,0,0,0,N,,diciplineDD,4,,
dicipline_master,2025_04_21_113126_create_dicipline_master_table.php,1,0,10,sub_institute_id,,0,0,0,0,N,,diciplineMaster,3,,
division,2023_03_05_115658_create_division_table.php,1,0,5,sub_institute_id,,0,0,0,0,N,,divisionModel,301,,
division_capacity_master,2023_03_05_115658_create_division_capacity_master_table.php,1,0,12,sub_institute_id,syear(string),0,0,0,0,N,N,divisionCapacityMasterModel,7,,
document_extractions,2026_05_30_114503_create_document_extractions_table.php,1,1,20,sub_institute_id,syear(string),0,0,0,0,N,N,,11,Y,
document_template_versions,2026_07_29_000002_create_document_template_versions_table.php,1,0,9,sub_institute_id,,2,0,1,0,Y,,DocumentTemplateVersion,3,,
document_templates,2026_07_29_000001_create_document_templates_table.php,1,0,13,sub_institute_id,syear(string),4,0,0,0,Y,N,DocumentTemplate,5,,
donation_collection,2025_04_10_111831_create_donation_collection_table.php,1,0,19,sub_institute_id,,0,0,0,0,N,,donationModel,5,,
dynamic_dashboard,2023_03_05_115658_create_dynamic_dashboard_table.php,1,0,7,sub_institute_id,,0,0,0,0,N,,,3,Y,
email_sent_parents,2023_03_05_115658_create_email_sent_parents_table.php,1,0,10,sub_institute_id,syear(integer),0,0,0,0,N,N,,11,Y,
email_templates,2026_09_17_200000_create_email_templates_table.php,1,2,19,sub_institute_id,,1,0,0,0,Y,,EmailTemplate,5,,
employee_monthly_salary_data,2023_05_13_172418_create_employee_monthly_salary_data_table.php,1,0,12,sub_institute_id,,0,0,0,0,N,,,4,Y,
employee_salary_structures,2023_05_08_165717_create_employee_salary_structures_table.php,1,1,7,sub_institute_id,,0,0,0,0,N,,EmployeeSalaryStructure,6,,
enrollment_prefix_master,2023_03_05_115658_create_enrollment_prefix_master_table.php,1,0,7,sub_institute_id,,0,0,0,0,N,,,3,Y,
erp_status,2023_03_05_115658_create_erp_status_table.php,1,0,3,NONE,,0,0,0,0,,,,3,Y,
erptour,2023_03_05_115658_create_erptour_table.php,1,0,11,sub_institute_id,,0,0,0,0,N,,tourModel,6,,
err_log,2023_03_05_115658_create_err_log_table.php,1,0,8,NONE,,0,0,0,0,,,errLog,2,,
eso_decision_log,2026_08_31_100600_create_eso_decision_log_table.php,1,0,11,sub_institute_id,,4,0,0,0,N,,DecisionLog,17,,
eso_response_log,2026_09_02_100000_create_eso_response_log_table.php,1,0,10,sub_institute_id,,2,0,0,0,N,,ResponseLog,11,,
evidence_events,2026_08_26_000002_create_evidence_events_table.php,1,2,22,NONE,academic_year,8,0,0,0,,,EvidenceEvent,10,,
exam_evaluation_answer,2026_09_21_000000_create_exam_evaluation_tables.php,1,0,20,NONE,,4,1,0,0,,,,2,Y,
exam_evaluation_batch,2026_09_21_000000_create_exam_evaluation_tables.php,1,0,14,sub_institute_id,syear(integer),3,0,0,0,Y,Y,,2,Y,
exam_evaluation_sheet,2026_09_21_000000_create_exam_evaluation_tables.php,1,0,28,sub_institute_id,syear(integer),4,0,0,0,Y,N,,2,Y,
exam_schedule,2023_03_05_115658_create_exam_schedule_table.php,1,0,12,sub_institute_id,syear(integer),0,0,0,2,N,N,,8,Y,
failed_jobs,2019_08_19_000000_create_failed_jobs_table.php,2,0,7,NONE,,2,2,0,0,,,,5,Y,
fees_aggre_pay,2023_03_05_115658_create_fees_aggre_pay_table.php,1,0,7,sub_institute_id,syear(integer),0,0,0,0,N,N,,3,Y,
fees_axis,2023_03_05_115658_create_fees_axis_table.php,1,0,9,sub_institute_id,syear(integer),0,0,0,0,N,N,,3,Y,
fees_breackoff,2023_03_05_115658_create_fees_breackoff_table.php,1,0,13,sub_institute_id,syear(integer),8,1,0,2,Y,Y,fees_breackoff;FeesBreackoff,44,,
fees_breackoff_logs,2023_07_27_154103_create_fees_breackoff_logs_table.php,1,0,13,sub_institute_id,syear(integer),7,0,0,0,Y,Y,,4,Y,
fees_breakoff_other,2023_03_05_115658_create_fees_breakoff_other_table.php,1,0,7,sub_institute_id,syear(integer),4,0,0,0,Y,Y,,13,Y,
fees_cancel,2023_03_05_115658_create_fees_cancel_table.php,1,0,14,sub_institute_id,syear(integer),6,0,0,2,Y,Y,feesCancelModel,16,,
fees_cancel_type,2023_03_05_115658_create_fees_cancel_type_table.php,1,0,3,NONE,,0,0,0,0,,,,4,Y,
fees_circular_log,2023_03_05_115658_create_fees_circular_log_table.php,1,0,10,sub_institute_id,syear(integer),0,0,0,0,N,N,feesCircularModel,4,,
fees_circular_master,2023_03_05_115658_create_fees_circular_master_table.php,1,0,18,sub_institute_id,syear(integer),0,0,0,2,N,N,feesCircularMasterModel,4,,
fees_collect,2023_03_05_115658_create_fees_collect_table.php,1,1,47,sub_institute_id,syear(integer),2,0,0,1,N,N,FeesCollect;fees_collect;FeesCollect,90,,
fees_config_master,2023_03_05_115658_create_fees_config_master_table.php,1,1,22,sub_institute_id,syear(integer),0,0,0,0,N,N,tblfeesConfigModel,23,,
fees_hdffc,2023_03_05_115658_create_fees_hdffc_table.php,1,0,9,sub_institute_id,syear(integer),0,0,0,0,N,N,,3,Y,
fees_head_master,2023_03_05_115658_create_fees_head_master_table.php,1,0,9,sub_institute_id,syear(integer),0,0,0,0,N,N,tblfeesHeadTypeMasterModel,2,,
fees_icici,2023_03_05_115658_create_fees_icici_table.php,1,0,10,sub_institute_id,syear(integer),0,0,0,0,N,N,,4,Y,
fees_late_master,2023_03_05_115658_create_fees_late_master_table.php,1,2,11,sub_institute_id,syear(integer),0,0,0,1,N,N,tblfeesLateModel,7,,
fees_map_years,2023_03_05_115658_create_fees_map_years_table.php,1,1,8,sub_institute_id,syear(integer),0,0,0,0,N,N,map_year,12,,
fees_menu_categories,2026_09_05_110000_create_fees_menu_category_tables.php,1,6,13,NONE,,2,1,0,0,,,,5,Y,
fees_menu_category_items,2026_09_05_110000_create_fees_menu_category_tables.php,1,0,7,NONE,,2,1,0,0,,,,3,Y,
fees_month_header,2023_10_23_124834_create_fees_month_header_table.php,1,0,7,sub_institute_id,,4,0,0,0,Y,,,8,Y,
fees_online_maping,2023_03_05_115658_create_fees_online_maping_table.php,1,0,7,sub_institute_id,syear(integer),0,0,0,0,N,N,,7,Y,
fees_online_split,2023_03_05_115658_create_fees_online_split_table.php,1,0,6,sub_institute_id,,0,0,0,0,N,,,2,Y,
fees_other_cancel,2023_03_05_115658_create_fees_other_cancel_table.php,1,0,13,sub_institute_id,syear(integer),0,0,0,2,N,N,other_fees_cancel,6,,
fees_other_collection,2023_03_05_115658_create_fees_other_collection_table.php,1,0,20,sub_institute_id,syear(integer),0,0,0,1,N,N,other_fees_collect,9,,
fees_other_head,2023_03_05_115658_create_fees_other_head_table.php,1,0,13,sub_institute_id,syear(string),0,0,0,0,N,N,other_fees_title,8,,
fees_paid_other,2023_03_05_115658_create_fees_paid_other_table.php,1,0,32,sub_institute_id,syear(decimal),3,0,0,1,N,Y,other_fee_map,39,,
fees_payment,2023_03_05_115658_create_fees_payment_table.php,1,3,40,sub_institute_id,syear(string),0,0,0,1,N,N,,11,Y,
fees_payphi,2023_09_22_115343_create_fees_payphi_table.php,1,0,7,sub_institute_id,syear(bigInteger),0,0,0,0,N,N,,3,Y,
fees_razorpay,2023_03_05_115658_create_fees_razorpay_table.php,1,0,8,sub_institute_id,syear(string),0,0,0,0,N,N,,4,Y,
fees_receipt,2023_03_05_115658_create_fees_receipt_table.php,1,0,17,sub_institute_id,syear(integer),0,0,0,0,N,N,,15,Y,
fees_receipt_book_master,2023_03_05_115658_create_fees_receipt_book_master_table.php,1,0,23,sub_institute_id,syear(integer),1,0,0,3,N,N,feesReceiptBookMasterModel,28,,
fees_receipt_css,2023_03_05_115658_create_fees_receipt_css_table.php,1,0,5,NONE,,0,0,0,0,,,,16,Y,
fees_reconciliation,2023_12_15_121805_create_fees_reconciliation_table.php,1,0,35,sub_institute_id,,0,0,0,0,N,,,6,Y,
fees_refund,2023_03_05_115658_create_fees_refund_table.php,1,0,41,sub_institute_id,syear(bigInteger),2,0,0,1,N,N,feesRefundModel,7,,
fees_title,2023_03_05_115658_create_fees_title_table.php,1,1,14,sub_institute_id,syear(integer),1,0,0,1,N,N,fees_title,54,,
fees_title_master,2023_03_05_115658_create_fees_title_master_table.php,1,0,3,NONE,,0,0,0,0,,,,8,Y,
follow_up,2023_03_05_115658_create_follow_up_table.php,1,0,9,sub_institute_id,,0,0,0,1,N,,admissionFollowUpModel,6,,
form_builder,2023_03_05_115658_create_form_builder_table.php,1,0,7,NONE,,0,0,0,0,,,FormTable,3,,
form_submit_data,2023_03_05_115658_create_form_submit_data_table.php,1,0,10,sub_institute_id,,1,1,0,0,Y,,FormSubmitData,2,,
front_desk,2023_03_05_115658_create_front_desk_table.php,1,0,19,sub_institute_id,syear(integer),2,0,0,0,Y,N,frontdeskModel,60,,
gamma_ppt,2026_07_11_130651_create_gamma_ppt_table.php,1,0,21,sub_institute_id,syear(integer),0,0,0,0,N,N,gammaModel,3,,
gcm_users,2023_03_05_115658_create_gcm_users_table.php,1,0,9,sub_institute_id,,0,0,0,0,N,,,24,Y,
general_data,2023_03_05_115658_create_general_data_table.php,1,1,7,sub_institute_id,,0,0,0,0,N,,general_dataModel,18,,
grade_master,2023_03_05_115658_create_grade_master_table.php,1,0,6,sub_institute_id,,0,0,0,0,N,,GradeMaster,11,,
grade_master_data,2023_03_05_115658_create_grade_master_data_table.php,1,0,11,sub_institute_id,syear(integer),0,0,0,0,N,N,GradeMasterData,18,,
h5p_arithmetic_quiz,2026_09_21_150000_create_h5p_arithmetic_quiz_table.php,1,0,30,sub_institute_id,syear(string),3,0,0,0,Y,N,H5pArithmeticQuiz,7,,
h5p_course_presentation,2026_09_21_140000_create_h5p_course_presentation_tables.php,1,0,29,sub_institute_id,syear(string),3,0,0,0,Y,N,H5pCoursePresentation,7,,
h5p_drag_drop,2026_09_19_120000_create_h5p_drag_drop_tables.php,1,1,30,sub_institute_id,syear(string),2,0,0,0,Y,N,H5pDragDrop,8,,
h5p_drag_drop_elements,2026_09_19_120000_create_h5p_drag_drop_tables.php,1,0,21,sub_institute_id,,1,0,0,0,N,,H5pDragDropElement,1,,
h5p_drag_drop_zones,2026_09_19_120000_create_h5p_drag_drop_tables.php,1,0,20,sub_institute_id,,1,0,0,0,N,,H5pDragDropZone,2,,
h5p_flashcard,2026_03_31_162849_create_h5p_flashcard_table.php,1,0,15,sub_institute_id,,0,0,0,0,N,,h5pFlashcard,8,,
h5p_image_hotspot_points,2026_09_21_120000_create_h5p_image_hotspots_tables.php,1,0,23,sub_institute_id,,2,0,0,0,N,,H5pImageHotspotPoint,2,,
h5p_image_hotspots,2026_09_21_120000_create_h5p_image_hotspots_tables.php,1,0,31,sub_institute_id,syear(string),3,0,0,0,Y,N,H5pImageHotspots,6,,
h5p_interactive_video,2026_03_26_102143_create_h5p_interactive_video_table.php,1,0,14,sub_institute_id,syear(string),0,0,0,0,N,N,H5pInteractiveVideo,11,,
h5p_memory_game,2026_09_21_130000_create_h5p_memory_game_tables.php,1,0,34,sub_institute_id,syear(string),3,0,0,0,Y,N,H5pMemoryGame,8,,
h5p_memory_game_cards,2026_09_21_130000_create_h5p_memory_game_tables.php,1,0,20,sub_institute_id,,2,0,0,0,N,,H5pMemoryGameCard,2,,
h5p_presentation_slides,2026_09_21_140000_create_h5p_course_presentation_tables.php,1,0,15,sub_institute_id,,2,0,0,0,N,,H5pPresentationSlide,2,,
h5p_scenario_points,2026_03_07_171024_create_h5p_scenario_points_table.php,1,0,13,sub_institute_id,,0,0,0,0,N,,H5pScenarioPoint,3,,
h5p_scenarios,2026_03_07_170942_create_h5p_scenarios_table.php,1,0,14,sub_institute_id,,4,0,0,0,Y,,H5pScenario,12,,
h5p_single_choice_options,2026_09_21_170000_create_h5p_single_choice_set_tables.php,1,0,14,sub_institute_id,,2,0,0,0,N,,H5pSingleChoiceOption,1,,
h5p_single_choice_questions,2026_09_21_170000_create_h5p_single_choice_set_tables.php,1,0,14,sub_institute_id,,1,0,0,0,N,,H5pSingleChoiceQuestion,2,,
h5p_single_choice_set,2026_09_21_170000_create_h5p_single_choice_set_tables.php,1,0,31,sub_institute_id,syear(string),3,0,0,0,Y,N,H5pSingleChoiceSet,7,,
h5p_slide_elements,2026_09_21_140000_create_h5p_course_presentation_tables.php,1,0,22,sub_institute_id,,4,0,0,0,N,,H5pSlideElement,1,,
h5p_text_activity,2026_09_19_160000_create_h5p_text_activity_tables.php,1,0,36,sub_institute_id,syear(string),4,0,0,0,Y,N,H5pTextActivity,7,,
h5p_text_activity_blanks,2026_09_19_160000_create_h5p_text_activity_tables.php,1,0,14,sub_institute_id,,2,0,0,0,N,,H5pTextActivityBlank,3,,
h5p_true_false,2026_09_21_180000_create_h5p_true_false_tables.php,1,0,31,sub_institute_id,syear(string),3,0,0,0,Y,N,H5pTrueFalse,7,,
h5p_true_false_questions,2026_09_21_180000_create_h5p_true_false_tables.php,1,0,17,sub_institute_id,,1,0,0,0,N,,H5pTrueFalseQuestion,2,,
h5p_video_interactions,2026_03_26_102237_create_h5p_video_interactions_table.php,1,0,13,NONE,,0,0,0,0,,,H5pVideoInteraction,4,,
homework,2023_03_05_115658_create_homework_table.php,1,6,49,sub_institute_id,syear(integer),0,0,0,4,N,N,studentHomeworkModel,106,,
homework_evaluation_answer,2026_09_22_140000_create_homework_evaluation_answer_table.php,1,0,21,sub_institute_id,,4,1,0,0,Y,,,4,Y,
hostel_building_master,2023_03_05_115658_create_hostel_building_master_table.php,1,0,7,sub_institute_id,,2,0,0,2,N,,hostel_building_masterModel,11,,
hostel_floor_master,2023_03_05_115658_create_hostel_floor_master_table.php,1,0,6,sub_institute_id,,1,0,0,1,N,,hostel_floor_masterModel,10,,
hostel_master,2023_03_05_115658_create_hostel_master_table.php,1,0,10,sub_institute_id,,1,0,0,0,N,,hostel_masterModel,12,,
hostel_room_allocation,2023_03_05_115658_create_hostel_room_allocation_table.php,1,0,14,sub_institute_id,syear(integer),0,0,0,4,N,N,tblhostelRoomAllocationModel,13,,
hostel_room_master,2023_03_05_115658_create_hostel_room_master_table.php,1,0,6,sub_institute_id,,1,0,0,0,N,,hostel_room_masterModel,11,,
hostel_type_master,2023_03_05_115658_create_hostel_type_master_table.php,1,0,7,sub_institute_id,,0,0,0,0,N,,hosteltypemasterModel,10,,
hostel_visitor_master,2023_03_05_115658_create_hostel_visitor_master_table.php,1,0,13,sub_institute_id,,0,0,0,0,N,,hostel_visitor_masterModel,7,,
house_master,2023_03_05_115658_create_house_master_table.php,1,0,8,sub_institute_id,syear(integer),0,0,0,0,N,N,houseModel,17,,
hpbrain_accreditation_criteria,2026_01_01_002400_accreditation_framework.php,0,0,8,tenant_id,,4,0,2,0,Y,,,0,Y,Y
hpbrain_accreditation_frameworks,2026_01_01_002400_accreditation_framework.php,0,0,6,tenant_id,,2,0,0,0,N,,,0,Y,Y
hpbrain_ai_evaluations,2026_09_03_008400_brain_ai_evaluations.php,0,0,13,tenant_id,,2,0,0,0,Y,,,0,Y,Y
hpbrain_ai_executions,2026_01_01_001900_ai_governance.php,0,0,16,tenant_id,,4,0,0,0,Y,,,2,Y,
hpbrain_ai_fallback_chains,2026_09_03_008200_brain_ai_fallback_chains.php,0,0,8,tenant_id,,2,0,0,0,Y,,,0,Y,Y
hpbrain_ai_feedback,2026_09_03_008500_brain_ai_feedback.php,0,0,9,tenant_id,,3,0,0,0,Y,,,0,Y,Y
hpbrain_ai_prompt_templates,2026_09_03_008300_brain_ai_prompt_templates.php,0,0,20,tenant_id,,3,0,0,0,Y,,,0,Y,Y
hpbrain_ai_providers,2026_09_03_008100_brain_ai_providers.php,0,0,10,tenant_id,,3,0,0,0,Y,,,0,Y,Y
hpbrain_ai_quotas,2026_09_03_008600_brain_ai_quotas.php,0,0,11,tenant_id,,2,0,0,0,Y,,,0,Y,Y
hpbrain_ai_safety_rules,2026_09_03_008700_brain_ai_safety_rules.php,0,0,11,tenant_id,,2,0,0,0,Y,,,0,Y,Y
hpbrain_api_keys,2026_01_01_002600_api_keys.php,0,0,9,tenant_id,,10,2,0,0,Y,,,1,Y,
hpbrain_audit_logs,2026_01_01_000100_audit.php,0,0,19,tenant_id,,18,0,0,0,Y,,,5,Y,
hpbrain_auth_users,2026_01_01_002800_auth_users.php,0,0,8,tenant_id,,4,2,0,0,Y,,,0,Y,Y
hpbrain_branding,2026_09_03_005800_brain_branding.php,0,0,17,tenant_id,,3,1,0,0,Y,,,0,Y,Y
hpbrain_capabilities,2026_01_01_000400_capability.php,0,0,21,tenant_id,,12,2,0,0,Y,,,6,Y,
hpbrain_capability_assignments,2026_01_01_000400_capability.php,0,0,8,tenant_id,,10,2,0,0,Y,,,4,Y,
hpbrain_capability_proficiency,2026_01_01_002100_kasba_task_hierarchy.php,0,1,17,tenant_id,,5,0,2,0,Y,,,1,Y,
hpbrain_capability_tasks,2026_01_01_002100_kasba_task_hierarchy.php,0,0,10,tenant_id,,6,0,4,0,Y,,,3,Y,
hpbrain_capability_versions,2026_01_01_000400_capability.php,0,0,17,tenant_id,,6,0,0,0,Y,,,1,Y,
hpbrain_career_clusters,2026_01_01_002300_career_taxonomy.php,0,0,7,tenant_id,,4,2,0,0,Y,,,0,Y,Y
hpbrain_case_evidence,2026_01_01_001500_case_engine.php,0,0,4,tenant_id,,4,0,4,0,Y,,,2,Y,
hpbrain_case_signals,2026_09_03_010300_brain_case_signals.php,0,0,6,tenant_id,,4,0,2,0,Y,,,0,Y,Y
hpbrain_cases,2026_01_01_001500_case_engine.php,0,0,10,tenant_id,,8,0,2,0,Y,,,8,Y,
hpbrain_competencies,2026_09_03_006800_brain_competencies.php,0,0,13,tenant_id,,5,1,0,0,Y,,,0,Y,Y
hpbrain_config_versions,2026_09_03_006100_brain_config_versions.php,0,0,16,tenant_id,,5,1,0,0,Y,,,0,Y,Y
hpbrain_consumer_state,2026_01_01_000500_events.php,0,0,7,NONE,,4,0,2,0,,,,0,Y,Y
hpbrain_context_entities,2026_01_01_003100_context_library.php,0,0,10,tenant_id,,10,2,0,0,Y,,,1,Y,
hpbrain_conversation_messages,2026_01_01_001600_conversation_engine.php,0,0,7,tenant_id,,4,0,2,0,Y,,,2,Y,
hpbrain_conversation_sessions,2026_01_01_001600_conversation_engine.php,0,0,11,tenant_id,,8,0,0,0,Y,,,2,Y,
hpbrain_criterion_evidence,2026_01_01_002400_accreditation_framework.php,0,0,4,tenant_id,,4,0,4,0,Y,,,0,Y,Y
hpbrain_dashboard_layouts,2026_09_03_005700_brain_dashboard_layouts.php,0,0,10,tenant_id,,3,0,0,0,Y,,,0,Y,Y
hpbrain_dashboard_widgets,2026_09_03_005600_brain_dashboard_widgets.php,0,0,14,tenant_id,,5,1,0,0,Y,,,0,Y,Y
hpbrain_dashboards,2026_09_03_005500_brain_dashboards.php,0,0,14,tenant_id,,4,1,0,0,Y,,,0,Y,Y
hpbrain_data_sources,2026_09_03_009800_brain_ingestion_data_sources.php,0,0,11,tenant_id,,3,1,0,0,Y,,,0,Y,Y
hpbrain_dead_letter_queue,2026_01_01_000500_events.php,0,0,8,NONE,,8,0,2,0,,,,0,Y,Y
hpbrain_decisions,2026_01_01_000700_intelligence_entities.php,0,0,12,tenant_id,,4,0,2,0,Y,,,8,Y,
hpbrain_departments,2026_01_01_000200_department.php,0,0,12,tenant_id,,10,0,0,0,Y,,,3,Y,
hpbrain_entity_mappings,2026_09_03_005000_brain_entity_mappings.php,0,0,14,tenant_id,,4,1,0,0,Y,,,2,Y,
hpbrain_eso_definitions,2026_01_01_003300_eso_definition_library.php,0,0,37,tenant_id,,14,2,0,0,Y,,,6,Y,
hpbrain_eso_efficacy_records,2026_01_01_003500_learning_efficacy.php,0,0,10,tenant_id,,6,0,0,0,Y,,,1,Y,
hpbrain_eso_execution_evidence,2026_01_01_002200_eso_execution_evidence.php,0,0,4,tenant_id,,4,0,4,0,Y,,,1,Y,
hpbrain_eso_executions,2026_01_01_001000_eso_executions.php,0,1,15,tenant_id,,8,0,2,0,Y,,,6,Y,
hpbrain_event_store,2026_01_01_000500_events.php,0,0,18,tenant_id,,16,2,0,0,Y,,,1,Y,
hpbrain_evidence,2026_01_01_000800_evidence.php,0,0,15,tenant_id,,6,0,2,0,Y,,,10,Y,
hpbrain_executors,2026_01_01_001100_executors.php,0,0,13,tenant_id,,6,0,2,0,Y,,,1,Y,
hpbrain_feature_flags,2026_09_03_005100_brain_feature_flags.php,0,0,13,tenant_id,,4,1,0,0,Y,,,0,Y,Y
hpbrain_forms,2026_09_03_006000_brain_forms.php,0,0,15,tenant_id,,5,1,0,0,Y,,,0,Y,Y
hpbrain_guardians,2026_01_01_002700_guardians.php,0,0,11,tenant_id,,4,0,2,0,Y,,,0,Y,Y
hpbrain_health_checks,2026_01_01_000600_observability.php,0,0,4,NONE,,12,0,0,0,,,,0,Y,Y
hpbrain_hypotheses,2026_01_01_001500_case_engine.php,0,0,11,tenant_id,,6,0,2,0,Y,,,5,Y,
hpbrain_import_jobs,2026_09_03_007700_brain_import_jobs.php,0,0,17,tenant_id,,5,0,0,0,Y,,,0,Y,Y
hpbrain_import_logs,2026_09_03_007800_brain_import_logs.php,0,0,10,tenant_id,,4,0,0,0,Y,,,0,Y,Y
hpbrain_industries,2026_09_03_004700_brain_industries.php,0,0,12,tenant_id,,5,1,0,0,Y,,,0,Y,Y
hpbrain_industry_templates,2026_09_03_006200_brain_industry_templates.php,0,0,17,tenant_id,,4,1,0,0,Y,,,0,Y,Y
hpbrain_job_role_capability_requirements,2026_01_01_002500_placement_taxonomy.php,0,0,4,tenant_id,,4,0,4,0,Y,,,0,Y,Y
hpbrain_knowledge_assets,2026_01_01_002000_knowledge_assets.php,0,0,15,tenant_id,,6,0,0,0,Y,,,5,Y,
hpbrain_learnings,2026_01_01_000900_outcomes_learnings.php,0,0,10,tenant_id,,6,0,4,0,Y,,,1,Y,
hpbrain_location_types,2026_09_03_007300_brain_location_types.php,0,0,10,tenant_id,,4,1,0,0,Y,,,0,Y,Y
hpbrain_locations,2026_09_03_007400_brain_locations.php,0,0,19,tenant_id,,4,0,0,0,Y,,,0,Y,Y
hpbrain_logs,2026_01_01_000600_observability.php,0,0,12,tenant_id,,10,0,0,0,Y,,,0,Y,Y
hpbrain_measurement_plans,2026_09_03_004400_brain_measurement_plans.php,1,0,11,tenant_id,,5,0,0,0,Y,,,0,Y,Y
hpbrain_mental_models,2026_01_01_000700_intelligence_entities.php,0,0,13,tenant_id,,6,0,0,0,Y,,,4,Y,
hpbrain_metric_snapshots,2026_09_03_009300_brain_metric_snapshots.php,0,0,9,tenant_id,,3,1,0,0,Y,,,0,Y,Y
hpbrain_metrics,2026_01_01_000600_observability.php,0,0,6,tenant_id,,8,0,0,0,Y,,,1,Y,
hpbrain_modules,2026_09_03_005200_brain_modules.php,0,0,15,tenant_id,,5,1,0,0,Y,,,0,Y,Y
hpbrain_navigation_items,2026_09_03_005400_brain_navigation_items.php,0,0,18,tenant_id,,4,1,0,0,Y,,,0,Y,Y
hpbrain_notifications,2026_01_01_001800_notifications_and_settings.php,0,0,10,tenant_id,,6,0,0,0,Y,,,2,Y,
hpbrain_occupation_capability_requirements,2026_01_01_002300_career_taxonomy.php,0,0,4,tenant_id,,4,0,4,0,Y,,,0,Y,Y
hpbrain_occupations,2026_01_01_002300_career_taxonomy.php,0,0,8,tenant_id,,4,2,2,0,Y,,,0,Y,Y
hpbrain_onboarding_sessions,2026_09_03_007600_brain_onboarding_sessions.php,0,0,13,tenant_id,,4,0,0,0,Y,,,0,Y,Y
hpbrain_operational_records,2026_09_03_009600_brain_operational_records.php,0,0,25,tenant_id,,8,1,0,0,Y,,,0,Y,Y
hpbrain_operational_rule_metadata,2026_09_03_010400_brain_operational_rule_metadata.php,1,0,11,tenant_id,,3,1,0,0,Y,,,0,Y,Y
hpbrain_organization_configs,2026_09_03_004800_brain_organization_configs.php,0,0,11,tenant_id,,5,1,0,0,Y,,,0,Y,Y
hpbrain_organization_modules,2026_09_03_005300_brain_organization_modules.php,0,0,11,tenant_id,,5,1,0,0,Y,,,0,Y,Y
hpbrain_organization_types,2026_09_03_006300_brain_organization_types.php,0,0,11,tenant_id,,5,1,0,0,Y,,,0,Y,Y
hpbrain_organization_units,2026_09_03_006400_brain_organization_units.php,0,0,16,tenant_id,,6,0,0,0,Y,,,0,Y,Y
hpbrain_organizations,2026_01_01_000000_organization.php,0,0,14,tenant_id,,8,2,0,0,Y,,,4,Y,
hpbrain_outcomes,2026_01_01_000900_outcomes_learnings.php,0,0,11,tenant_id,,6,0,2,0,Y,,,6,Y,
hpbrain_people,2026_01_01_000300_person.php,0,0,24,tenant_id,,16,4,0,0,Y,,,3,Y,
hpbrain_person_competencies,2026_09_03_007200_brain_person_competencies.php,0,0,11,tenant_id,,5,1,0,0,Y,,,0,Y,Y
hpbrain_person_roles,2026_09_03_007000_brain_person_roles.php,0,0,13,tenant_id,,5,1,0,0,Y,,,0,Y,Y
hpbrain_person_skills,2026_09_03_007100_brain_person_skills.php,0,0,12,tenant_id,,5,1,0,0,Y,,,0,Y,Y
hpbrain_placement_companies,2026_01_01_002500_placement_taxonomy.php,0,0,8,tenant_id,,2,0,0,0,N,,,0,Y,Y
hpbrain_placement_job_roles,2026_01_01_002500_placement_taxonomy.php,0,0,10,tenant_id,,4,0,2,0,Y,,,0,Y,Y
hpbrain_policies,2026_01_01_000700_intelligence_entities.php,0,0,19,tenant_id,,6,0,0,0,Y,,,4,Y,
hpbrain_positions,2026_09_03_006600_brain_positions.php,0,0,14,tenant_id,,5,0,0,0,Y,,,0,Y,Y
hpbrain_process_definitions,2026_01_01_003000_process_library.php,0,0,13,tenant_id,,8,2,0,0,Y,,,1,Y,
hpbrain_prompt_templates,2026_01_01_001600_conversation_engine.php,0,0,13,tenant_id,,4,0,2,0,Y,,,1,Y,
hpbrain_readiness_checks,2026_09_03_007900_brain_readiness_checks.php,0,0,8,tenant_id,,8,0,0,0,Y,,,0,Y,Y
hpbrain_reasoning_patterns,2026_01_01_003200_reasoning_pattern_library.php,0,0,13,tenant_id,,8,2,0,0,Y,,,1,Y,
hpbrain_reasoning_steps,2026_01_01_000700_intelligence_entities.php,0,0,10,tenant_id,,6,0,2,0,Y,,,8,Y,
hpbrain_recommendation_evidence,2026_09_03_009900_brain_recommendation_evidence.php,0,0,4,tenant_id,,2,0,2,0,Y,,,0,Y,Y
hpbrain_recommendations,2026_01_01_000700_intelligence_entities.php,0,1,19,tenant_id,,5,0,2,0,Y,,,10,Y,
hpbrain_refresh_tokens,2026_09_03_004600_brain_refresh_tokens.php,1,0,6,tenant_id,,2,0,0,0,Y,,,0,Y,Y
hpbrain_reporting_structures,2026_09_03_007500_brain_reporting_structures.php,0,0,13,tenant_id,,5,1,0,0,Y,,,0,Y,Y
hpbrain_risks,2026_01_01_001200_decision_intelligence.php,0,0,13,tenant_id,,6,0,4,0,Y,,,1,Y,
hpbrain_roles,2026_09_03_006500_brain_roles.php,0,0,12,tenant_id,,5,1,0,0,Y,,,0,Y,Y
hpbrain_settings,2026_01_01_001800_notifications_and_settings.php,0,0,5,tenant_id,,2,0,0,0,Y,,,1,Y,
hpbrain_signal_rules,2026_09_03_009100_brain_signal_rules.php,0,2,22,tenant_id,,4,1,0,0,Y,,,0,Y,Y
hpbrain_signals,2026_01_01_000700_intelligence_entities.php,0,4,18,tenant_id,,10,1,0,0,Y,,,18,Y,
hpbrain_skills,2026_09_03_006700_brain_skills.php,0,0,12,tenant_id,,5,1,0,0,Y,,,0,Y,Y
hpbrain_students,2026_09_03_010700_brain_students.php,0,0,12,tenant_id,academic_year,5,2,0,0,Y,,,0,Y,Y
hpbrain_telemetry_events,2026_01_01_003700_telemetry_library.php,0,0,11,tenant_id,,10,0,0,0,Y,,,3,Y,
hpbrain_template_overrides,2026_09_03_008000_brain_template_overrides.php,0,0,11,tenant_id,,5,1,0,0,Y,,,0,Y,Y
hpbrain_tenants,2026_01_01_002900_tenants.php,0,0,5,NONE,,2,0,0,0,,,,0,Y,Y
hpbrain_terminology,2026_09_03_004900_brain_terminology.php,0,0,13,tenant_id,,4,1,0,0,Y,,,0,Y,Y
hpbrain_themes,2026_09_03_005900_brain_themes.php,0,0,15,tenant_id,,4,1,0,0,Y,,,0,Y,Y
hpc_school_option,2026_09_22_190000_create_hpc_school_option_table.php,1,0,12,sub_institute_id,,3,1,0,0,Y,,,1,Y,
hrms_attendances,2023_05_25_120628_create_hrms_attendances_table.php,1,2,20,sub_institute_id,,0,0,0,0,N,,HrmsAttendance,19,,
hrms_departments,2023_05_20_230342_create_hrms_departments_table.php,1,3,14,sub_institute_id,,4,0,0,0,Y,,HrmsDepartment,89,,
hrms_departments_mapping,2024_06_20_120045_create_hrms_departments_mapping_table.php,1,0,12,sub_institute_id,,0,0,0,0,N,,,3,Y,
hrms_emp_leaves,2023_05_21_151219_create_hrms_emp_leaves_table.php,1,0,18,NONE,,0,0,1,0,,,HrmsEmpLeave,27,,
hrms_emp_payroll_deduction,2024_06_25_144125_create_hrms_emp_payroll_deduction_table.php,1,0,10,sub_institute_id,,0,0,0,0,N,,,3,Y,
hrms_holidays,2023_05_20_002322_create_hrms_holidays_table.php,1,1,10,NONE,,0,0,0,0,,,HrmsHoliday,9,,
hrms_in_out_times,2023_05_25_084729_create_hrms_in_out_times_table.php,1,0,9,sub_institute_id,,0,0,0,0,N,,HrmsInOutTime,1,,
hrms_job_titles,2023_05_25_073830_create_hrms_job_titles_table.php,1,0,8,sub_institute_id,,0,0,0,0,N,,HrmsJobTitle,6,,
hrms_leave_allocation,2024_01_10_173555_create_hrms_leave_allocation_table.php,1,2,10,sub_institute_id,,0,0,0,0,N,,,10,Y,
hrms_leave_role_permissions,2026_08_17_100200_create_hrms_leave_role_permissions_table.php,1,0,17,sub_institute_id,,4,1,0,0,Y,,HrmsLeaveRolePermission,1,,
hrms_leave_types,2023_05_15_220543_create_hrms_leave_types_table.php,1,2,10,sub_institute_id,,0,0,0,0,N,,HrmsLeaveType,21,,
hrms_leave_workflow_settings,2026_08_17_100100_create_hrms_leave_workflow_settings_table.php,1,0,16,sub_institute_id,,4,1,0,0,Y,,HrmsLeaveWorkflowSetting,1,,
hrms_salary_certificate,2024_02_15_143441_create_hrms_salary_certificate_table.php,1,0,13,sub_institute_id,,0,0,0,0,N,,,4,Y,
hrms_weekdays,2023_05_20_002145_create_hrms_weekdays_table.php,1,0,6,NONE,,0,0,0,0,,,HrmsWeekday,2,,
implementation_master,2023_03_05_115658_create_implementation_master_table.php,1,0,16,sub_institute_id,syear(string),0,0,0,1,N,N,implementation_MasterModel,3,,
import_table_fields,2023_03_05_115658_create_import_table_fields_table.php,1,1,9,NONE,,0,0,0,0,,,,5,Y,
imprest_fees_cancel,2023_03_05_115658_create_imprest_fees_cancel_table.php,1,0,18,sub_institute_id,syear(decimal),6,0,0,2,Y,Y,,5,Y,
incoming_messages,2024_09_05_113709_create_incoming_messages_table.php,1,0,11,NONE,,0,0,0,0,,,IncomingMessage,2,,
institute_detail,2023_03_05_115658_create_institute_detail_table.php,1,0,26,sub_institute_id,,1,0,0,0,Y,,instituteDetailModel,10,,
interaction_logs,2026_09_28_100100_create_interaction_logs_table.php,1,0,15,sub_institute_id,,4,0,0,0,Y,,InteractionLog,2,,
inventory_allocation_details,2023_03_05_115658_create_inventory_allocation_details_table.php,1,0,11,sub_institute_id,syear(string),2,0,0,0,N,N,inventory_item_allocationModel,9,,
inventory_generate_po_details,2023_03_05_115658_create_inventory_generate_po_details_table.php,1,0,30,sub_institute_id,syear(decimal),0,0,0,0,N,N,inventory_generate_poModel,8,,
inventory_item_category_master,2023_03_05_115658_create_inventory_item_category_master_table.php,1,0,8,sub_institute_id,syear(string),0,0,0,0,N,N,inventory_item_category_masterModel,9,,
inventory_item_defective_details,2023_03_05_115658_create_inventory_item_defective_details_table.php,1,0,18,sub_institute_id,syear(string),0,0,0,0,N,N,inventory_item_defectiveModel,4,,
inventory_item_direct_purchase,2023_03_05_115658_create_inventory_item_direct_purchase_table.php,1,0,18,sub_institute_id,syear(string),0,0,0,0,N,N,inventory_item_direct_purchaseModel,4,,
inventory_item_lost_details,2023_03_05_115658_create_inventory_item_lost_details_table.php,1,0,10,sub_institute_id,syear(string),0,0,0,0,N,N,inventory_item_lostModel,6,,
inventory_item_master,2023_03_05_115658_create_inventory_item_master_table.php,1,0,15,sub_institute_id,syear(integer),3,0,0,2,N,N,inventory_item_masterModel,25,,
inventory_item_quotation_details,2023_03_05_115658_create_inventory_item_quotation_details_table.php,1,0,20,sub_institute_id,syear(decimal),0,0,0,1,N,N,inventory_item_quotationModel,6,,
inventory_item_receivable_details,2023_03_05_115658_create_inventory_item_receivable_details_table.php,1,0,26,sub_institute_id,syear(string),0,0,0,0,N,N,inventory_item_receivableModel,6,,
inventory_item_return_details,2023_03_05_115658_create_inventory_item_return_details_table.php,1,0,12,sub_institute_id,syear(string),0,0,0,0,N,N,inventory_item_returnModel,5,,
inventory_item_sub_category_master,2023_03_05_115658_create_inventory_item_sub_category_master_table.php,1,0,9,sub_institute_id,syear(string),1,0,0,1,N,N,inventory_item_sub_category_masterModel,7,,
inventory_item_type,2023_03_05_115658_create_inventory_item_type_table.php,1,0,5,sub_institute_id,,0,0,0,0,N,,inventory_item_typeModel,6,,
inventory_master_setup,2023_03_05_115658_create_inventory_master_setup_table.php,1,0,12,sub_institute_id,syear(string),0,0,0,0,N,N,inventory_master_setupModel,4,,
inventory_negotiate_po_details,2023_03_05_115658_create_inventory_negotiate_po_details_table.php,1,0,30,sub_institute_id,syear(decimal),0,0,0,0,N,N,inventory_negotiate_poModel,5,,
inventory_requisition_details,2023_03_05_115658_create_inventory_requisition_details_table.php,1,0,24,sub_institute_id,syear(string),0,0,0,0,N,N,requisitionApprovedModel;requisitionModel,21,,
inventory_requisition_status_master,2023_03_05_115658_create_inventory_requisition_status_master_table.php,1,0,3,NONE,,0,0,0,0,,,inventory_status_masterModel,14,,
inventory_tax_master,2023_03_05_115658_create_inventory_tax_master_table.php,1,0,11,sub_institute_id,syear(string),0,0,0,0,N,N,inventory_tax_masterModel,4,,
inventory_vendor_master,2023_03_05_115658_create_inventory_vendor_master_table.php,1,0,31,sub_institute_id,syear(decimal),0,0,0,0,N,N,inventory_vendor_masterModel,9,,
inward,2023_03_05_115658_create_inward_table.php,1,0,15,sub_institute_id,syear(string),2,0,0,2,N,N,inwardModel,24,,
item_scan_details,2025_01_16_122609_create_item_scan_details_table.php,1,0,11,sub_institute_id,syear(bigInteger),0,0,0,0,N,N,itemScanDetail,7,,
job_batches,2026_08_20_000001_create_jobs_table.php,2,0,10,NONE,,2,0,0,0,,,,0,Y,Y
jobrole_competency_map,2026_08_21_130000_add_kasba_rating_support_columns.php,1,0,9,sub_institute_id,,3,1,0,0,Y,,,7,Y,
jobrole_task_competency_map,2026_08_20_101000_create_competency_task_map_tables.php,1,0,6,sub_institute_id,,4,1,0,0,Y,,,1,Y,
jobs,2026_08_20_000001_create_jobs_table.php,2,0,7,NONE,,2,0,0,0,,,,26,Y,
knowledge_base,2023_03_05_115658_create_knowledge_base_table.php,1,0,5,NONE,,0,0,0,0,,,,6,Y,
knowledge_base_detail,2023_03_05_115658_create_knowledge_base_detail_table.php,1,1,6,NONE,,0,0,0,0,,,,7,Y,
lb_master,2023_03_05_115658_create_lb_master_table.php,1,0,11,sub_institute_id,,1,0,0,2,Y,,lb_masterModel,9,,
lb_points,2023_03_05_115658_create_lb_points_table.php,1,0,10,sub_institute_id,syear(integer),2,0,0,0,Y,Y,lb_pointsModel,6,,
learner_node_state,2026_08_31_100500_create_learner_node_state_table.php,1,5,20,sub_institute_id,,3,1,0,0,N,,LearnerNodeState,17,,
learning_outcome_exam_type_master,2023_03_05_115658_create_learning_outcome_exam_type_master_table.php,1,0,2,NONE,,0,0,0,0,,,,6,Y,
learning_outcome_indicator,2023_03_05_115658_create_learning_outcome_indicator_table.php,1,0,9,NONE,,4,0,0,0,,,,13,Y,
learning_outcome_pdf,2023_03_05_115658_create_learning_outcome_pdf_table.php,1,0,6,NONE,,0,0,0,0,,,,12,Y,
learning_outcome_question_master,2023_03_05_115658_create_learning_outcome_question_master_table.php,1,0,11,NONE,syear(string),7,0,0,0,,Y,,10,Y,
learning_outcome_student_marks,2023_03_05_115658_create_learning_outcome_student_marks_table.php,1,0,14,sub_institute_id,syear(integer),8,0,0,0,Y,N,,8,Y,
leave_applications,2023_03_05_115658_create_leave_applications_table.php,1,0,18,sub_institute_id,syear(integer),0,0,0,0,N,N,leaveApplication,12,,
lessonplan,2023_03_05_115658_create_lessonplan_table.php,1,2,25,sub_institute_id,syear(integer),0,0,0,4,N,N,lessonplanningModel,13,,
lessonplan_execution,2023_03_05_115658_create_lessonplan_execution_table.php,1,0,14,sub_institute_id,syear(integer),0,0,0,4,N,N,lessonplanning_executionModel,5,,
library_book_circulations,2023_06_18_165836_create_library_book_circulations_table.php,1,2,10,NONE,,0,0,2,0,,,LibraryBookCirculation,13,,
library_books,2023_06_01_234714_create_library_books_table.php,1,0,45,NONE,academic_year,0,0,0,0,,,LibraryBook,9,,
library_items,2023_06_01_235854_create_library_items_table.php,1,0,15,NONE,,0,0,1,0,,,LibraryItem,10,,
lms_assessment_typology,2026_05_21_102502_create_lms_assessment_typology_table.php,1,0,8,NONE,,0,0,1,0,,,,2,Y,
lms_assignment,2023_03_05_115658_create_lms_assignment_table.php,1,3,35,sub_institute_id,syear(integer),0,0,0,4,N,N,lms_assignmentModel,16,,
lms_assignments,2026_08_21_090600_add_competency_link_to_lms_assignments_table.php,2,2,23,sub_institute_id,,10,2,0,0,N,,,7,Y,
lms_certificates,2026_09_05_220000_create_lms_certificates_table.php,1,0,25,sub_institute_id,,12,2,0,0,Y,,LmsCertificate,3,,
lms_chapter_standard_map,2026_05_21_101743_create_lms_chapter_standard_map_table.php,1,0,3,NONE,,2,0,2,0,,,,2,Y,
lms_chapter_topic_mapping,2026_05_30_103234_create_lms_chapter_topic_mapping_table.php,1,0,12,sub_institute_id,,8,0,0,0,Y,,,0,Y,Y
lms_class_insights,2026_06_18_153544_create_lms_student_profile_table.php,1,0,11,NONE,,0,0,0,0,,,,1,Y,
lms_competency_standards,2026_05_21_101524_create_lms_competency_standards_table.php,2,0,12,NONE,,3,2,4,0,,,,2,Y,
lms_concept,2026_05_16_153546_create_lms_concept_table.php,1,5,18,sub_institute_id,syear(integer),1,0,0,0,N,N,LmsConceptModel,92,,
lms_concept_intelligence_index,2026_09_08_090000_create_lms_concept_intelligence_index_table.php,1,0,13,sub_institute_id,,4,1,0,0,Y,,,3,Y,
lms_concept_intelligence_tab_labels,2026_08_22_100000_create_lms_concept_intelligence_tab_labels_table.php,1,0,7,sub_institute_id,,1,1,0,0,Y,,,2,Y,
lms_concept_mastery,2026_06_18_151107_create_lms_concept_mastery_log_table.php,1,0,7,NONE,,0,0,0,0,,,LmsConceptMasteryModel,3,,
lms_concept_mastery_log,2026_06_18_151107_create_lms_concept_mastery_log_table.php,1,0,8,NONE,,0,0,0,0,,,LmsConceptMasteryLogModel,4,,
lms_content_authoring_audit,2026_09_08_120000_create_lms_content_authoring_audit_table.php,1,0,20,sub_institute_id,,3,1,0,0,Y,,ContentAuthoringAudit,1,,
lms_content_category,2023_03_05_115658_create_lms_content_category_table.php,1,0,4,sub_institute_id,,0,0,0,0,N,,lmsContentCategoryModel,6,,
lms_content_metadata,2026_06_18_153544_create_lms_student_profile_table.php,1,0,10,NONE,,0,0,0,0,,,,1,Y,
lms_content_notes,2026_09_05_220300_create_lms_content_notes_table.php,1,0,14,sub_institute_id,,6,0,0,0,Y,,,1,Y,
lms_content_progress,2026_09_05_220200_create_lms_content_progress_table.php,1,0,15,sub_institute_id,,8,1,0,0,Y,,,5,Y,
lms_content_provenance,2026_09_07_170000_create_lms_content_provenance_table.php,1,0,14,NONE,,3,1,0,0,,,ContentProvenance,4,,
lms_content_recommendations,2026_06_18_153544_create_lms_student_profile_table.php,1,0,12,NONE,,0,0,0,0,,,,1,Y,
lms_content_resource_metadata,2026_09_07_100000_create_lms_content_resource_metadata_table.php,1,0,17,sub_institute_id,,3,1,1,0,Y,,ContentResourceMetadata,1,,
lms_course_discussion_replies,2026_09_05_220400_create_lms_course_discussions_table.php,1,0,12,sub_institute_id,,3,0,0,0,Y,,,1,Y,
lms_course_discussions,2026_09_05_220400_create_lms_course_discussions_table.php,1,0,16,sub_institute_id,,6,0,0,0,Y,,,1,Y,
lms_course_enroll,2026_09_05_220100_create_lms_course_enroll_table.php,1,1,13,sub_institute_id,,5,1,2,0,Y,,LmsCourseEnroll,9,,
lms_course_prerequisites,2026_09_05_220200_create_lms_course_prerequisites_table.php,1,0,8,sub_institute_id,,3,1,0,0,Y,,LmsCoursePrerequisite,5,,
lms_course_settings,2026_09_05_220100_create_lms_course_settings_table.php,1,1,26,sub_institute_id,,2,1,0,0,Y,,LmsCourseSetting,6,,
lms_curriculum,2024_10_11_155842_create_lms_curriculum_table.php,1,4,23,sub_institute_id,syear(bigInteger),1,1,0,0,N,Y,,17,Y,
lms_doubt,2023_03_05_115658_create_lms_doubt_table.php,1,0,13,sub_institute_id,syear(integer),2,0,0,2,Y,Y,doubtModel,8,,
lms_doubt_conversation,2023_03_05_115658_create_lms_doubt_conversation_table.php,1,0,8,sub_institute_id,syear(integer),2,0,0,0,Y,N,doubtConversationModel,7,,
lms_flashcard,2023_03_05_115658_create_lms_flashcard_table.php,1,0,14,sub_institute_id,syear(integer),0,0,0,4,N,N,flashcardModel,9,,
lms_forgetting_curve,2026_06_18_153544_create_lms_student_profile_table.php,1,0,10,NONE,,0,0,0,0,,,LmsForgettingCurveModel,3,,
lms_integrations,2026_09_06_100200_create_lms_integrations_table.php,1,0,17,sub_institute_id,,2,1,0,0,Y,,LmsIntegration,3,,
lms_intelligence_lesson_plans,2026_06_17_114424_create_lms_intelligence_lesson_plans_table.php,1,0,27,sub_institute_id,syear(integer),4,1,0,0,Y,Y,,9,Y,
lms_knowledge_graph,2026_06_18_153544_create_lms_student_profile_table.php,1,0,7,NONE,,0,0,0,0,,,LmsKnowledgeGraphModel,3,,
lms_learning_objectives,2026_05_28_121237_create_lms_learning_objectives_table.php,1,0,7,NONE,,0,0,0,0,,,,2,Y,
lms_learning_outcomes,2026_05_21_100453_create_lms_learning_outcomes_table.php,1,1,8,NONE,,1,0,1,0,,,,8,Y,
lms_lesson_plan,2023_03_05_115658_create_lms_lesson_plan_table.php,1,2,55,sub_institute_id,syear(bigInteger),0,0,0,4,N,N,LmsLessonPlan,5,,
lms_lesson_plan_concepts,2026_06_17_114853_create_lms_lesson_plan_concepts_table.php,1,3,9,sub_institute_id,,6,2,2,0,Y,,,7,Y,
lms_lesson_plan_periods,2026_06_17_114650_create_lms_lesson_plan_periods_table.php,1,3,32,sub_institute_id,,11,0,2,0,Y,,,10,Y,
lms_lessonplan_dayswise,2023_03_05_115658_create_lms_lessonplan_dayswise_table.php,1,0,24,sub_institute_id,,0,0,0,0,N,,LmsLessonPlanDayWise,2,,
lms_mapping_type,2023_03_05_115658_create_lms_mapping_type_table.php,1,1,9,NONE,,0,0,0,2,,,lmsmappingtypeModel,40,,
lms_master_mapping,2026_05_27_000001_create_lms_master_mapping_table.php,1,0,7,NONE,,0,0,0,0,,,,0,Y,Y
lms_misconceptions,2026_05_15_120342_create_lms_misconceptions_table.php,1,1,15,sub_institute_id,,0,0,0,0,N,,,2,Y,
lms_offline_exam,2023_03_05_115658_create_lms_offline_exam_table.php,1,0,11,sub_institute_id,syear(integer),0,0,0,0,N,N,lmsOfflineExamModel,7,,
lms_offline_exam_answer,2023_03_05_115658_create_lms_offline_exam_answer_table.php,1,0,8,NONE,,0,0,0,3,,,lmsOfflineExamAnswerModel,4,,
lms_online_exam,2023_03_05_115658_create_lms_online_exam_table.php,1,0,8,NONE,,1,1,0,0,,,lmsOnlineExamModel,39,,
lms_online_exam_answer,2023_03_05_115658_create_lms_online_exam_answer_table.php,1,0,9,NONE,,0,0,0,0,,,lmsOnlineExamAnswerModel,31,,
lms_online_exam_answer_student,2024_03_30_123353_create_lms_online_exam_answer_student_table.php,1,0,10,NONE,,0,0,0,0,,,lmsOnlineExamAnswerStudent,4,,
lms_online_exam_student,2024_03_30_130801_create_lms_online_exam_student_table.php,1,0,9,NONE,,0,0,0,0,,,lmsOnlineExamStudent,6,,
lms_peer_tutoring_groups,2026_06_18_153544_create_lms_student_profile_table.php,1,0,8,NONE,,0,0,0,0,,,,1,Y,
lms_portfolio,2023_03_05_115658_create_lms_portfolio_table.php,1,0,12,sub_institute_id,syear(integer),0,0,0,0,N,N,portfolioModel,5,,
lms_practice_sessions,2026_06_18_151107_create_lms_concept_mastery_log_table.php,1,0,10,NONE,,0,0,0,0,,,,0,Y,Y
lms_question_mapping,2023_03_05_115658_create_lms_question_mapping_table.php,1,1,5,NONE,,0,0,0,0,,,lmsQuestionMappingModel,25,,
lms_question_master,2023_03_05_115658_create_lms_question_master_table.php,1,12,33,sub_institute_id,,5,1,0,5,N,,lmsQuestionMasterModel,92,,
lms_session_registrations,2026_09_05_230300_create_lms_session_registrations_table.php,1,0,13,sub_institute_id,,5,1,0,0,Y,,,1,Y,
lms_student_engagement,2026_06_18_153544_create_lms_student_profile_table.php,1,0,11,NONE,,0,0,0,0,,,,1,Y,
lms_student_profile,2026_06_18_153544_create_lms_student_profile_table.php,1,0,12,NONE,,0,0,0,0,,,,2,Y,
lms_syllabus,2024_10_14_155609_create_lms_syllabus_table.php,1,0,14,sub_institute_id,,0,0,0,0,N,,,3,Y,
lms_teacher_interventions,2026_06_18_153544_create_lms_student_profile_table.php,1,0,12,NONE,,0,0,0,0,,,,1,Y,
lms_teacher_resource,2023_03_05_115658_create_lms_teacher_resource_table.php,1,2,19,sub_institute_id,syear(integer),3,0,0,4,Y,N,teacherResourceModel,9,,
lms_trainers,2026_09_06_100100_create_lms_trainers_table.php,1,0,20,sub_institute_id,,3,0,0,0,Y,,LmsTrainer,3,,
lms_units,2026_05_21_095949_create_lms_units_table.php,1,3,10,NONE,,1,1,1,0,,,,12,Y,
lms_vendors,2026_09_06_100000_create_lms_vendors_table.php,1,0,22,sub_institute_id,,1,0,0,0,Y,,LmsVendor,3,,
lms_virtual_classroom,2023_03_05_115658_create_lms_virtual_classroom_table.php,1,2,33,sub_institute_id,syear(integer),0,0,0,5,N,N,virtualclassroomModel,10,,
lo_category,2023_03_05_115658_create_lo_category_table.php,1,0,12,sub_institute_id,syear(integer),0,0,0,3,N,N,locategoryModel,4,,
lo_indicator,2023_03_05_115658_create_lo_indicator_table.php,1,0,14,sub_institute_id,syear(integer),0,0,0,0,N,N,loindicatorModel,5,,
lo_master,2023_03_05_115658_create_lo_master_table.php,1,0,14,sub_institute_id,syear(integer),0,0,0,0,N,N,lomasterModel,8,,
mapped_teachers,2024_04_18_121851_create_mapped_teachers_table.php,1,0,10,sub_institute_id,syear(integer),0,0,0,0,N,N,,4,Y,
master_compliance,2025_01_25_121952_create_master_compliance_table.php,1,0,12,sub_institute_id,,0,0,1,0,N,,,4,Y,
master_fields,2025_02_14_113042_create_master_fields_table.php,1,1,15,NONE,,0,0,0,0,,,masterFieldModel,2,,
master_fields_institute,2025_02_15_114457_create_master_fields_institute_table.php,1,0,18,sub_institute_id,,0,0,0,0,N,,masterFieldInstituteModel,3,,
master_fields_table,2025_02_24_142657_create_master_fields_table_table.php,1,0,12,sub_institute_id,,0,0,0,0,N,,mastreFieldsTable,2,,
master_setup_select,2024_07_16_140316_create_master_setup_select_table.php,1,0,7,sub_institute_id,,0,0,0,0,N,,,6,Y,
master_skills,2025_01_16_164957_create_master_skills_table.php,1,0,12,sub_institute_id,,0,0,0,0,N,,masterSkill;skill,4,,
mbti_answer,2023_03_05_115658_create_mbti_answer_table.php,1,0,3,NONE,,0,0,0,0,,,,2,Y,
mbti_paper,2023_03_05_115658_create_mbti_paper_table.php,1,0,4,sub_institute_id,,0,0,0,0,N,,,2,Y,
mcp_audit_logs,2026_07_30_000001_create_mcp_audit_logs_table.php,1,0,14,sub_institute_id,,5,0,0,0,Y,,,6,Y,
mcp_confirmation_requests,2026_07_30_000002_create_mcp_confirmation_requests_table.php,1,0,12,sub_institute_id,,6,1,0,0,Y,,,2,Y,
mobile_dynamic_page,2026_09_23_150000_create_mobile_dynamic_page_tables.php,1,0,9,sub_institute_id,,2,1,0,0,Y,,mobile_dynamic_pageModel,3,,
mobile_dynamic_page_field,2026_09_23_150000_create_mobile_dynamic_page_tables.php,1,1,11,NONE,,1,0,1,0,,,mobile_dynamic_page_fieldModel,3,,
mobile_homescreen,2023_03_05_115658_create_mobile_homescreen_table.php,1,0,20,sub_institute_id,,0,0,0,0,N,,mobile_homescreenModel,8,,
mobile_page_versions,2026_09_24_100000_create_mobile_pages_tables.php,1,0,10,NONE,,1,0,1,0,,,mobile_page_versionModel,3,,
mobile_pages,2026_09_24_100000_create_mobile_pages_tables.php,1,0,12,sub_institute_id,,2,1,0,0,Y,,mobile_pageModel,3,,
mobile_web_handoff_token,2026_09_22_210000_create_mobile_web_handoff_token_table.php,1,0,15,sub_institute_id,syear(integer),4,1,0,0,Y,N,,2,Y,
mst_item_status,2025_01_15_164229_create_mst_item_status_table.php,1,0,9,sub_institute_id,,0,0,0,0,N,,itemStatus,5,,
nach_ac_type,2023_03_05_115658_create_nach_ac_type_table.php,1,0,5,sub_institute_id,,0,0,0,0,N,,ac_typeModel,3,,
nach_master,2023_03_05_115658_create_nach_master_table.php,1,0,10,sub_institute_id,,0,0,0,0,N,,,4,Y,
new_admission_inquiry_registration,2023_03_05_115658_create_new_admission_inquiry_registration_table.php,1,0,118,sub_institute_id,syear(integer),0,0,0,0,N,N,,5,Y,
new_client_rights,2023_03_05_115658_create_new_client_rights_table.php,1,0,2,NONE,,0,0,0,0,,,,1,Y,
o_net_data_categories,2023_11_07_101252_create_o_net_data_categories_table.php,1,0,4,NONE,,0,0,0,0,,,ONetDataCategory,1,,
o_net_data_occupations,2023_11_07_102327_create_o_net_data_occupations_table.php,1,0,8,NONE,,0,0,0,0,,,ONetDataOccupation,1,,
o_net_data_sub_categories,2023_11_27_162445_create_o_net_data_sub_categories_table.php,1,1,9,NONE,,0,0,0,0,,,ONetDataSubCategory,2,,
o_net_data_table_lists,2023_11_27_223219_create_o_net_data_table_lists_table.php,1,0,4,NONE,,0,0,0,0,,,ONetDataTableList,1,,
o_net_data_tables,2023_11_27_184747_create_o_net_data_tables_table.php,1,3,14,NONE,,0,0,0,0,,,ONetDataTable,2,,
o_net_occupation_detail_abilities_summeries,2023_11_07_125538_create_o_net_occupation_detail_abilities_summeries_table.php,1,0,8,NONE,,0,0,0,0,,,ONetOccupationDetailAbilitiesSummery,1,,
o_net_occupation_detail_education_summeries,2023_11_07_131339_create_o_net_occupation_detail_education_summeries_table.php,1,1,9,NONE,,0,0,0,0,,,ONetOccupationDetailEducationSummery,1,,
o_net_occupation_detail_interest_summeries,2023_11_07_132210_create_o_net_occupation_detail_interest_summeries_table.php,1,0,8,NONE,,0,0,0,0,,,ONetOccupationDetailInterestSummery,1,,
o_net_occupation_detail_job_zone_summeries,2023_11_07_130428_create_o_net_occupation_detail_job_zone_summeries_table.php,1,1,11,NONE,,0,0,0,0,,,ONetOccupationDetailJobZoneSummery,1,,
o_net_occupation_detail_knowledge_summeries,2023_11_07_123949_create_o_net_occupation_detail_knowledge_summeries_table.php,1,0,8,NONE,,0,0,0,0,,,ONetOccupationDetailKnowledgeSummery,1,,
o_net_occupation_detail_list_summaries,2023_11_07_115925_create_o_net_occupation_detail_list_summaries_table.php,1,0,6,NONE,,0,0,0,0,,,ONetOccupationDetailListSummary,1,,
o_net_occupation_detail_lists,2023_11_07_110833_create_o_net_occupation_detail_lists_table.php,1,1,9,NONE,,0,0,0,0,,,ONetOccupationDetailList,1,,
o_net_occupation_detail_skill_summeries,2023_11_07_124627_create_o_net_occupation_detail_skill_summeries_table.php,1,0,8,NONE,,0,0,0,0,,,ONetOccupationDetailSkillSummery,2,,
o_net_occupation_detail_tech_skill_summeries,2023_11_07_121919_create_o_net_occupation_detail_tech_skill_summeries_table.php,1,0,8,NONE,,0,0,0,0,,,ONetOccupationDetailTechSkillSummery,1,,
o_net_occupation_detail_work_activity_summeries,2023_11_07_125949_create_o_net_occupation_detail_work_activity_summeries_table.php,1,0,8,NONE,,0,0,0,0,,,ONetOccupationDetailWorkActivitySummery,1,,
o_net_occupation_detail_work_style_summeries,2023_11_07_132518_create_o_net_occupation_detail_work_style_summeries_table.php,1,0,8,NONE,,0,0,0,0,,,ONetOccupationDetailWorkStyleSummery,1,,
o_net_occupation_detail_work_value_summeries,2023_11_07_132816_create_o_net_occupation_detail_work_value_summeries_table.php,1,0,8,NONE,,0,0,0,0,,,ONetOccupationDetailWorkValueSummery,1,,
o_net_occupation_details,2023_11_07_104535_create_o_net_occupation_details_table.php,1,1,9,NONE,,0,0,0,0,,,ONetOccupationDetail,1,,
old_question_category_master,2023_03_05_115658_create_old_question_category_master_table.php,1,0,5,NONE,,0,0,0,0,,,,1,Y,
old_question_level_master,2023_03_05_115658_create_old_question_level_master_table.php,1,0,4,NONE,,0,0,0,0,,,,1,Y,
onboarding_module,2026_08_03_100100_create_onboarding_module_table.php,1,0,11,sub_institute_id,,2,1,0,0,Y,,OnboardingModuleModel,5,,
onboarding_progress,2026_08_03_100300_create_onboarding_progress_table.php,1,0,14,sub_institute_id,syear(integer),2,1,0,0,Y,Y,OnboardingProgressModel,4,,
onboarding_step,2026_08_03_100200_create_onboarding_step_table.php,1,0,22,NONE,,2,1,0,0,,,OnboardingStepModel,3,,
onet_employer,2024_08_14_152406_onet_employer.php,1,0,18,NONE,,0,0,0,0,,,OnetEmployer,2,,
onet_expert_advice,2024_08_20_121045_create_onet_expert_advice.php,1,0,14,NONE,,0,0,0,0,,,,2,Y,
onet_explore_sector,2024_08_20_120337_create_onet_explore_sector.php,1,0,8,NONE,,0,0,0,0,,,,2,Y,
onet_institute_courses,2024_08_12_151325_onet_institute_courses.php,1,0,16,institute_id,,0,0,1,0,N,,,2,Y,
onet_institute_data,2024_08_12_144828_onet_institute_data.php,1,0,14,NONE,,1,1,0,0,,,OnetInstitutes,3,,
ontology_entities,2026_08_20_000002_create_ontology_tables.php,1,0,21,sub_institute_id,,6,1,0,0,Y,,,1,Y,
ontology_relationships,2026_08_20_000002_create_ontology_tables.php,1,0,22,sub_institute_id,,7,1,0,0,Y,,,5,Y,
org_compliance_library,2026_08_19_175453_create_org_compliance_library_table.php,1,1,25,sub_institute_id,,12,0,0,0,Y,,ComplianceLibraryRecord,5,,
org_details,2026_08_17_140000_create_org_details_table.php,1,1,19,sub_institute_id,,7,0,3,0,Y,,organizationDetails,3,,
org_disciplinary_library,2026_08_19_175454_create_org_disciplinary_library_table.php,1,0,19,sub_institute_id,,12,0,1,0,Y,,DisciplinaryRecord,3,,
org_sister_details,2026_08_17_140200_create_org_sister_details_table.php,1,1,20,sub_institute_id,,7,0,4,0,Y,,organizationSisterDetails,2,,
outward,2023_03_05_115658_create_outward_table.php,1,0,15,sub_institute_id,syear(string),2,0,0,0,N,N,outwardModel,16,,
pal_adaptive_response,2026_09_17_100200_create_pal_adaptive_response_table.php,1,0,12,sub_institute_id,,2,0,0,0,N,,AdaptiveResponse,8,,
pal_architecture_settings,2026_08_14_160000_create_pal_architecture_settings_table.php,1,0,8,sub_institute_id,,2,1,0,0,Y,,,4,Y,
pal_assessment_results,2026_06_11_131905_create_pal_tables.php,1,0,8,NONE,,1,0,0,0,,,,13,Y,
pal_badges,2026_08_17_100000_create_pal_gamification_tables.php,1,0,19,NONE,,2,1,0,0,,,Badge,3,,
pal_career_quest_states,2026_08_17_100000_create_pal_gamification_tables.php,1,0,11,NONE,,1,1,0,0,,,CareerQuestState,1,,
pal_challenge_mode_optins,2026_08_17_100000_create_pal_gamification_tables.php,1,0,7,NONE,,1,1,0,0,,,ChallengeModeOptIn,2,,
pal_challenge_mode_scores,2026_08_17_100000_create_pal_gamification_tables.php,1,0,20,sub_institute_id,syear(unsignedInteger),2,0,0,0,N,N,ChallengeModeScore,1,,
pal_challenge_mode_settings,2026_08_17_100000_create_pal_gamification_tables.php,1,0,10,sub_institute_id,syear(unsignedInteger),1,1,0,0,Y,Y,ChallengeModeSetting,1,,
pal_chapter_alignment,2026_08_18_130000_create_pal_chapter_alignment_table.php,1,0,15,sub_institute_id,,3,1,0,0,Y,,,2,Y,
pal_classroom_activities,2026_06_11_131905_create_pal_tables.php,1,0,5,NONE,,1,0,0,0,,,,2,Y,
pal_cm_enrichment,2026_08_14_100000_create_pal_content_model_tables.php,1,0,14,sub_institute_id,,3,1,0,0,Y,,,2,Y,
pal_cm_node_overrides,2026_08_14_100000_create_pal_content_model_tables.php,1,0,23,sub_institute_id,,4,1,0,0,Y,,,4,Y,
pal_cm_node_revisions,2026_08_14_100000_create_pal_content_model_tables.php,1,0,13,sub_institute_id,,3,1,0,0,Y,,,1,Y,
pal_collaboration_activities,2026_06_11_131905_create_pal_tables.php,1,0,7,NONE,,1,0,0,0,,,,6,Y,
pal_competencies,2026_06_11_131905_create_pal_tables.php,1,0,10,NONE,,2,0,2,0,,,Competency,20,,
pal_concept_metadata,2026_08_13_100000_create_pal_content_intelligence_tables.php,1,0,23,sub_institute_id,,3,1,0,0,Y,,ConceptMetadata,11,,
pal_concept_nodes,2026_08_31_100400_create_pal_concept_nodes_table.php,1,0,10,sub_institute_id,,2,0,0,0,Y,,ConceptNode,22,,
pal_concept_relations,2026_08_13_100000_create_pal_content_intelligence_tables.php,1,0,15,sub_institute_id,,2,1,0,0,Y,,ConceptRelation,18,,
pal_concept_video,2026_09_16_120000_create_pal_concept_video_table.php,1,0,28,sub_institute_id,,3,0,0,0,Y,,ConceptVideo,5,,
pal_concepts,2026_06_11_131905_create_pal_tables.php,1,0,13,NONE,,1,0,1,0,,,Concept,10,,
pal_content_metadata,2026_08_13_100000_create_pal_content_intelligence_tables.php,1,2,55,sub_institute_id,,7,1,0,0,Y,,ContentMetadata,16,,
pal_content_recommendations,2026_06_11_131905_create_pal_tables.php,1,0,7,NONE,,1,0,1,0,,,,4,Y,
pal_content_review_log,2026_08_13_100000_create_pal_content_intelligence_tables.php,1,0,12,sub_institute_id,,3,0,0,0,Y,,ContentReviewLog,1,,
pal_contents,2026_06_11_131905_create_pal_tables.php,1,1,14,NONE,,0,0,1,0,,,,7,Y,
pal_curriculum_versions,2026_09_08_130000_create_pal_curriculum_versions_table.php,1,1,12,sub_institute_id,academic_year,2,1,0,0,Y,,CurriculumVersion,2,,
pal_diagnostic_attempt,2026_09_17_100000_create_pal_diagnostic_attempt_table.php,1,0,19,sub_institute_id,syear(unsignedInteger),3,0,0,0,N,N,DiagnosticAttempt,2,,
pal_diagnostic_response,2026_09_17_100100_create_pal_diagnostic_response_table.php,1,0,12,NONE,,3,1,0,0,,,DiagnosticResponse,5,,
pal_discussions,2026_06_11_131905_create_pal_tables.php,1,0,6,NONE,,1,0,0,0,,,,2,Y,
pal_flow_assignments,2026_09_21_100000_create_pal_flow_profile_tables.php,1,0,6,sub_institute_id,,2,1,0,0,Y,,,2,Y,
pal_flow_profile_versions,2026_09_21_100000_create_pal_flow_profile_tables.php,1,0,11,NONE,,2,1,0,0,,,,1,Y,
pal_flow_profiles,2026_09_21_100000_create_pal_flow_profile_tables.php,1,0,10,sub_institute_id,,3,1,0,0,Y,,,3,Y,
pal_framework_progress,2026_08_13_100000_add_pal_framework_metadata.php,1,0,11,NONE,,1,1,0,0,,,FrameworkProgress,4,,
pal_gamification_notifications,2026_08_17_100000_create_pal_gamification_tables.php,1,0,10,NONE,,2,0,0,0,,,GamificationNotification,1,,
pal_group_activities,2026_06_11_131905_create_pal_tables.php,1,0,5,NONE,,1,0,0,0,,,,2,Y,
pal_h5p_node_metadata,2026_08_14_150000_create_pal_h5p_node_metadata_table.php,1,0,37,sub_institute_id,,4,1,0,0,Y,,H5PNodeMetadata,5,,
pal_learner_badges,2026_08_17_100000_create_pal_gamification_tables.php,1,0,11,NONE,,2,1,0,0,,,LearnerBadge,3,,
pal_learner_content_exposure,2026_08_13_100000_create_pal_content_intelligence_tables.php,1,1,20,sub_institute_id,,4,0,0,0,N,,LearnerContentExposure,2,,
pal_learner_misconceptions,2026_06_11_131905_create_pal_tables.php,1,0,8,NONE,,1,0,2,0,,,,10,Y,
pal_learner_preferences,2026_06_11_131905_create_pal_tables.php,1,0,6,NONE,,1,1,0,0,,,,5,Y,
pal_learner_states,2026_06_11_131905_create_pal_tables.php,1,0,12,NONE,,1,0,1,0,,,LearnerState,4,,
pal_learner_streaks,2026_08_17_100000_create_pal_gamification_tables.php,1,0,12,NONE,,1,1,0,0,,,LearnerStreak,1,,
pal_learning_events,2026_06_11_131905_create_pal_tables.php,1,1,9,NONE,,1,0,0,0,,,,7,Y,
pal_learning_evidence,2026_08_13_100000_add_pal_framework_metadata.php,1,0,17,NONE,,1,0,0,0,,,LearningEvidence,10,,
pal_learning_journals,2026_06_11_131905_create_pal_tables.php,1,0,5,NONE,,1,0,0,0,,,,2,Y,
pal_learning_patterns,2026_06_11_131905_create_pal_tables.php,1,0,7,NONE,,1,0,0,0,,,,2,Y,
pal_learning_plans,2026_06_11_131905_create_pal_tables.php,1,0,5,NONE,,1,0,0,0,,,,3,Y,
pal_learning_relations,2026_09_16_100000_create_pal_learning_relations_table.php,1,0,14,sub_institute_id,,3,1,0,0,Y,,LearningRelation,6,,
pal_learning_sessions,2026_06_11_131905_create_pal_tables.php,1,4,16,NONE,,1,0,1,0,,,LearningSession,15,,
pal_misconception_corrective,2026_08_13_100000_create_pal_content_intelligence_tables.php,1,0,23,sub_institute_id,,2,0,0,0,Y,,MisconceptionCorrective,7,,
pal_misconception_library,2026_08_13_100000_create_pal_content_intelligence_tables.php,1,1,25,sub_institute_id,,4,1,0,0,Y,,MisconceptionLibrary,14,,
pal_misconceptions,2026_06_11_131905_create_pal_tables.php,1,0,8,NONE,,0,0,1,0,,,,8,Y,
pal_pedagogy_effectiveness,2026_06_11_131905_create_pal_tables.php,1,1,11,NONE,,1,0,0,0,,,,3,Y,
pal_pedagogy_engine_modules,2026_08_14_130000_create_pal_pedagogy_engine_modules_table.php,1,0,10,NONE,,1,1,0,0,,,PedagogyEngineModule,1,,
pal_pedagogy_engine_rules,2026_08_14_120000_create_pal_pedagogy_engine_tables.php,1,0,17,NONE,,2,1,0,0,,,PedagogyEngineRule,8,,
pal_pedagogy_engine_sections,2026_08_14_120000_create_pal_pedagogy_engine_tables.php,1,0,15,NONE,,2,1,0,0,,,PedagogyEngineSection,3,,
pal_personal_best_events,2026_08_17_100000_create_pal_gamification_tables.php,1,0,13,NONE,,1,0,0,0,,,PersonalBestEvent,1,,
pal_personal_bests,2026_08_17_100000_create_pal_gamification_tables.php,1,0,13,NONE,,2,1,0,0,,,PersonalBest,1,,
pal_pilot_enrollments,2026_08_31_120000_create_pal_pilot_enrollments_table.php,1,0,11,sub_institute_id,,3,1,0,0,N,,PilotEnrollment,2,,
pal_question_metadata,2026_08_13_100000_create_pal_content_intelligence_tables.php,1,7,73,sub_institute_id,,9,1,0,0,Y,,QuestionMetadata,18,,
pal_recommendation_log,2026_08_19_120000_create_pal_recommendation_log_table.php,1,2,21,sub_institute_id,,4,0,0,0,Y,,,2,Y,
pal_reflections,2026_06_11_131905_create_pal_tables.php,1,1,11,NONE,,1,0,0,0,,,,3,Y,
pal_relation_audit,2026_09_16_100100_create_pal_relation_audit_table.php,1,0,13,sub_institute_id,,2,0,0,0,Y,,RelationAudit,2,,
pal_remediation_sessions,2026_06_11_131905_create_pal_tables.php,1,0,8,NONE,,1,0,1,0,,,,2,Y,
pal_remediations,2026_06_11_131905_create_pal_tables.php,1,0,9,NONE,,0,0,1,0,,,,2,Y,
pal_self_corrections,2026_06_11_131905_create_pal_tables.php,1,0,5,NONE,,1,0,0,0,,,,2,Y,
pal_session_events,2026_06_11_131905_create_pal_tables.php,1,0,11,NONE,,1,0,1,0,,,,9,Y,
pal_strategy_selections,2026_06_11_131905_create_pal_tables.php,1,0,5,NONE,,1,0,0,0,,,,3,Y,
pal_streak_days,2026_08_17_100000_create_pal_gamification_tables.php,1,0,9,NONE,,2,1,0,0,,,StreakDay,1,,
pal_subjects,2026_06_11_131905_create_pal_tables.php,1,0,6,NONE,,0,0,0,0,,,,7,Y,
pal_team_challenge_contributions,2026_08_17_100000_create_pal_gamification_tables.php,1,0,9,NONE,,1,1,0,0,,,TeamChallengeContribution,3,,
pal_team_challenges,2026_08_17_100000_create_pal_gamification_tables.php,1,0,29,sub_institute_id,syear(unsignedInteger),2,0,0,0,Y,N,TeamChallenge,2,,
pal_telemetry_events,2026_06_11_131905_create_pal_tables.php,1,3,13,NONE,,2,0,0,0,,,,11,Y,
pal_unified_learning_units,2026_08_13_120000_create_pal_unified_learning_units_table.php,1,0,40,NONE,,3,1,0,0,,,UnifiedLearningUnit,3,,
parent_communication,2023_03_05_115658_create_parent_communication_table.php,1,0,12,sub_institute_id,syear(integer),0,0,0,0,N,N,parentCommunication,29,,
password_resets,2014_10_12_100000_create_password_resets_table.php,1,0,3,NONE,,1,0,0,0,,,,4,Y,
payroll_types,2023_05_07_201451_create_payroll_types_table.php,1,5,13,sub_institute_id,,0,0,0,0,N,,PayrollType,8,,
period,2023_03_05_115658_create_period_table.php,1,1,15,sub_institute_id,,1,0,0,2,N,,periodModel,94,,
period_details,2025_03_26_105324_create_period_details_table.php,1,0,11,sub_institute_id,,0,0,0,0,N,,,5,Y,
personal_access_tokens,2019_12_14_000001_create_personal_access_tokens_table.php,1,0,9,NONE,,1,1,0,0,,,,2,Y,
petty_cash,2023_03_05_115658_create_petty_cash_table.php,1,0,10,sub_institute_id,,0,0,0,0,N,,PettyCashModel,23,,
petty_cash_master,2023_03_05_115658_create_petty_cash_master_table.php,1,0,3,sub_institute_id,,0,0,0,0,N,,PettyCashMasterModel,11,,
photo_video_gallary,2023_03_05_115658_create_photo_video_gallary_table.php,1,0,15,sub_institute_id,syear(integer),0,0,0,0,N,N,,8,Y,
physical_file_location,2023_03_05_115658_create_physical_file_location_table.php,1,0,8,sub_institute_id,,0,0,0,0,N,,physical_file_locationModel,10,,
place_master,2023_03_05_115658_create_place_master_table.php,1,0,6,sub_institute_id,,0,0,0,0,N,,place_masterModel,10,,
platform_notification_channels,2026_09_11_100000_create_platform_notification_channels_table.php,1,0,7,sub_institute_id,,1,1,0,0,Y,,PlatformNotificationChannel,1,,
platform_notification_preferences,2026_09_11_100100_create_platform_notification_preferences_table.php,1,0,10,sub_institute_id,,3,1,0,0,Y,,PlatformNotificationPreference,1,,
platform_scheduled_tasks,2026_09_11_100200_create_platform_scheduled_tasks_table.php,1,0,17,sub_institute_id,,3,1,0,0,Y,,PlatformScheduledTask,1,,
platform_workflows,2026_09_11_100300_create_platform_workflows_table.php,1,0,16,sub_institute_id,,3,0,0,0,Y,,PlatformWorkflow,2,,
proxy_master,2023_03_05_115658_create_proxy_master_table.php,1,0,16,sub_institute_id,syear(integer),0,0,0,5,N,N,proxyModel,8,,
ptm_booking_master,2023_03_05_115658_create_ptm_booking_master_table.php,1,0,13,sub_institute_id,,0,0,0,0,N,,ptmattenedstatusModel,9,,
ptm_time_slots_master,2023_03_05_115658_create_ptm_time_slots_master_table.php,1,0,12,sub_institute_id,syear(string),0,0,0,0,N,N,ptmtimeslotmasterModel,11,,
question_master,2023_03_05_115658_create_question_master_table.php,1,0,18,sub_institute_id,,0,0,0,3,N,,questionmasterModel,5,,
question_paper,2023_03_05_115658_create_question_paper_table.php,1,3,31,sub_institute_id,syear(integer),0,0,0,3,N,N,questionpaperModel,46,,
question_type_master,2023_03_05_115658_create_question_type_master_table.php,1,0,7,sub_institute_id,syear(integer),0,0,0,0,N,N,questiontypeModel,20,,
recommendations,2025_01_02_160147_create_recommendations_table.php,1,0,5,NONE,,0,0,0,0,,,,80,Y,
relation_table_fields,2023_03_05_115658_create_relation_table_fields_table.php,1,0,7,NONE,,0,0,0,0,,,,1,Y,
religion,2023_03_05_115658_create_religion_table.php,1,0,2,NONE,,0,0,0,0,,,religionModel,20,,
report_module,2023_03_05_115658_create_report_module_table.php,1,0,4,sub_institute_id,,0,0,0,0,N,,,5,Y,
report_module_data,2023_03_05_115658_create_report_module_data_table.php,1,0,6,sub_institute_id,,0,0,0,0,N,,,3,Y,
report_module_fields,2023_03_05_115658_create_report_module_fields_table.php,1,0,5,sub_institute_id,,0,0,0,0,N,,,2,Y,
requirement_gathering,2024_06_03_113101_create_requirement_gathering_table.php,1,0,9,sub_institute_id,,0,0,0,0,N,,requirementGathering,6,,
result_activity_group,2023_12_23_103502_create_result_activity_group_table.php,1,0,8,sub_institute_id,,0,0,0,0,N,,,8,Y,
result_activity_marks,2023_12_23_112014_create_result_activity_marks_table.php,1,2,10,sub_institute_id,syear(integer),0,0,0,0,N,N,,9,Y,
result_activity_master,2023_12_23_111645_create_result_activity_master_table.php,1,2,9,sub_institute_id,,0,0,0,0,N,,,12,Y,
result_book_master,2023_03_05_115658_create_result_book_master_table.php,1,0,6,sub_institute_id,,0,0,0,0,N,,result_book_master,17,,
result_co_scholastic,2023_03_05_115658_create_result_co_scholastic_table.php,1,1,12,sub_institute_id,,0,0,0,0,N,,co_scholastic,18,,
result_co_scholastic_grades,2023_03_05_115658_create_result_co_scholastic_grades_table.php,1,0,7,sub_institute_id,,0,0,0,0,N,,co_scholastic_grade,15,,
result_co_scholastic_marks_entries,2023_03_05_115658_create_result_co_scholastic_marks_entries_table.php,1,0,12,sub_institute_id,syear(string),0,0,0,3,N,N,co_scholastic_marks_entry,13,,
result_co_scholastic_parent,2023_03_05_115658_create_result_co_scholastic_parent_table.php,1,1,9,sub_institute_id,,0,0,0,0,N,,,19,Y,
result_co_scholatic_range,2023_09_26_121212_create_result_co_scholatic_range_table.php,1,0,10,sub_institute_id,syear(bigInteger),7,0,0,0,Y,Y,,3,Y,
result_create_exam,2023_03_05_115658_create_result_create_exam_table.php,1,0,18,sub_institute_id,syear(integer),0,0,0,6,N,N,exam_creation,33,,
result_exam_approve,2023_08_03_115659_create_result_exam_approve_table.php,1,0,12,sub_institute_id,,0,0,0,0,N,,,3,Y,
result_exam_master,2023_03_05_115658_create_result_exam_master_table.php,1,1,12,sub_institute_id(case-variant),,1,0,0,0,N,,ExamMaster,25,,
result_exam_type_master,2023_03_05_115658_create_result_exam_type_master_table.php,1,0,8,sub_institute_id(case-variant),,0,0,0,0,N,,ExamTypeMater,4,,
result_html,2023_03_05_115658_create_result_html_table.php,1,1,12,sub_institute_id,syear(integer),0,0,0,0,N,N,result_html_model,15,,
result_locks,2026_08_24_090100_create_result_locks_table.php,1,0,8,sub_institute_id,syear(string),4,1,0,0,Y,Y,ResultLock,1,,
result_marks,2023_03_05_115658_create_result_marks_table.php,1,0,11,sub_institute_id,,0,0,0,0,N,,marks_entry,35,,
result_master_confrigration,2023_03_05_115658_create_result_master_confrigration_table.php,1,0,17,sub_institute_id,syear(integer),0,0,0,0,N,N,result_master_confrigration,14,,
result_remark_masters,2023_03_05_115658_create_result_remark_masters_table.php,1,0,9,sub_institute_id,syear(string),0,0,0,0,N,N,result_remark_master,4,,
result_remarks,2024_02_20_135218_create_result_remarks_table.php,1,1,9,sub_institute_id,syear(integer),0,0,0,0,N,N,,6,Y,
result_skillset,2023_12_23_111218_create_result_skillset_table.php,1,3,11,sub_institute_id,,0,0,0,0,N,,,12,Y,
result_std_grd_maping,2023_03_05_115658_create_result_std_grd_maping_table.php,1,0,6,sub_institute_id,,0,0,0,0,N,,std_grd_maping,16,,
result_student_attendance_master,2023_03_05_115658_create_result_student_attendance_master_table.php,1,0,12,sub_institute_id,syear(string),0,0,0,2,N,N,student_attendance_master,19,,
result_sub_activity,2024_09_03_114740_create_result_sub_activity_table.php,2,0,9,sub_institute_id,,0,0,0,0,N,,,7,Y,
result_template_master,2023_09_08_145910_create_result_template_master_table.php,1,0,10,sub_institute_id,,2,0,0,0,Y,,result_template,8,,
result_trust_master,2023_03_05_115658_create_result_trust_master_table.php,1,0,12,sub_institute_id,syear(integer),0,0,0,0,N,N,result_trust_master,14,,
result_working_day_master,2023_03_05_115658_create_result_working_day_master_table.php,1,0,7,sub_institute_id,,0,0,0,0,N,,working_day_master,14,,
rightside_menumaster,2023_03_05_115658_create_rightside_menumaster_table.php,1,0,11,sub_institute_id,,0,0,0,0,N,,,5,Y,
role_responsibility,2023_12_13_151321_create_role_responsibility_table.php,1,0,6,NONE,,0,0,0,0,,,,3,Y,
room_type_master,2023_03_05_115658_create_room_type_master_table.php,1,0,6,sub_institute_id,,0,0,0,0,N,,room_type_masterModel,4,,
s2_log,2023_03_05_115658_create_s2_log_table.php,1,0,39,NONE,,0,0,0,0,,,,4,Y,
s_assessment_library,2025_02_10_145241_create_s_assessment_library_table.php,1,0,11,NONE,,0,0,0,0,,,AssessmentLibrary,2,,
s_competency_activity_log,2026_08_21_090000_create_competency_module_tables.php,1,1,12,sub_institute_id,,2,0,0,0,Y,,,8,Y,
s_competency_approvals,2026_08_24_130000_create_s_competency_approvals_table.php,1,0,16,sub_institute_id,,3,0,0,0,Y,,,2,Y,
s_competency_assessment_cycles,2026_09_06_100300_create_s_competency_assessment_cycles_table.php,1,0,15,sub_institute_id,,3,0,0,0,Y,,CompetencyAssessmentCycle,6,,
s_competency_assessments,2026_09_06_100400_create_s_competency_assessments_table.php,1,0,20,sub_institute_id,,7,0,0,0,Y,,CompetencyAssessment,9,,
s_competency_career_path_steps,2026_08_21_090300_create_competency_career_path_tables.php,1,0,13,sub_institute_id,,3,0,0,0,Y,,,1,Y,
s_competency_career_paths,2026_08_21_090300_create_competency_career_path_tables.php,1,0,14,sub_institute_id,,5,0,0,0,Y,,,3,Y,
s_competency_certification_requirements,2026_08_21_090700_create_competency_certification_requirements_table.php,1,0,20,sub_institute_id,,9,0,0,0,Y,,,4,Y,
s_competency_certifications,2026_08_21_090000_create_competency_module_tables.php,1,1,24,sub_institute_id,,11,0,0,0,Y,,,7,Y,
s_competency_development_plans,2026_08_21_090000_create_competency_module_tables.php,1,1,25,sub_institute_id,,12,0,0,0,Y,,,9,Y,
s_competency_employee_notes,2026_08_21_090100_create_competency_employee_notes_table.php,1,0,8,sub_institute_id,,2,0,0,0,Y,,,1,Y,
s_competency_evidence,2026_08_21_090200_create_competency_evidence_table.php,1,1,18,sub_institute_id,,5,0,0,0,Y,,,2,Y,
s_competency_framework_items,2026_08_24_090000_create_competency_framework_studio_tables.php,1,0,9,sub_institute_id,,4,0,0,0,Y,,,2,Y,
s_competency_framework_weights,2026_08_24_090000_create_competency_framework_studio_tables.php,1,0,11,sub_institute_id,,2,0,0,0,Y,,,2,Y,
s_competency_frameworks,2026_08_24_090000_create_competency_framework_studio_tables.php,1,0,14,sub_institute_id,,5,0,0,0,Y,,,10,Y,
s_competency_mapping_reviews,2026_08_24_090000_create_competency_framework_studio_tables.php,1,0,20,sub_institute_id,,3,0,0,0,Y,,,3,Y,
s_competency_plan_actions,2026_08_21_090400_create_competency_plan_actions_table.php,1,0,18,sub_institute_id,,8,0,0,0,Y,,,1,Y,
s_competency_settings,2026_08_24_090100_create_competency_studio_support_tables.php,1,0,10,sub_institute_id,,4,1,0,0,Y,,,2,Y,
s_invisible_library,2026_08_24_090200_create_capability_library_support_tables.php,1,0,18,sub_institute_id,,1,0,0,0,Y,,,1,Y,
s_level_responsibility,2026_08_20_090000_create_s_level_responsibility_table.php,1,0,13,NONE,,0,0,0,0,,,,2,Y,
s_library_map,2026_08_24_090200_create_capability_library_support_tables.php,1,0,10,sub_institute_id,,4,1,0,0,Y,,,2,Y,
s_mobility_applications,2026_08_18_113000_create_talent_mobility_succession_tables.php,1,0,13,sub_institute_id,,7,0,0,0,Y,,MobilityApplication,4,,
s_mobility_jobs,2026_08_18_113000_create_talent_mobility_succession_tables.php,1,0,24,sub_institute_id,,8,1,0,0,Y,,MobilityJob,4,,
s_mobility_promotions,2026_08_18_113000_create_talent_mobility_succession_tables.php,1,0,16,sub_institute_id,,6,0,0,0,Y,,MobilityPromotion,3,,
s_mobility_succession_plans,2026_08_18_113000_create_talent_mobility_succession_tables.php,1,0,14,sub_institute_id,,7,0,0,0,Y,,MobilitySuccessionPlan,3,,
s_mobility_talent_pool_members,2026_08_18_113000_create_talent_mobility_succession_tables.php,1,0,7,NONE,,3,0,0,0,,,MobilityTalentPoolMember,2,,
s_mobility_talent_pools,2026_08_18_113000_create_talent_mobility_succession_tables.php,1,0,11,sub_institute_id,,5,0,0,0,Y,,MobilityTalentPool,2,,
s_mobility_transfers,2026_08_18_113000_create_talent_mobility_succession_tables.php,1,0,18,sub_institute_id,,8,0,0,0,Y,,MobilityTransfer,4,,
s_performance_activity_log,2026_08_18_112000_create_talent_performance_tables.php,2,0,14,sub_institute_id,,14,0,0,0,Y,,PerformanceActivityLog,5,,
s_performance_appraisals,2026_08_18_112000_create_talent_performance_tables.php,2,0,25,sub_institute_id,,22,0,0,0,Y,,PerformanceAppraisal,3,,
s_performance_attachments,2026_08_18_112000_create_talent_performance_tables.php,2,0,19,sub_institute_id,,16,0,0,0,Y,,PerformanceAttachment,3,,
s_performance_bonus_awards,2026_08_18_112000_create_talent_performance_tables.php,2,0,23,sub_institute_id,,24,0,0,0,Y,,PerformanceBonusAward,5,,
s_performance_calibration_sessions,2026_08_18_112000_create_talent_performance_tables.php,2,0,18,sub_institute_id,,14,0,0,0,Y,,PerformanceCalibrationSession,4,,
s_performance_compensation_revisions,2026_08_18_112000_create_talent_performance_tables.php,2,0,24,sub_institute_id,,24,0,0,0,Y,,PerformanceCompensationRevision,5,,
s_performance_cycles,2026_08_18_112000_create_talent_performance_tables.php,1,0,22,sub_institute_id,,6,0,0,0,Y,,PerformanceCycle,10,,
s_performance_goals,2026_08_18_112000_create_talent_performance_tables.php,2,0,28,sub_institute_id,,22,0,0,0,Y,,PerformanceGoal,4,,
s_performance_notes,2026_08_18_112000_create_talent_performance_tables.php,2,0,16,sub_institute_id,,16,0,0,0,Y,,PerformanceNote,3,,
s_performance_reviews,2026_08_18_112000_create_talent_performance_tables.php,1,0,33,sub_institute_id,,13,0,0,0,Y,,PerformanceReview,16,,
s_performance_saved_views,2026_08_18_112000_create_talent_performance_tables.php,2,0,14,sub_institute_id,,12,0,0,0,Y,,PerformanceSavedView,2,,
s_proficiency_levels,2026_08_24_090100_create_competency_studio_support_tables.php,1,0,13,sub_institute_id,,7,0,0,0,Y,,,4,Y,
s_skill_knowledge_ability,2026_08_20_090200_create_s_skill_knowledge_ability_table.php,1,1,15,sub_institute_id,,6,0,1,0,Y,,,3,Y,
s_skill_matrix,2025_02_06_174323_create_s_skill_matrix_table.php,1,1,14,NONE,,3,1,0,0,,,matrix,10,,
s_user_jobrole_task,2026_08_20_090300_create_s_user_jobrole_task_table.php,1,1,17,sub_institute_id,,11,0,1,0,Y,,,6,Y,
s_user_skill_application,2026_08_24_090200_create_capability_library_support_tables.php,1,0,11,sub_institute_id,,6,0,0,0,Y,,,1,Y,
s_user_skill_jobrole,2026_08_20_090100_create_s_user_skill_jobrole_table.php,1,2,18,sub_institute_id,,7,0,2,0,Y,,,15,Y,
s_users_skills,2026_08_19_090000_create_s_users_skills_table.php,1,0,40,sub_institute_id,,13,0,0,0,Y,,,30,Y,
school_detail,2023_03_05_115658_create_school_detail_table.php,1,0,6,sub_institute_id,,0,0,0,0,N,,,4,Y,
school_sections,2023_03_05_115658_create_school_sections_table.php,1,0,6,sub_institute_id,syear(decimal),0,0,0,0,N,N,,8,Y,
school_setup,2023_03_05_115658_create_school_setup_table.php,1,1,23,client_id,syear(string),1,0,0,0,Y,N,school_setupModel;SchoolModel,212,,
semantic_intelligence,2026_06_10_000000_create_semantic_intelligence_table.php,1,3,32,sub_institute_id,,1,0,0,0,Y,,,33,Y,
sharebazar_margin,2023_10_06_112251_create_sharebazar_margin_table.php,1,1,14,NONE,,0,0,0,0,,,,4,Y,
sharebazar_pnl,2023_10_06_112413_create_sharebazar_pnl_table.php,1,1,12,NONE,,0,0,0,0,,,,4,Y,
sharebazar_position,2023_10_06_112100_create_sharebazar_position_table.php,1,1,24,client_id,,0,0,0,0,N,,,5,Y,
sms_api_details,2023_03_05_115658_create_sms_api_details_table.php,1,0,10,sub_institute_id,,1,0,0,0,Y,,manage_sms_api,6,,
sms_sent_parents,2023_03_05_115658_create_sms_sent_parents_table.php,1,0,8,sub_institute_id,syear(integer),0,0,0,1,N,N,send_sms_parents,19,,
sms_sent_staff,2023_03_05_115658_create_sms_sent_staff_table.php,1,0,8,sub_institute_id,syear(integer),0,0,0,0,N,N,,9,Y,
smtp_details,2023_03_05_115658_create_smtp_details_table.php,1,0,8,sub_institute_id,,0,0,0,0,N,,,11,Y,
sqaa_documant_master,2023_10_06_130947_create_sqaa_documant_master_table.php,1,0,6,sub_institute_id,,3,0,0,0,Y,,,5,Y,
sqaa_documents,2023_09_06_162421_create_sqaa_documents_table.php,1,0,11,sub_institute_id,,6,0,0,0,Y,,sqaa_document,7,,
sqaa_marks,2023_09_02_120344_create_sqaa_marks_table.php,1,0,7,sub_institute_id,,3,0,0,0,Y,,sqaa_mark,6,,
sqaa_master,2023_09_02_120300_create_sqaa_master_table.php,1,0,11,sub_institute_id,,7,0,0,0,Y,,sqaa_master,9,,
staff_document,2024_05_13_122517_create_staff_document_table.php,1,0,8,sub_institute_id,,0,0,0,0,N,,,11,Y,
standard,2023_03_05_115658_create_standard_table.php,1,1,14,sub_institute_id,,0,0,0,0,N,,standardModel,554,,
std_div_map,2023_03_05_115658_create_std_div_map_table.php,1,0,6,sub_institute_id,,2,0,0,0,N,,std_div_mappingModel,30,,
student_ambitions,2026_09_05_000001_create_student_ambitions_table.php,1,0,11,NONE,academic_year,2,0,0,0,,,StudentAmbition,1,,
student_anacdotal,2023_10_28_105158_create_anacdotal_table.php,1,0,13,sub_institute_id,syear(bigInteger),10,0,0,0,Y,Y,Anacdotal,3,,
student_aspirations,2026_08_26_000001_create_student_aspirations_table.php,1,0,20,NONE,academic_year,3,0,0,0,,,StudentAspiration,3,,
student_capture_attendance,2023_03_05_115658_create_student_capture_attendance_table.php,1,0,8,sub_institute_id,syear(integer),0,0,0,2,N,N,studentCaptureAttendanceModel,3,,
student_capture_photos,2023_03_05_115658_create_student_capture_photos_table.php,1,1,7,sub_institute_id,syear(integer),0,0,0,0,N,N,studentCapturePhotosModel,4,,
student_career_originality,2026_09_05_000002_create_student_career_originality_table.php,1,0,11,NONE,academic_year,2,0,0,0,,,StudentCareerOriginality,1,,
student_change_req_type,2023_03_05_115658_create_student_change_req_type_table.php,1,0,9,sub_institute_id,syear(string),0,0,0,0,N,N,studentChangeRequestTypeModel,5,,
student_change_request,2023_03_05_115658_create_student_change_request_table.php,1,1,15,sub_institute_id,syear(string),0,0,0,3,N,N,studentRequestModel,6,,
student_document_type,2023_03_05_115658_create_student_document_type_table.php,1,1,5,NONE,,0,0,0,0,,,documentTypeModel,10,,
student_health,2023_03_05_115658_create_student_health_table.php,1,1,14,sub_institute_id,syear(decimal),2,0,0,0,Y,N,studentHealthModel,14,,
student_height_weight,2023_03_05_115658_create_student_height_weight_table.php,1,0,12,sub_institute_id,syear(decimal),0,0,0,1,N,N,studentHWModel,15,,
student_infirmary,2023_03_05_115658_create_student_infirmary_table.php,1,0,17,sub_institute_id,syear(decimal),0,0,0,0,N,N,studentInfirmaryModel,10,,
student_optional_subject,2023_03_05_115658_create_student_optional_subject_table.php,1,1,6,sub_institute_id,syear(integer),0,0,0,2,N,N,student_optional_subjectModel,28,,
student_quota,2023_03_05_115658_create_student_quota_table.php,1,0,6,sub_institute_id,,0,0,0,0,N,,studentQuotaModel;tblstudentQuotaModel,83,,
student_vaccination,2023_03_05_115658_create_student_vaccination_table.php,1,0,12,sub_institute_id,syear(decimal),0,0,0,1,N,N,studentVaccinationModel,11,,
sub_std_map,2023_03_05_115658_create_sub_std_map_table.php,1,3,28,sub_institute_id,,5,0,0,0,N,,sub_std_mapModel,113,,
subject,2023_03_05_115658_create_subject_table.php,1,1,10,sub_institute_id,,1,0,0,0,Y,,subjectModel,444,,
subject_elective,2024_02_21_102837_create_subject_elective_table.php,1,0,9,sub_institute_id,syear(integer),1,0,0,0,N,N,,11,Y,
subject_optional_type,2025_03_15_111429_create_subject_optional_type_table.php,1,0,10,sub_institute_id,syear(bigInteger),0,0,0,0,N,N,,3,Y,
suggested_content,2026_04_18_113937_create_suggested_content_table.php,1,4,25,sub_institute_id,syear(bigInteger),0,0,0,0,N,N,,8,Y,
suggested_course,2026_09_05_220400_create_suggested_course_table.php,1,0,12,sub_institute_id,,1,0,0,0,Y,,SuggestedCourse,1,,
syllabus,2023_03_05_115658_create_syllabus_table.php,1,2,22,sub_institute_id,syear(integer),0,0,0,0,N,N,,32,Y,
system_audit_logs,2026_08_24_090000_create_system_audit_logs_table.php,1,0,13,sub_institute_id,,5,0,0,0,Y,,AuditLog,6,,
table_relation,2023_03_05_115658_create_table_relation_table.php,1,0,3,NONE,,0,0,0,0,,,,1,Y,
talent_evaluation_form,2026_08_18_110000_create_talent_recruitment_tables.php,1,0,18,sub_institute_id,,3,0,0,0,Y,,TalentEvaluationForm,3,,
talent_interview_panel,2026_08_18_110000_create_talent_recruitment_tables.php,1,0,13,sub_institute_id,,1,0,0,0,Y,,TalentInterviewPanel,4,,
talent_interview_schedules,2026_08_18_110000_create_talent_recruitment_tables.php,1,0,21,sub_institute_id,,5,0,0,0,Y,,TalentInterviewSchedule,8,,
talent_job_applications,2026_08_18_110000_create_talent_recruitment_tables.php,1,0,24,sub_institute_id,,4,0,0,0,Y,,TalentJobApplication,22,,
talent_job_postings,2026_08_18_110000_create_talent_recruitment_tables.php,1,0,24,sub_institute_id,,2,0,0,0,Y,,TalentJobPosting,21,,
talent_offboarding_cases,2026_08_18_114000_create_talent_offboarding_tables.php,1,0,24,sub_institute_id,,4,0,0,0,Y,,TalentOffboardingCase,7,,
talent_offer_templates,2026_08_18_110000_create_talent_recruitment_tables.php,1,0,13,sub_institute_id,,1,0,0,0,Y,,TalentOfferTemplate,2,,
talent_offers,2026_08_18_110000_create_talent_recruitment_tables.php,1,0,23,sub_institute_id,,2,0,0,0,Y,,TalentOffer,9,,
talent_onboarding_activity_log,2026_08_18_111000_create_talent_onboarding_tables.php,2,0,13,sub_institute_id,,12,0,0,0,Y,,TalentOnboardingActivityLog,3,,
talent_onboarding_documents,2026_08_18_111000_create_talent_onboarding_tables.php,1,0,22,sub_institute_id,,5,0,0,0,Y,,TalentOnboardingDocument,3,,
talent_onboarding_journey_stages,2026_08_18_111000_create_talent_onboarding_tables.php,1,0,17,sub_institute_id,,4,0,0,0,Y,,TalentOnboardingJourneyStage,3,,
talent_onboarding_journeys,2026_08_18_111000_create_talent_onboarding_tables.php,1,0,32,sub_institute_id,,15,0,0,0,Y,,TalentOnboardingJourney,9,,
talent_onboarding_notes,2026_08_18_111000_create_talent_onboarding_tables.php,1,0,12,sub_institute_id,,3,0,0,0,Y,,TalentOnboardingNote,2,,
talent_onboarding_tasks,2026_08_18_111000_create_talent_onboarding_tables.php,1,0,18,sub_institute_id,,7,0,0,0,Y,,TalentOnboardingTask,6,,
talent_screening_results,2026_08_18_110000_create_talent_recruitment_tables.php,1,0,18,sub_institute_id,,2,0,0,0,Y,,TalentScreeningResult,1,,
talent_workflow_approvers,2026_08_18_115000_create_talent_administration_tables.php,1,0,9,NONE,,1,0,0,0,,,TalentWorkflowApprover,2,,
talent_workflow_stages,2026_08_18_115000_create_talent_administration_tables.php,1,0,6,NONE,,1,0,0,0,,,TalentWorkflowStage,2,,
talent_workflows,2026_08_18_115000_create_talent_administration_tables.php,1,0,13,sub_institute_id,,3,0,0,0,Y,,TalentWorkflow,2,,
task,2023_03_05_115658_create_task_table.php,1,8,43,sub_institute_id,syear(integer),9,0,0,0,N,N,Task;taskModel,163,,
task_deadline_extensions,2026_08_20_100300_create_task_management_support_tables.php,1,0,12,sub_institute_id,,7,0,0,0,Y,,DeadlineExtension,2,,
task_management_attachment_versions,2026_08_20_100300_create_task_management_support_tables.php,1,0,11,sub_institute_id,,4,1,0,0,Y,,AttachmentVersion,2,,
task_management_audit_logs,2026_08_20_100300_create_task_management_support_tables.php,1,0,7,sub_institute_id,,5,0,0,0,Y,,AuditLog,4,,
task_management_comments,2026_08_20_100300_create_task_management_support_tables.php,1,0,7,sub_institute_id,,4,0,0,0,Y,,Comment,5,,
task_management_dependencies,2026_08_20_100200_create_task_management_dependency_tables.php,1,1,14,sub_institute_id,syear(unsignedInteger),10,1,0,0,Y,Y,TaskDependency,4,,
task_management_idempotency_keys,2026_08_20_100300_create_task_management_support_tables.php,1,0,5,sub_institute_id,,3,1,0,0,Y,,IdempotencyKey,3,,
task_management_milestones,2026_08_20_100200_create_task_management_dependency_tables.php,1,0,13,sub_institute_id,syear(unsignedInteger),7,0,0,0,Y,Y,Milestone,3,,
task_management_notifications,2026_08_20_100300_create_task_management_support_tables.php,1,0,9,sub_institute_id,,5,0,0,0,Y,,Notification,2,,
task_management_priorities,2026_08_20_100400_create_task_option_sets.php,1,0,9,sub_institute_id,,4,1,0,0,Y,,TaskPriorityOption,4,,
task_management_project_departments,2026_08_20_100900_create_task_management_project_departments_table.php,1,0,7,NONE,,4,1,1,0,,,,1,Y,
task_management_project_members,2026_08_20_100100_create_task_management_project_tables.php,1,0,9,sub_institute_id,syear(unsignedInteger),7,1,0,0,Y,Y,ProjectMember,2,,
task_management_project_tasks,2026_08_20_100100_create_task_management_project_tables.php,1,0,9,sub_institute_id,syear(unsignedInteger),7,1,0,0,Y,Y,ProjectTask,7,,
task_management_projects,2026_08_20_100100_create_task_management_project_tables.php,1,0,26,sub_institute_id,syear(unsignedInteger),12,1,0,0,Y,Y,Project,7,,
task_management_recurrences,2026_08_20_100300_create_task_management_support_tables.php,1,0,8,sub_institute_id,,3,1,0,0,Y,,Recurrence,2,,
task_management_statuses,2026_08_20_100400_create_task_option_sets.php,1,0,10,sub_institute_id,,5,1,0,0,Y,,TaskStatusOption,3,,
task_management_subtasks,2026_08_20_100300_create_task_management_support_tables.php,1,0,9,sub_institute_id,,4,0,0,0,Y,,Subtask,2,,
task_management_templates,2026_08_20_100300_create_task_management_support_tables.php,1,0,7,sub_institute_id,,2,0,0,0,Y,,Template,2,,
task_management_time_entries,2026_08_20_100300_create_task_management_support_tables.php,1,0,8,sub_institute_id,,5,0,0,0,Y,,TimeEntry,2,,
task_management_workstreams,2026_08_20_100100_create_task_management_project_tables.php,1,0,15,sub_institute_id,syear(unsignedInteger),7,0,0,0,Y,Y,Workstream,4,,
task_status_history,2026_08_20_100500_create_task_status_history.php,1,0,12,sub_institute_id,,6,0,0,0,Y,,TaskStatusHistory,2,,
tblapplications,2023_03_05_115658_create_tblapplications_table.php,1,0,5,client_id,,0,0,0,0,N,,tblapplicationModel,2,,
tblcity,2023_03_05_115658_create_tblcity_table.php,1,0,4,NONE,,1,1,0,0,,,tblcityModel,2,,
tblclient,2023_03_05_115658_create_tblclient_table.php,1,0,30,NONE,,0,0,0,0,,,tblclientModel,11,,
tblcustom_fields,2023_03_05_115658_create_tblcustom_fields_table.php,1,1,17,sub_institute_id,,0,0,0,0,N,,tblcustomfieldsModel,10,,
tblemp_skills,2024_07_02_170109_create_tblemp_skills_table.php,1,0,5,sub_institute_id,,0,0,0,0,N,,,2,Y,
tblfields_data,2023_03_05_115658_create_tblfields_data_table.php,1,0,5,NONE,,0,0,0,0,,,tblfields_dataModel,6,,
tblgroupwise_rights,2023_03_05_115658_create_tblgroupwise_rights_table.php,1,3,12,sub_institute_id,,0,0,0,0,N,,tblgroupwise_rightsModel,49,,
tblindividual_rights,2023_03_05_115658_create_tblindividual_rights_table.php,1,1,12,sub_institute_id,,0,0,0,0,N,,tblindividual_rightsModel,36,,
tblmenumaster,2023_03_05_115658_create_tblmenumaster_table.php,1,2,24,sub_institute_id,,0,0,0,0,N,,tblmenumasterModel,69,,
tblmenumaster_new,2023_03_05_115658_create_tblmenumaster_new_table.php,1,0,12,sub_institute_id,,0,0,0,0,N,,,1,Y,
tblmenumaster_old,2023_03_05_115658_create_tblmenumaster_old_table.php,1,0,12,sub_institute_id,,0,0,0,0,N,,,1,Y,
tblstate,2023_03_05_115658_create_tblstate_table.php,1,0,2,NONE,,1,1,0,0,,,tblstateModel,2,,
tblstudent,2023_03_05_115658_create_tblstudent_table.php,1,4,97,sub_institute_id,,3,1,0,0,Y,,tblstudentModel,303,,
tblstudent_bank_detail,2023_03_05_115658_create_tblstudent_bank_detail_table.php,1,1,17,sub_institute_id,,1,1,0,0,N,,tblstudentFeesDetailModel,11,,
tblstudent_bank_detail_log,2023_03_05_115658_create_tblstudent_bank_detail_log_table.php,1,0,14,sub_institute_id,,0,0,0,0,N,,,2,Y,
tblstudent_doc_std_mapping,2024_06_19_111651_create_tblstudent_doc_std_mapping_table.php,1,0,6,sub_institute_id,,0,0,0,0,N,,,4,Y,
tblstudent_document,2023_03_05_115658_create_tblstudent_document_table.php,1,0,7,sub_institute_id,,0,0,0,0,N,,tblstudentDocumentModel,10,,
tblstudent_enrollment,2023_03_05_115658_create_tblstudent_enrollment_table.php,1,2,26,sub_institute_id,syear(bigInteger),8,1,0,0,Y,Y,tblstudentEnrollmentModel,222,,
tblstudent_family_history,2023_03_05_115658_create_tblstudent_family_history_table.php,1,2,20,sub_institute_id,,0,0,0,0,N,,tblstudentFamilyHistoryModel,5,,
tblstudent_fees_failure,2023_03_05_115658_create_tblstudent_fees_failure_table.php,1,0,11,sub_institute_id,syear(integer),0,0,0,0,N,N,,4,Y,
tblstudent_parent_feedback,2023_03_05_115658_create_tblstudent_parent_feedback_table.php,1,0,10,sub_institute_id,,0,0,0,0,N,,tblstudentParentFeedbackModel,3,,
tblstudent_past_education,2023_03_05_115658_create_tblstudent_past_education_table.php,1,1,15,sub_institute_id,,0,0,0,0,N,,tblstudentPastEducationModel,5,,
tblstudent_payment_method_mapping,2023_03_05_115658_create_tblstudent_payment_method_mapping_table.php,1,0,10,sub_institute_id,syear(integer),0,0,0,0,N,N,tblstudentPaymentMethodMappingModel,5,,
tblstudent_siblings,2023_03_05_115658_create_tblstudent_siblings_table.php,1,0,5,sub_institute_id,,0,0,0,0,N,,,5,Y,
tblstudent_tc_details,2023_03_05_115658_create_tblstudent_tc_details_table.php,1,0,31,sub_institute_id,syear(string),0,0,0,0,N,N,tblstudentTcModel,6,,
tbluser,2023_03_05_115658_create_tbluser_table.php,1,13,99,sub_institute_id,,4,0,0,0,Y,,loginModel;tbluserModel,320,,
tbluser_contact_details,2025_04_18_171932_create_tbluser_contact_details_table.php,1,0,23,sub_institute_id,,0,0,0,0,N,,,3,Y,
tbluser_past_education,2023_03_05_115658_create_tbluser_past_education_table.php,1,0,14,sub_institute_id,,0,0,0,0,N,,tbluserPastEducationModel,4,,
tbluser_shift_master,2025_07_04_163547_create_tbluser_shift_master.php,1,0,11,sub_institute_id,,6,0,0,0,Y,,userShiftMaster,3,,
tbluser_shift_records,2025_07_04_164122_create_tbluser_shift_records.php,1,0,12,sub_institute_id,,6,0,0,0,Y,,userShiftRecord,3,,
tbluserprofilemaster,2023_03_05_115658_create_tbluserprofilemaster_table.php,1,1,11,sub_institute_id,,2,0,0,0,Y,,tbluserprofilemasterModel,115,,
teacher_mobile_homescreen,2023_03_05_115658_create_teacher_mobile_homescreen_table.php,1,0,21,sub_institute_id,,0,0,0,0,N,,teacher_mobile_homescreenModel,7,,
temp_signup,2023_03_05_115658_create_temp_signup_table.php,1,0,15,NONE,syear(string),0,0,0,0,,N,temp_signupModel,4,,
template_master,2023_03_05_115658_create_template_master_table.php,1,0,8,sub_institute_id,,0,0,0,0,N,,templateMasterModel,27,,
timetable,2023_03_05_115658_create_timetable_table.php,1,1,15,sub_institute_id,syear(integer),6,0,0,0,N,N,timetableModel,80,,
topic_master,2023_03_05_115658_create_topic_master_table.php,1,0,11,sub_institute_id,syear(integer),2,0,0,0,Y,N,topicModel;topicModel,37,,
transport_driver_detail,2023_03_05_115658_create_transport_driver_detail_table.php,1,1,10,sub_institute_id,,1,0,0,0,Y,,add_driver,12,,
transport_kilometer_rate,2023_03_05_115658_create_transport_kilometer_rate_table.php,1,0,11,sub_institute_id,syear(integer),0,0,0,0,N,N,add_transport_kilometer_rate;transport_rate,8,,
transport_map_student,2023_03_05_115658_create_transport_map_student_table.php,1,2,16,sub_institute_id,syear(bigInteger),4,0,0,0,N,N,map_student,25,,
transport_route,2023_03_05_115658_create_transport_route_table.php,1,0,8,sub_institute_id,syear(bigInteger),1,0,0,0,Y,N,add_route,14,,
transport_route_bus,2023_03_05_115658_create_transport_route_bus_table.php,1,0,7,sub_institute_id,syear(bigInteger),3,0,0,0,Y,N,map_route_bus,11,,
transport_route_stop,2023_03_05_115658_create_transport_route_stop_table.php,1,0,9,sub_institute_id,syear(bigInteger),3,0,0,0,Y,N,map_route_stop,8,,
transport_school_shift,2023_03_05_115658_create_transport_school_shift_table.php,1,1,5,sub_institute_id,,1,0,0,0,Y,,,18,Y,
transport_stop,2023_03_05_115658_create_transport_stop_table.php,1,0,6,sub_institute_id,syear(bigInteger),1,0,0,0,Y,N,add_stop,13,,
transport_vehicle,2023_03_05_115658_create_transport_vehicle_table.php,1,0,12,sub_institute_id,,4,0,0,0,Y,,add_vehicle,22,,
transport_vehicle_type,2023_03_05_115658_create_transport_vehicle_type_table.php,1,0,3,NONE,,0,0,0,0,,,add_vehicle_type,5,,
upload_result,2023_03_05_115658_create_upload_result_table.php,1,0,11,sub_institute_id,syear(integer),0,0,0,0,N,N,upload_result_model,12,,
user_activities,2025_01_02_155507_create_user_activities_table.php,1,0,8,sub_institute_id,,0,0,0,0,N,,userActivityModel,4,,
user_dashboard_preferences,2026_09_24_120000_create_user_dashboard_preferences_table.php,1,0,8,sub_institute_id,,1,1,0,0,Y,,,1,Y,
user_experience_details,2025_06_30_122954_create_user_experience_details_table.php,1,0,11,sub_institute_id,,0,0,0,0,N,,UserExperienceDetail,3,,
users,2023_03_05_115658_create_users_table.php,1,0,12,NONE,,1,1,0,0,,,User,91,,
visitor_master,2023_03_05_115658_create_visitor_master_table.php,1,1,22,sub_institute_id,,0,0,0,0,N,,visitor_masterModel,14,,
visitor_master_settings,2023_03_05_115658_create_visitor_master_settings_table.php,1,0,9,sub_institute_id,,0,0,0,0,N,,,2,Y,
visitor_type,2023_03_05_115658_create_visitor_type_table.php,1,0,4,sub_institute_id,,0,0,0,0,N,,visitor_typeModel,13,,
whatapp_user_details,2024_04_02_122447_create_whatapp_user_details_table.php,1,1,12,sub_institute_id,,0,0,0,0,N,,WhatappUserDetail,3,,
whatsapp_sent_messages,2024_04_08_150853_create_whatsapp_sent_messages_table.php,1,2,17,sub_institute_id,syear(integer),0,0,0,0,N,N,WhatsappSentMessage,5,,
wk_condition,2023_03_05_115658_create_wk_condition_table.php,1,0,7,NONE,,0,0,0,0,,,,2,Y,
wk_execute_schedule,2023_03_05_115658_create_wk_execute_schedule_table.php,1,0,11,sub_institute_id,,0,0,0,0,N,,,2,Y,
wk_log,2023_03_05_115658_create_wk_log_table.php,1,0,3,NONE,,1,1,0,0,,,,1,Y,
wk_mail,2023_03_05_115658_create_wk_mail_table.php,1,0,8,NONE,,0,0,0,0,,,,2,Y,
wk_main,2023_03_05_115658_create_wk_main_table.php,1,0,8,sub_institute_id,,0,0,0,0,N,,,2,Y,
wk_module,2023_03_05_115658_create_wk_module_table.php,1,0,8,NONE,,0,0,0,0,,,,2,Y,
wk_sms,2023_03_05_115658_create_wk_sms_table.php,1,0,5,NONE,,0,0,0,0,,,,2,Y,
wk_updatequery,2023_03_05_115658_create_wk_updatequery_table.php,1,0,5,NONE,,0,0,0,0,,,,2,Y,
workflow_approvals,2026_08_20_000005_create_workflow_tables.php,1,0,16,sub_institute_id,,8,0,0,0,Y,,,6,Y,
workflow_definitions,2026_08_20_000005_create_workflow_tables.php,1,0,22,sub_institute_id,,9,1,0,0,Y,,,8,Y,
workflow_outcomes,2026_08_20_000005_create_workflow_tables.php,1,0,10,sub_institute_id,,5,0,0,0,Y,,,1,Y,
workflow_runs,2026_08_20_000005_create_workflow_tables.php,1,0,28,sub_institute_id,academic_year,17,1,0,0,Y,,,12,Y,
workflow_steps,2026_08_20_000005_create_workflow_tables.php,1,0,18,NONE,,5,0,0,0,,,,4,Y,
workflow_versions,2026_08_20_000005_create_workflow_tables.php,1,0,12,NONE,,3,1,0,0,,,,3,Y,
